eachPlaylistData length: 552
download id: m4G6ceFw
outputPath: public/Video/m4G6ceFw.mp4
command: yt-dlp --verbose https://cdn.jwplayer.com/videos/m4G6ceFw-plcfVP8W.mp4 -o public/Video/m4G6ceFw.mp4
download id: m4G6ceFw
outputPath: public/Video/m4G6ceFw.jpeg
command: yt-dlp --verbose https://assets-jpcust.jwpsrv.com/thumbnails/mi5kdv9m-1920.jpg -o public/Video/m4G6ceFw.jpeg
download id: m4G6ceFw
outputPath: public/Video/m4G6ceFw.mp4
command: yt-dlp --verbose https://cdn.jwplayer.com/videos/m4G6ceFw-plcfVP8W.mp4 -o public/Video/m4G6ceFw.mp4
download id: m4G6ceFw
outputPath: public/Video/m4G6ceFw.jpeg
command: yt-dlp --verbose https://assets-jpcust.jwpsrv.com/thumbnails/mi5kdv9m-1920.jpg -o public/Video/m4G6ceFw.jpeg
download id: 1IzvhWMT
outputPath: public/Video/1IzvhWMT.mp4
command: yt-dlp --verbose https://cdn.jwplayer.com/videos/1IzvhWMT-plcfVP8W.mp4 -o public/Video/1IzvhWMT.mp4
download id: 1IzvhWMT
outputPath: public/Video/1IzvhWMT.jpeg
command: yt-dlp --verbose https://assets-jpcust.jwpsrv.com/thumbnails/pzvazx3v-1920.jpg -o public/Video/1IzvhWMT.jpeg
download id: m4G6ceFw
outputPath: public/Video/m4G6ceFw.mp4
command: yt-dlp --verbose https://cdn.jwplayer.com/videos/m4G6ceFw-plcfVP8W.mp4 -o public/Video/m4G6ceFw.mp4
download id: m4G6ceFw
outputPath: public/Video/m4G6ceFw.jpeg
command: yt-dlp --verbose https://assets-jpcust.jwpsrv.com/thumbnails/mi5kdv9m-1920.jpg -o public/Video/m4G6ceFw.jpeg
download id: 1IzvhWMT
outputPath: public/Video/1IzvhWMT.mp4
command: yt-dlp --verbose https://cdn.jwplayer.com/videos/1IzvhWMT-plcfVP8W.mp4 -o public/Video/1IzvhWMT.mp4
download id: 1IzvhWMT
outputPath: public/Video/1IzvhWMT.jpeg
command: yt-dlp --verbose https://assets-jpcust.jwpsrv.com/thumbnails/pzvazx3v-1920.jpg -o public/Video/1IzvhWMT.jpeg
download id: GC4lnrua
outputPath: public/Video/GC4lnrua.mp4
command: yt-dlp --verbose https://cdn.jwplayer.com/videos/GC4lnrua-plcfVP8W.mp4 -o public/Video/GC4lnrua.mp4
download id: GC4lnrua
outputPath: public/Video/GC4lnrua.jpeg
command: yt-dlp --verbose https://assets-jpcust.jwpsrv.com/thumbnails/w0xezvcj-1920.jpg -o public/Video/GC4lnrua.jpeg
download id: m4G6ceFw
outputPath: public/Video/m4G6ceFw.mp4
command: yt-dlp --verbose https://cdn.jwplayer.com/videos/m4G6ceFw-plcfVP8W.mp4 -o public/Video/m4G6ceFw.mp4
download id: m4G6ceFw
outputPath: public/Video/m4G6ceFw.jpeg
command: yt-dlp --verbose https://assets-jpcust.jwpsrv.com/thumbnails/mi5kdv9m-1920.jpg -o public/Video/m4G6ceFw.jpeg
download id: 1IzvhWMT
outputPath: public/Video/1IzvhWMT.mp4
command: yt-dlp --verbose https://cdn.jwplayer.com/videos/1IzvhWMT-plcfVP8W.mp4 -o public/Video/1IzvhWMT.mp4
download id: 1IzvhWMT
outputPath: public/Video/1IzvhWMT.jpeg
command: yt-dlp --verbose https://assets-jpcust.jwpsrv.com/thumbnails/pzvazx3v-1920.jpg -o public/Video/1IzvhWMT.jpeg
download id: GC4lnrua
outputPath: public/Video/GC4lnrua.mp4
command: yt-dlp --verbose https://cdn.jwplayer.com/videos/GC4lnrua-plcfVP8W.mp4 -o public/Video/GC4lnrua.mp4
download id: GC4lnrua
outputPath: public/Video/GC4lnrua.jpeg
command: yt-dlp --verbose https://assets-jpcust.jwpsrv.com/thumbnails/w0xezvcj-1920.jpg -o public/Video/GC4lnrua.jpeg
download id: PRmZEddJ
outputPath: public/Video/PRmZEddJ.mp4
command: yt-dlp --verbose https://cdn.jwplayer.com/videos/PRmZEddJ-plcfVP8W.mp4 -o public/Video/PRmZEddJ.mp4
download id: PRmZEddJ
outputPath: public/Video/PRmZEddJ.jpeg
command: yt-dlp --verbose https://assets-jpcust.jwpsrv.com/thumbnails/newym974-1920.jpg -o public/Video/PRmZEddJ.jpeg
download id: m4G6ceFw
outputPath: public/Video/m4G6ceFw.mp4
command: yt-dlp --verbose https://cdn.jwplayer.com/videos/m4G6ceFw-plcfVP8W.mp4 -o public/Video/m4G6ceFw.mp4
download id: m4G6ceFw
outputPath: public/Video/m4G6ceFw.jpeg
command: yt-dlp --verbose https://assets-jpcust.jwpsrv.com/thumbnails/mi5kdv9m-1920.jpg -o public/Video/m4G6ceFw.jpeg
download id: 1IzvhWMT
outputPath: public/Video/1IzvhWMT.mp4
command: yt-dlp --verbose https://cdn.jwplayer.com/videos/1IzvhWMT-plcfVP8W.mp4 -o public/Video/1IzvhWMT.mp4
download id: 1IzvhWMT
outputPath: public/Video/1IzvhWMT.jpeg
command: yt-dlp --verbose https://assets-jpcust.jwpsrv.com/thumbnails/pzvazx3v-1920.jpg -o public/Video/1IzvhWMT.jpeg
download id: GC4lnrua
outputPath: public/Video/GC4lnrua.mp4
command: yt-dlp --verbose https://cdn.jwplayer.com/videos/GC4lnrua-plcfVP8W.mp4 -o public/Video/GC4lnrua.mp4
download id: GC4lnrua
outputPath: public/Video/GC4lnrua.jpeg
command: yt-dlp --verbose https://assets-jpcust.jwpsrv.com/thumbnails/w0xezvcj-1920.jpg -o public/Video/GC4lnrua.jpeg
download id: PRmZEddJ
outputPath: public/Video/PRmZEddJ.mp4
command: yt-dlp --verbose https://cdn.jwplayer.com/videos/PRmZEddJ-plcfVP8W.mp4 -o public/Video/PRmZEddJ.mp4
download id: PRmZEddJ
outputPath: public/Video/PRmZEddJ.jpeg
command: yt-dlp --verbose https://assets-jpcust.jwpsrv.com/thumbnails/newym974-1920.jpg -o public/Video/PRmZEddJ.jpeg
download id: ErCBQBdA
outputPath: public/Video/ErCBQBdA.mp4
command: yt-dlp --verbose https://cdn.jwplayer.com/videos/ErCBQBdA-plcfVP8W.mp4 -o public/Video/ErCBQBdA.mp4
download id: ErCBQBdA
outputPath: public/Video/ErCBQBdA.jpeg
command: yt-dlp --verbose https://assets-jpcust.jwpsrv.com/thumbnails/5girurdf-1920.jpg -o public/Video/ErCBQBdA.jpeg
download id: m4G6ceFw
outputPath: public/Video/m4G6ceFw.mp4
command: yt-dlp --verbose https://cdn.jwplayer.com/videos/m4G6ceFw-plcfVP8W.mp4 -o public/Video/m4G6ceFw.mp4
download id: m4G6ceFw
outputPath: public/Video/m4G6ceFw.jpeg
command: yt-dlp --verbose https://assets-jpcust.jwpsrv.com/thumbnails/mi5kdv9m-1920.jpg -o public/Video/m4G6ceFw.jpeg
download id: 1IzvhWMT
outputPath: public/Video/1IzvhWMT.mp4
command: yt-dlp --verbose https://cdn.jwplayer.com/videos/1IzvhWMT-plcfVP8W.mp4 -o public/Video/1IzvhWMT.mp4
download id: 1IzvhWMT
outputPath: public/Video/1IzvhWMT.jpeg
command: yt-dlp --verbose https://assets-jpcust.jwpsrv.com/thumbnails/pzvazx3v-1920.jpg -o public/Video/1IzvhWMT.jpeg
download id: GC4lnrua
outputPath: public/Video/GC4lnrua.mp4
command: yt-dlp --verbose https://cdn.jwplayer.com/videos/GC4lnrua-plcfVP8W.mp4 -o public/Video/GC4lnrua.mp4
download id: GC4lnrua
outputPath: public/Video/GC4lnrua.jpeg
command: yt-dlp --verbose https://assets-jpcust.jwpsrv.com/thumbnails/w0xezvcj-1920.jpg -o public/Video/GC4lnrua.jpeg
download id: PRmZEddJ
outputPath: public/Video/PRmZEddJ.mp4
command: yt-dlp --verbose https://cdn.jwplayer.com/videos/PRmZEddJ-plcfVP8W.mp4 -o public/Video/PRmZEddJ.mp4
download id: PRmZEddJ
outputPath: public/Video/PRmZEddJ.jpeg
command: yt-dlp --verbose https://assets-jpcust.jwpsrv.com/thumbnails/newym974-1920.jpg -o public/Video/PRmZEddJ.jpeg
download id: ErCBQBdA
outputPath: public/Video/ErCBQBdA.mp4
command: yt-dlp --verbose https://cdn.jwplayer.com/videos/ErCBQBdA-plcfVP8W.mp4 -o public/Video/ErCBQBdA.mp4
download id: ErCBQBdA
outputPath: public/Video/ErCBQBdA.jpeg
command: yt-dlp --verbose https://assets-jpcust.jwpsrv.com/thumbnails/5girurdf-1920.jpg -o public/Video/ErCBQBdA.jpeg
download id: 6XMvq4m6
outputPath: public/Video/6XMvq4m6.mp4
command: yt-dlp --verbose https://cdn.jwplayer.com/videos/6XMvq4m6-plcfVP8W.mp4 -o public/Video/6XMvq4m6.mp4
download id: 6XMvq4m6
outputPath: public/Video/6XMvq4m6.jpeg
command: yt-dlp --verbose https://assets-jpcust.jwpsrv.com/thumbnails/eajvtm5a-1920.jpg -o public/Video/6XMvq4m6.jpeg
download id: m4G6ceFw
outputPath: public/Video/m4G6ceFw.mp4
command: yt-dlp --verbose https://cdn.jwplayer.com/videos/m4G6ceFw-plcfVP8W.mp4 -o public/Video/m4G6ceFw.mp4
download id: m4G6ceFw
outputPath: public/Video/m4G6ceFw.jpeg
command: yt-dlp --verbose https://assets-jpcust.jwpsrv.com/thumbnails/mi5kdv9m-1920.jpg -o public/Video/m4G6ceFw.jpeg
download id: 1IzvhWMT
outputPath: public/Video/1IzvhWMT.mp4
command: yt-dlp --verbose https://cdn.jwplayer.com/videos/1IzvhWMT-plcfVP8W.mp4 -o public/Video/1IzvhWMT.mp4
download id: 1IzvhWMT
outputPath: public/Video/1IzvhWMT.jpeg
command: yt-dlp --verbose https://assets-jpcust.jwpsrv.com/thumbnails/pzvazx3v-1920.jpg -o public/Video/1IzvhWMT.jpeg
download id: GC4lnrua
outputPath: public/Video/GC4lnrua.mp4
command: yt-dlp --verbose https://cdn.jwplayer.com/videos/GC4lnrua-plcfVP8W.mp4 -o public/Video/GC4lnrua.mp4
download id: GC4lnrua
outputPath: public/Video/GC4lnrua.jpeg
command: yt-dlp --verbose https://assets-jpcust.jwpsrv.com/thumbnails/w0xezvcj-1920.jpg -o public/Video/GC4lnrua.jpeg
download id: PRmZEddJ
outputPath: public/Video/PRmZEddJ.mp4
command: yt-dlp --verbose https://cdn.jwplayer.com/videos/PRmZEddJ-plcfVP8W.mp4 -o public/Video/PRmZEddJ.mp4
download id: PRmZEddJ
outputPath: public/Video/PRmZEddJ.jpeg
command: yt-dlp --verbose https://assets-jpcust.jwpsrv.com/thumbnails/newym974-1920.jpg -o public/Video/PRmZEddJ.jpeg
download id: ErCBQBdA
outputPath: public/Video/ErCBQBdA.mp4
command: yt-dlp --verbose https://cdn.jwplayer.com/videos/ErCBQBdA-plcfVP8W.mp4 -o public/Video/ErCBQBdA.mp4
download id: ErCBQBdA
outputPath: public/Video/ErCBQBdA.jpeg
command: yt-dlp --verbose https://assets-jpcust.jwpsrv.com/thumbnails/5girurdf-1920.jpg -o public/Video/ErCBQBdA.jpeg
download id: 6XMvq4m6
outputPath: public/Video/6XMvq4m6.mp4
command: yt-dlp --verbose https://cdn.jwplayer.com/videos/6XMvq4m6-plcfVP8W.mp4 -o public/Video/6XMvq4m6.mp4
download id: 6XMvq4m6
outputPath: public/Video/6XMvq4m6.jpeg
command: yt-dlp --verbose https://assets-jpcust.jwpsrv.com/thumbnails/eajvtm5a-1920.jpg -o public/Video/6XMvq4m6.jpeg
download id: EpgsvjRM
outputPath: public/Video/EpgsvjRM.mp4
command: yt-dlp --verbose https://cdn.jwplayer.com/videos/EpgsvjRM-plcfVP8W.mp4 -o public/Video/EpgsvjRM.mp4
download id: EpgsvjRM
outputPath: public/Video/EpgsvjRM.jpeg
command: yt-dlp --verbose https://assets-jpcust.jwpsrv.com/thumbnails/9m7uuuq9-1920.jpg -o public/Video/EpgsvjRM.jpeg
download id: m4G6ceFw
outputPath: public/Video/m4G6ceFw.mp4
command: yt-dlp --verbose https://cdn.jwplayer.com/videos/m4G6ceFw-plcfVP8W.mp4 -o public/Video/m4G6ceFw.mp4
download id: m4G6ceFw
outputPath: public/Video/m4G6ceFw.jpeg
command: yt-dlp --verbose https://assets-jpcust.jwpsrv.com/thumbnails/mi5kdv9m-1920.jpg -o public/Video/m4G6ceFw.jpeg
download id: 1IzvhWMT
outputPath: public/Video/1IzvhWMT.mp4
command: yt-dlp --verbose https://cdn.jwplayer.com/videos/1IzvhWMT-plcfVP8W.mp4 -o public/Video/1IzvhWMT.mp4
download id: 1IzvhWMT
outputPath: public/Video/1IzvhWMT.jpeg
command: yt-dlp --verbose https://assets-jpcust.jwpsrv.com/thumbnails/pzvazx3v-1920.jpg -o public/Video/1IzvhWMT.jpeg
download id: GC4lnrua
outputPath: public/Video/GC4lnrua.mp4
command: yt-dlp --verbose https://cdn.jwplayer.com/videos/GC4lnrua-plcfVP8W.mp4 -o public/Video/GC4lnrua.mp4
download id: GC4lnrua
outputPath: public/Video/GC4lnrua.jpeg
command: yt-dlp --verbose https://assets-jpcust.jwpsrv.com/thumbnails/w0xezvcj-1920.jpg -o public/Video/GC4lnrua.jpeg
download id: PRmZEddJ
outputPath: public/Video/PRmZEddJ.mp4
command: yt-dlp --verbose https://cdn.jwplayer.com/videos/PRmZEddJ-plcfVP8W.mp4 -o public/Video/PRmZEddJ.mp4
download id: PRmZEddJ
outputPath: public/Video/PRmZEddJ.jpeg
command: yt-dlp --verbose https://assets-jpcust.jwpsrv.com/thumbnails/newym974-1920.jpg -o public/Video/PRmZEddJ.jpeg
download id: ErCBQBdA
outputPath: public/Video/ErCBQBdA.mp4
command: yt-dlp --verbose https://cdn.jwplayer.com/videos/ErCBQBdA-plcfVP8W.mp4 -o public/Video/ErCBQBdA.mp4
download id: ErCBQBdA
outputPath: public/Video/ErCBQBdA.jpeg
command: yt-dlp --verbose https://assets-jpcust.jwpsrv.com/thumbnails/5girurdf-1920.jpg -o public/Video/ErCBQBdA.jpeg
download id: 6XMvq4m6
outputPath: public/Video/6XMvq4m6.mp4
command: yt-dlp --verbose https://cdn.jwplayer.com/videos/6XMvq4m6-plcfVP8W.mp4 -o public/Video/6XMvq4m6.mp4
download id: 6XMvq4m6
outputPath: public/Video/6XMvq4m6.jpeg
command: yt-dlp --verbose https://assets-jpcust.jwpsrv.com/thumbnails/eajvtm5a-1920.jpg -o public/Video/6XMvq4m6.jpeg
download id: EpgsvjRM
outputPath: public/Video/EpgsvjRM.mp4
command: yt-dlp --verbose https://cdn.jwplayer.com/videos/EpgsvjRM-plcfVP8W.mp4 -o public/Video/EpgsvjRM.mp4
download id: EpgsvjRM
outputPath: public/Video/EpgsvjRM.jpeg
command: yt-dlp --verbose https://assets-jpcust.jwpsrv.com/thumbnails/9m7uuuq9-1920.jpg -o public/Video/EpgsvjRM.jpeg
download id: 7z5CciPK
outputPath: public/Video/7z5CciPK.mp4
command: yt-dlp --verbose https://cdn.jwplayer.com/videos/7z5CciPK-plcfVP8W.mp4 -o public/Video/7z5CciPK.mp4
download id: 7z5CciPK
outputPath: public/Video/7z5CciPK.jpeg
command: yt-dlp --verbose https://assets-jpcust.jwpsrv.com/thumbnails/jbca3mav-1920.jpg -o public/Video/7z5CciPK.jpeg
download id: m4G6ceFw
outputPath: public/Video/m4G6ceFw.mp4
command: yt-dlp --verbose https://cdn.jwplayer.com/videos/m4G6ceFw-plcfVP8W.mp4 -o public/Video/m4G6ceFw.mp4
download id: m4G6ceFw
outputPath: public/Video/m4G6ceFw.jpeg
command: yt-dlp --verbose https://assets-jpcust.jwpsrv.com/thumbnails/mi5kdv9m-1920.jpg -o public/Video/m4G6ceFw.jpeg
download id: 1IzvhWMT
outputPath: public/Video/1IzvhWMT.mp4
command: yt-dlp --verbose https://cdn.jwplayer.com/videos/1IzvhWMT-plcfVP8W.mp4 -o public/Video/1IzvhWMT.mp4
download id: 1IzvhWMT
outputPath: public/Video/1IzvhWMT.jpeg
command: yt-dlp --verbose https://assets-jpcust.jwpsrv.com/thumbnails/pzvazx3v-1920.jpg -o public/Video/1IzvhWMT.jpeg
download id: GC4lnrua
outputPath: public/Video/GC4lnrua.mp4
command: yt-dlp --verbose https://cdn.jwplayer.com/videos/GC4lnrua-plcfVP8W.mp4 -o public/Video/GC4lnrua.mp4
download id: GC4lnrua
outputPath: public/Video/GC4lnrua.jpeg
command: yt-dlp --verbose https://assets-jpcust.jwpsrv.com/thumbnails/w0xezvcj-1920.jpg -o public/Video/GC4lnrua.jpeg
download id: PRmZEddJ
outputPath: public/Video/PRmZEddJ.mp4
command: yt-dlp --verbose https://cdn.jwplayer.com/videos/PRmZEddJ-plcfVP8W.mp4 -o public/Video/PRmZEddJ.mp4
download id: PRmZEddJ
outputPath: public/Video/PRmZEddJ.jpeg
command: yt-dlp --verbose https://assets-jpcust.jwpsrv.com/thumbnails/newym974-1920.jpg -o public/Video/PRmZEddJ.jpeg
download id: ErCBQBdA
outputPath: public/Video/ErCBQBdA.mp4
command: yt-dlp --verbose https://cdn.jwplayer.com/videos/ErCBQBdA-plcfVP8W.mp4 -o public/Video/ErCBQBdA.mp4
download id: ErCBQBdA
outputPath: public/Video/ErCBQBdA.jpeg
command: yt-dlp --verbose https://assets-jpcust.jwpsrv.com/thumbnails/5girurdf-1920.jpg -o public/Video/ErCBQBdA.jpeg
download id: 6XMvq4m6
outputPath: public/Video/6XMvq4m6.mp4
command: yt-dlp --verbose https://cdn.jwplayer.com/videos/6XMvq4m6-plcfVP8W.mp4 -o public/Video/6XMvq4m6.mp4
download id: 6XMvq4m6
outputPath: public/Video/6XMvq4m6.jpeg
command: yt-dlp --verbose https://assets-jpcust.jwpsrv.com/thumbnails/eajvtm5a-1920.jpg -o public/Video/6XMvq4m6.jpeg
download id: EpgsvjRM
outputPath: public/Video/EpgsvjRM.mp4
command: yt-dlp --verbose https://cdn.jwplayer.com/videos/EpgsvjRM-plcfVP8W.mp4 -o public/Video/EpgsvjRM.mp4
download id: EpgsvjRM
outputPath: public/Video/EpgsvjRM.jpeg
command: yt-dlp --verbose https://assets-jpcust.jwpsrv.com/thumbnails/9m7uuuq9-1920.jpg -o public/Video/EpgsvjRM.jpeg
download id: 7z5CciPK
outputPath: public/Video/7z5CciPK.mp4
command: yt-dlp --verbose https://cdn.jwplayer.com/videos/7z5CciPK-plcfVP8W.mp4 -o public/Video/7z5CciPK.mp4
download id: 7z5CciPK
outputPath: public/Video/7z5CciPK.jpeg
command: yt-dlp --verbose https://assets-jpcust.jwpsrv.com/thumbnails/jbca3mav-1920.jpg -o public/Video/7z5CciPK.jpeg
download id: IcZIQPtz
outputPath: public/Video/IcZIQPtz.mp4
command: yt-dlp --verbose https://cdn.jwplayer.com/videos/IcZIQPtz-plcfVP8W.mp4 -o public/Video/IcZIQPtz.mp4
download id: IcZIQPtz
outputPath: public/Video/IcZIQPtz.jpeg
command: yt-dlp --verbose https://assets-jpcust.jwpsrv.com/thumbnails/l6528jno-1920.jpg -o public/Video/IcZIQPtz.jpeg
download id: m4G6ceFw
outputPath: public/Video/m4G6ceFw.mp4
command: yt-dlp --verbose https://cdn.jwplayer.com/videos/m4G6ceFw-plcfVP8W.mp4 -o public/Video/m4G6ceFw.mp4
download id: m4G6ceFw
outputPath: public/Video/m4G6ceFw.jpeg
command: yt-dlp --verbose https://assets-jpcust.jwpsrv.com/thumbnails/mi5kdv9m-1920.jpg -o public/Video/m4G6ceFw.jpeg
download id: 1IzvhWMT
outputPath: public/Video/1IzvhWMT.mp4
command: yt-dlp --verbose https://cdn.jwplayer.com/videos/1IzvhWMT-plcfVP8W.mp4 -o public/Video/1IzvhWMT.mp4
download id: 1IzvhWMT
outputPath: public/Video/1IzvhWMT.jpeg
command: yt-dlp --verbose https://assets-jpcust.jwpsrv.com/thumbnails/pzvazx3v-1920.jpg -o public/Video/1IzvhWMT.jpeg
download id: GC4lnrua
outputPath: public/Video/GC4lnrua.mp4
command: yt-dlp --verbose https://cdn.jwplayer.com/videos/GC4lnrua-plcfVP8W.mp4 -o public/Video/GC4lnrua.mp4
download id: GC4lnrua
outputPath: public/Video/GC4lnrua.jpeg
command: yt-dlp --verbose https://assets-jpcust.jwpsrv.com/thumbnails/w0xezvcj-1920.jpg -o public/Video/GC4lnrua.jpeg
download id: PRmZEddJ
outputPath: public/Video/PRmZEddJ.mp4
command: yt-dlp --verbose https://cdn.jwplayer.com/videos/PRmZEddJ-plcfVP8W.mp4 -o public/Video/PRmZEddJ.mp4
download id: PRmZEddJ
outputPath: public/Video/PRmZEddJ.jpeg
command: yt-dlp --verbose https://assets-jpcust.jwpsrv.com/thumbnails/newym974-1920.jpg -o public/Video/PRmZEddJ.jpeg
download id: ErCBQBdA
outputPath: public/Video/ErCBQBdA.mp4
command: yt-dlp --verbose https://cdn.jwplayer.com/videos/ErCBQBdA-plcfVP8W.mp4 -o public/Video/ErCBQBdA.mp4
download id: ErCBQBdA
outputPath: public/Video/ErCBQBdA.jpeg
command: yt-dlp --verbose https://assets-jpcust.jwpsrv.com/thumbnails/5girurdf-1920.jpg -o public/Video/ErCBQBdA.jpeg
download id: 6XMvq4m6
outputPath: public/Video/6XMvq4m6.mp4
command: yt-dlp --verbose https://cdn.jwplayer.com/videos/6XMvq4m6-plcfVP8W.mp4 -o public/Video/6XMvq4m6.mp4
download id: 6XMvq4m6
outputPath: public/Video/6XMvq4m6.jpeg
command: yt-dlp --verbose https://assets-jpcust.jwpsrv.com/thumbnails/eajvtm5a-1920.jpg -o public/Video/6XMvq4m6.jpeg
download id: EpgsvjRM
outputPath: public/Video/EpgsvjRM.mp4
command: yt-dlp --verbose https://cdn.jwplayer.com/videos/EpgsvjRM-plcfVP8W.mp4 -o public/Video/EpgsvjRM.mp4
download id: EpgsvjRM
outputPath: public/Video/EpgsvjRM.jpeg
command: yt-dlp --verbose https://assets-jpcust.jwpsrv.com/thumbnails/9m7uuuq9-1920.jpg -o public/Video/EpgsvjRM.jpeg
download id: 7z5CciPK
outputPath: public/Video/7z5CciPK.mp4
command: yt-dlp --verbose https://cdn.jwplayer.com/videos/7z5CciPK-plcfVP8W.mp4 -o public/Video/7z5CciPK.mp4
download id: 7z5CciPK
outputPath: public/Video/7z5CciPK.jpeg
command: yt-dlp --verbose https://assets-jpcust.jwpsrv.com/thumbnails/jbca3mav-1920.jpg -o public/Video/7z5CciPK.jpeg
download id: IcZIQPtz
outputPath: public/Video/IcZIQPtz.mp4
command: yt-dlp --verbose https://cdn.jwplayer.com/videos/IcZIQPtz-plcfVP8W.mp4 -o public/Video/IcZIQPtz.mp4
download id: IcZIQPtz
outputPath: public/Video/IcZIQPtz.jpeg
command: yt-dlp --verbose https://assets-jpcust.jwpsrv.com/thumbnails/l6528jno-1920.jpg -o public/Video/IcZIQPtz.jpeg
download id: rwYUWj05
outputPath: public/Video/rwYUWj05.mp4
command: yt-dlp --verbose https://cdn.jwplayer.com/videos/rwYUWj05-plcfVP8W.mp4 -o public/Video/rwYUWj05.mp4
download id: rwYUWj05
outputPath: public/Video/rwYUWj05.jpeg
command: yt-dlp --verbose https://assets-jpcust.jwpsrv.com/thumbnails/96xspyk0-1920.jpg -o public/Video/rwYUWj05.jpeg
download id: m4G6ceFw
outputPath: public/Video/m4G6ceFw.mp4
command: yt-dlp --verbose https://cdn.jwplayer.com/videos/m4G6ceFw-plcfVP8W.mp4 -o public/Video/m4G6ceFw.mp4
download id: m4G6ceFw
outputPath: public/Video/m4G6ceFw.jpeg
command: yt-dlp --verbose https://assets-jpcust.jwpsrv.com/thumbnails/mi5kdv9m-1920.jpg -o public/Video/m4G6ceFw.jpeg
download id: 1IzvhWMT
outputPath: public/Video/1IzvhWMT.mp4
command: yt-dlp --verbose https://cdn.jwplayer.com/videos/1IzvhWMT-plcfVP8W.mp4 -o public/Video/1IzvhWMT.mp4
download id: 1IzvhWMT
outputPath: public/Video/1IzvhWMT.jpeg
command: yt-dlp --verbose https://assets-jpcust.jwpsrv.com/thumbnails/pzvazx3v-1920.jpg -o public/Video/1IzvhWMT.jpeg
download id: GC4lnrua
outputPath: public/Video/GC4lnrua.mp4
command: yt-dlp --verbose https://cdn.jwplayer.com/videos/GC4lnrua-plcfVP8W.mp4 -o public/Video/GC4lnrua.mp4
download id: GC4lnrua
outputPath: public/Video/GC4lnrua.jpeg
command: yt-dlp --verbose https://assets-jpcust.jwpsrv.com/thumbnails/w0xezvcj-1920.jpg -o public/Video/GC4lnrua.jpeg
download id: PRmZEddJ
outputPath: public/Video/PRmZEddJ.mp4
command: yt-dlp --verbose https://cdn.jwplayer.com/videos/PRmZEddJ-plcfVP8W.mp4 -o public/Video/PRmZEddJ.mp4
download id: PRmZEddJ
outputPath: public/Video/PRmZEddJ.jpeg
command: yt-dlp --verbose https://assets-jpcust.jwpsrv.com/thumbnails/newym974-1920.jpg -o public/Video/PRmZEddJ.jpeg
download id: ErCBQBdA
outputPath: public/Video/ErCBQBdA.mp4
command: yt-dlp --verbose https://cdn.jwplayer.com/videos/ErCBQBdA-plcfVP8W.mp4 -o public/Video/ErCBQBdA.mp4
download id: ErCBQBdA
outputPath: public/Video/ErCBQBdA.jpeg
command: yt-dlp --verbose https://assets-jpcust.jwpsrv.com/thumbnails/5girurdf-1920.jpg -o public/Video/ErCBQBdA.jpeg
download id: 6XMvq4m6
outputPath: public/Video/6XMvq4m6.mp4
command: yt-dlp --verbose https://cdn.jwplayer.com/videos/6XMvq4m6-plcfVP8W.mp4 -o public/Video/6XMvq4m6.mp4
download id: 6XMvq4m6
outputPath: public/Video/6XMvq4m6.jpeg
command: yt-dlp --verbose https://assets-jpcust.jwpsrv.com/thumbnails/eajvtm5a-1920.jpg -o public/Video/6XMvq4m6.jpeg
download id: EpgsvjRM
outputPath: public/Video/EpgsvjRM.mp4
command: yt-dlp --verbose https://cdn.jwplayer.com/videos/EpgsvjRM-plcfVP8W.mp4 -o public/Video/EpgsvjRM.mp4
download id: EpgsvjRM
outputPath: public/Video/EpgsvjRM.jpeg
command: yt-dlp --verbose https://assets-jpcust.jwpsrv.com/thumbnails/9m7uuuq9-1920.jpg -o public/Video/EpgsvjRM.jpeg
download id: 7z5CciPK
outputPath: public/Video/7z5CciPK.mp4
command: yt-dlp --verbose https://cdn.jwplayer.com/videos/7z5CciPK-plcfVP8W.mp4 -o public/Video/7z5CciPK.mp4
download id: 7z5CciPK
outputPath: public/Video/7z5CciPK.jpeg
command: yt-dlp --verbose https://assets-jpcust.jwpsrv.com/thumbnails/jbca3mav-1920.jpg -o public/Video/7z5CciPK.jpeg
download id: IcZIQPtz
outputPath: public/Video/IcZIQPtz.mp4
command: yt-dlp --verbose https://cdn.jwplayer.com/videos/IcZIQPtz-plcfVP8W.mp4 -o public/Video/IcZIQPtz.mp4
download id: IcZIQPtz
outputPath: public/Video/IcZIQPtz.jpeg
command: yt-dlp --verbose https://assets-jpcust.jwpsrv.com/thumbnails/l6528jno-1920.jpg -o public/Video/IcZIQPtz.jpeg
download id: rwYUWj05
outputPath: public/Video/rwYUWj05.mp4
command: yt-dlp --verbose https://cdn.jwplayer.com/videos/rwYUWj05-plcfVP8W.mp4 -o public/Video/rwYUWj05.mp4
download id: rwYUWj05
outputPath: public/Video/rwYUWj05.jpeg
command: yt-dlp --verbose https://assets-jpcust.jwpsrv.com/thumbnails/96xspyk0-1920.jpg -o public/Video/rwYUWj05.jpeg
download id: F5qs7wb7
outputPath: public/Video/F5qs7wb7.mp4
command: yt-dlp --verbose https://cdn.jwplayer.com/videos/F5qs7wb7-plcfVP8W.mp4 -o public/Video/F5qs7wb7.mp4
download id: F5qs7wb7
outputPath: public/Video/F5qs7wb7.jpeg
command: yt-dlp --verbose https://assets-jpcust.jwpsrv.com/thumbnails/umczh6tn-1920.jpg -o public/Video/F5qs7wb7.jpeg
download id: m4G6ceFw
outputPath: public/Video/m4G6ceFw.mp4
command: yt-dlp --verbose https://cdn.jwplayer.com/videos/m4G6ceFw-plcfVP8W.mp4 -o public/Video/m4G6ceFw.mp4
download id: m4G6ceFw
outputPath: public/Video/m4G6ceFw.jpeg
command: yt-dlp --verbose https://assets-jpcust.jwpsrv.com/thumbnails/mi5kdv9m-1920.jpg -o public/Video/m4G6ceFw.jpeg
download id: 1IzvhWMT
outputPath: public/Video/1IzvhWMT.mp4
command: yt-dlp --verbose https://cdn.jwplayer.com/videos/1IzvhWMT-plcfVP8W.mp4 -o public/Video/1IzvhWMT.mp4
download id: 1IzvhWMT
outputPath: public/Video/1IzvhWMT.jpeg
command: yt-dlp --verbose https://assets-jpcust.jwpsrv.com/thumbnails/pzvazx3v-1920.jpg -o public/Video/1IzvhWMT.jpeg
download id: GC4lnrua
outputPath: public/Video/GC4lnrua.mp4
command: yt-dlp --verbose https://cdn.jwplayer.com/videos/GC4lnrua-plcfVP8W.mp4 -o public/Video/GC4lnrua.mp4
download id: GC4lnrua
outputPath: public/Video/GC4lnrua.jpeg
command: yt-dlp --verbose https://assets-jpcust.jwpsrv.com/thumbnails/w0xezvcj-1920.jpg -o public/Video/GC4lnrua.jpeg
download id: PRmZEddJ
outputPath: public/Video/PRmZEddJ.mp4
command: yt-dlp --verbose https://cdn.jwplayer.com/videos/PRmZEddJ-plcfVP8W.mp4 -o public/Video/PRmZEddJ.mp4
download id: PRmZEddJ
outputPath: public/Video/PRmZEddJ.jpeg
command: yt-dlp --verbose https://assets-jpcust.jwpsrv.com/thumbnails/newym974-1920.jpg -o public/Video/PRmZEddJ.jpeg
download id: ErCBQBdA
outputPath: public/Video/ErCBQBdA.mp4
command: yt-dlp --verbose https://cdn.jwplayer.com/videos/ErCBQBdA-plcfVP8W.mp4 -o public/Video/ErCBQBdA.mp4
download id: ErCBQBdA
outputPath: public/Video/ErCBQBdA.jpeg
command: yt-dlp --verbose https://assets-jpcust.jwpsrv.com/thumbnails/5girurdf-1920.jpg -o public/Video/ErCBQBdA.jpeg
download id: 6XMvq4m6
outputPath: public/Video/6XMvq4m6.mp4
command: yt-dlp --verbose https://cdn.jwplayer.com/videos/6XMvq4m6-plcfVP8W.mp4 -o public/Video/6XMvq4m6.mp4
download id: 6XMvq4m6
outputPath: public/Video/6XMvq4m6.jpeg
command: yt-dlp --verbose https://assets-jpcust.jwpsrv.com/thumbnails/eajvtm5a-1920.jpg -o public/Video/6XMvq4m6.jpeg
download id: EpgsvjRM
outputPath: public/Video/EpgsvjRM.mp4
command: yt-dlp --verbose https://cdn.jwplayer.com/videos/EpgsvjRM-plcfVP8W.mp4 -o public/Video/EpgsvjRM.mp4
download id: EpgsvjRM
outputPath: public/Video/EpgsvjRM.jpeg
command: yt-dlp --verbose https://assets-jpcust.jwpsrv.com/thumbnails/9m7uuuq9-1920.jpg -o public/Video/EpgsvjRM.jpeg
download id: 7z5CciPK
outputPath: public/Video/7z5CciPK.mp4
command: yt-dlp --verbose https://cdn.jwplayer.com/videos/7z5CciPK-plcfVP8W.mp4 -o public/Video/7z5CciPK.mp4
download id: 7z5CciPK
outputPath: public/Video/7z5CciPK.jpeg
command: yt-dlp --verbose https://assets-jpcust.jwpsrv.com/thumbnails/jbca3mav-1920.jpg -o public/Video/7z5CciPK.jpeg
download id: IcZIQPtz
outputPath: public/Video/IcZIQPtz.mp4
command: yt-dlp --verbose https://cdn.jwplayer.com/videos/IcZIQPtz-plcfVP8W.mp4 -o public/Video/IcZIQPtz.mp4
download id: IcZIQPtz
outputPath: public/Video/IcZIQPtz.jpeg
command: yt-dlp --verbose https://assets-jpcust.jwpsrv.com/thumbnails/l6528jno-1920.jpg -o public/Video/IcZIQPtz.jpeg
download id: rwYUWj05
outputPath: public/Video/rwYUWj05.mp4
command: yt-dlp --verbose https://cdn.jwplayer.com/videos/rwYUWj05-plcfVP8W.mp4 -o public/Video/rwYUWj05.mp4
download id: rwYUWj05
outputPath: public/Video/rwYUWj05.jpeg
command: yt-dlp --verbose https://assets-jpcust.jwpsrv.com/thumbnails/96xspyk0-1920.jpg -o public/Video/rwYUWj05.jpeg
download id: F5qs7wb7
outputPath: public/Video/F5qs7wb7.mp4
command: yt-dlp --verbose https://cdn.jwplayer.com/videos/F5qs7wb7-plcfVP8W.mp4 -o public/Video/F5qs7wb7.mp4
download id: F5qs7wb7
outputPath: public/Video/F5qs7wb7.jpeg
command: yt-dlp --verbose https://assets-jpcust.jwpsrv.com/thumbnails/umczh6tn-1920.jpg -o public/Video/F5qs7wb7.jpeg
download id: xkgxlY1s
outputPath: public/Video/xkgxlY1s.mp4
command: yt-dlp --verbose https://cdn.jwplayer.com/videos/xkgxlY1s-plcfVP8W.mp4 -o public/Video/xkgxlY1s.mp4
download id: xkgxlY1s
outputPath: public/Video/xkgxlY1s.jpeg
command: yt-dlp --verbose https://assets-jpcust.jwpsrv.com/thumbnails/5tn8ybjw-1920.jpg -o public/Video/xkgxlY1s.jpeg
download id: m4G6ceFw
outputPath: public/Video/m4G6ceFw.mp4
command: yt-dlp --verbose https://cdn.jwplayer.com/videos/m4G6ceFw-plcfVP8W.mp4 -o public/Video/m4G6ceFw.mp4
download id: m4G6ceFw
outputPath: public/Video/m4G6ceFw.jpeg
command: yt-dlp --verbose https://assets-jpcust.jwpsrv.com/thumbnails/mi5kdv9m-1920.jpg -o public/Video/m4G6ceFw.jpeg
download id: 1IzvhWMT
outputPath: public/Video/1IzvhWMT.mp4
command: yt-dlp --verbose https://cdn.jwplayer.com/videos/1IzvhWMT-plcfVP8W.mp4 -o public/Video/1IzvhWMT.mp4
download id: 1IzvhWMT
outputPath: public/Video/1IzvhWMT.jpeg
command: yt-dlp --verbose https://assets-jpcust.jwpsrv.com/thumbnails/pzvazx3v-1920.jpg -o public/Video/1IzvhWMT.jpeg
download id: GC4lnrua
outputPath: public/Video/GC4lnrua.mp4
command: yt-dlp --verbose https://cdn.jwplayer.com/videos/GC4lnrua-plcfVP8W.mp4 -o public/Video/GC4lnrua.mp4
download id: GC4lnrua
outputPath: public/Video/GC4lnrua.jpeg
command: yt-dlp --verbose https://assets-jpcust.jwpsrv.com/thumbnails/w0xezvcj-1920.jpg -o public/Video/GC4lnrua.jpeg
download id: PRmZEddJ
outputPath: public/Video/PRmZEddJ.mp4
command: yt-dlp --verbose https://cdn.jwplayer.com/videos/PRmZEddJ-plcfVP8W.mp4 -o public/Video/PRmZEddJ.mp4
download id: PRmZEddJ
outputPath: public/Video/PRmZEddJ.jpeg
command: yt-dlp --verbose https://assets-jpcust.jwpsrv.com/thumbnails/newym974-1920.jpg -o public/Video/PRmZEddJ.jpeg
download id: ErCBQBdA
outputPath: public/Video/ErCBQBdA.mp4
command: yt-dlp --verbose https://cdn.jwplayer.com/videos/ErCBQBdA-plcfVP8W.mp4 -o public/Video/ErCBQBdA.mp4
download id: ErCBQBdA
outputPath: public/Video/ErCBQBdA.jpeg
command: yt-dlp --verbose https://assets-jpcust.jwpsrv.com/thumbnails/5girurdf-1920.jpg -o public/Video/ErCBQBdA.jpeg
download id: 6XMvq4m6
outputPath: public/Video/6XMvq4m6.mp4
command: yt-dlp --verbose https://cdn.jwplayer.com/videos/6XMvq4m6-plcfVP8W.mp4 -o public/Video/6XMvq4m6.mp4
download id: 6XMvq4m6
outputPath: public/Video/6XMvq4m6.jpeg
command: yt-dlp --verbose https://assets-jpcust.jwpsrv.com/thumbnails/eajvtm5a-1920.jpg -o public/Video/6XMvq4m6.jpeg
download id: EpgsvjRM
outputPath: public/Video/EpgsvjRM.mp4
command: yt-dlp --verbose https://cdn.jwplayer.com/videos/EpgsvjRM-plcfVP8W.mp4 -o public/Video/EpgsvjRM.mp4
download id: EpgsvjRM
outputPath: public/Video/EpgsvjRM.jpeg
command: yt-dlp --verbose https://assets-jpcust.jwpsrv.com/thumbnails/9m7uuuq9-1920.jpg -o public/Video/EpgsvjRM.jpeg
download id: 7z5CciPK
outputPath: public/Video/7z5CciPK.mp4
command: yt-dlp --verbose https://cdn.jwplayer.com/videos/7z5CciPK-plcfVP8W.mp4 -o public/Video/7z5CciPK.mp4
download id: 7z5CciPK
outputPath: public/Video/7z5CciPK.jpeg
command: yt-dlp --verbose https://assets-jpcust.jwpsrv.com/thumbnails/jbca3mav-1920.jpg -o public/Video/7z5CciPK.jpeg
download id: IcZIQPtz
outputPath: public/Video/IcZIQPtz.mp4
command: yt-dlp --verbose https://cdn.jwplayer.com/videos/IcZIQPtz-plcfVP8W.mp4 -o public/Video/IcZIQPtz.mp4
download id: IcZIQPtz
outputPath: public/Video/IcZIQPtz.jpeg
command: yt-dlp --verbose https://assets-jpcust.jwpsrv.com/thumbnails/l6528jno-1920.jpg -o public/Video/IcZIQPtz.jpeg
download id: rwYUWj05
outputPath: public/Video/rwYUWj05.mp4
command: yt-dlp --verbose https://cdn.jwplayer.com/videos/rwYUWj05-plcfVP8W.mp4 -o public/Video/rwYUWj05.mp4
download id: rwYUWj05
outputPath: public/Video/rwYUWj05.jpeg
command: yt-dlp --verbose https://assets-jpcust.jwpsrv.com/thumbnails/96xspyk0-1920.jpg -o public/Video/rwYUWj05.jpeg
download id: F5qs7wb7
outputPath: public/Video/F5qs7wb7.mp4
command: yt-dlp --verbose https://cdn.jwplayer.com/videos/F5qs7wb7-plcfVP8W.mp4 -o public/Video/F5qs7wb7.mp4
download id: F5qs7wb7
outputPath: public/Video/F5qs7wb7.jpeg
command: yt-dlp --verbose https://assets-jpcust.jwpsrv.com/thumbnails/umczh6tn-1920.jpg -o public/Video/F5qs7wb7.jpeg
download id: xkgxlY1s
outputPath: public/Video/xkgxlY1s.mp4
command: yt-dlp --verbose https://cdn.jwplayer.com/videos/xkgxlY1s-plcfVP8W.mp4 -o public/Video/xkgxlY1s.mp4
download id: xkgxlY1s
outputPath: public/Video/xkgxlY1s.jpeg
command: yt-dlp --verbose https://assets-jpcust.jwpsrv.com/thumbnails/5tn8ybjw-1920.jpg -o public/Video/xkgxlY1s.jpeg
download id: 9bqmDdjH
outputPath: public/Video/9bqmDdjH.mp4
command: yt-dlp --verbose https://cdn.jwplayer.com/videos/9bqmDdjH-plcfVP8W.mp4 -o public/Video/9bqmDdjH.mp4
download id: 9bqmDdjH
outputPath: public/Video/9bqmDdjH.jpeg
command: yt-dlp --verbose https://assets-jpcust.jwpsrv.com/thumbnails/l157b04t-1920.jpg -o public/Video/9bqmDdjH.jpeg
download id: m4G6ceFw
outputPath: public/Video/m4G6ceFw.mp4
command: yt-dlp --verbose https://cdn.jwplayer.com/videos/m4G6ceFw-plcfVP8W.mp4 -o public/Video/m4G6ceFw.mp4
download id: m4G6ceFw
outputPath: public/Video/m4G6ceFw.jpeg
command: yt-dlp --verbose https://assets-jpcust.jwpsrv.com/thumbnails/mi5kdv9m-1920.jpg -o public/Video/m4G6ceFw.jpeg
download id: 1IzvhWMT
outputPath: public/Video/1IzvhWMT.mp4
command: yt-dlp --verbose https://cdn.jwplayer.com/videos/1IzvhWMT-plcfVP8W.mp4 -o public/Video/1IzvhWMT.mp4
download id: 1IzvhWMT
outputPath: public/Video/1IzvhWMT.jpeg
command: yt-dlp --verbose https://assets-jpcust.jwpsrv.com/thumbnails/pzvazx3v-1920.jpg -o public/Video/1IzvhWMT.jpeg
download id: GC4lnrua
outputPath: public/Video/GC4lnrua.mp4
command: yt-dlp --verbose https://cdn.jwplayer.com/videos/GC4lnrua-plcfVP8W.mp4 -o public/Video/GC4lnrua.mp4
download id: GC4lnrua
outputPath: public/Video/GC4lnrua.jpeg
command: yt-dlp --verbose https://assets-jpcust.jwpsrv.com/thumbnails/w0xezvcj-1920.jpg -o public/Video/GC4lnrua.jpeg
download id: PRmZEddJ
outputPath: public/Video/PRmZEddJ.mp4
command: yt-dlp --verbose https://cdn.jwplayer.com/videos/PRmZEddJ-plcfVP8W.mp4 -o public/Video/PRmZEddJ.mp4
download id: PRmZEddJ
outputPath: public/Video/PRmZEddJ.jpeg
command: yt-dlp --verbose https://assets-jpcust.jwpsrv.com/thumbnails/newym974-1920.jpg -o public/Video/PRmZEddJ.jpeg
download id: ErCBQBdA
outputPath: public/Video/ErCBQBdA.mp4
command: yt-dlp --verbose https://cdn.jwplayer.com/videos/ErCBQBdA-plcfVP8W.mp4 -o public/Video/ErCBQBdA.mp4
download id: ErCBQBdA
outputPath: public/Video/ErCBQBdA.jpeg
command: yt-dlp --verbose https://assets-jpcust.jwpsrv.com/thumbnails/5girurdf-1920.jpg -o public/Video/ErCBQBdA.jpeg
download id: 6XMvq4m6
outputPath: public/Video/6XMvq4m6.mp4
command: yt-dlp --verbose https://cdn.jwplayer.com/videos/6XMvq4m6-plcfVP8W.mp4 -o public/Video/6XMvq4m6.mp4
download id: 6XMvq4m6
outputPath: public/Video/6XMvq4m6.jpeg
command: yt-dlp --verbose https://assets-jpcust.jwpsrv.com/thumbnails/eajvtm5a-1920.jpg -o public/Video/6XMvq4m6.jpeg
download id: EpgsvjRM
outputPath: public/Video/EpgsvjRM.mp4
command: yt-dlp --verbose https://cdn.jwplayer.com/videos/EpgsvjRM-plcfVP8W.mp4 -o public/Video/EpgsvjRM.mp4
download id: EpgsvjRM
outputPath: public/Video/EpgsvjRM.jpeg
command: yt-dlp --verbose https://assets-jpcust.jwpsrv.com/thumbnails/9m7uuuq9-1920.jpg -o public/Video/EpgsvjRM.jpeg
download id: 7z5CciPK
outputPath: public/Video/7z5CciPK.mp4
command: yt-dlp --verbose https://cdn.jwplayer.com/videos/7z5CciPK-plcfVP8W.mp4 -o public/Video/7z5CciPK.mp4
download id: 7z5CciPK
outputPath: public/Video/7z5CciPK.jpeg
command: yt-dlp --verbose https://assets-jpcust.jwpsrv.com/thumbnails/jbca3mav-1920.jpg -o public/Video/7z5CciPK.jpeg
download id: IcZIQPtz
outputPath: public/Video/IcZIQPtz.mp4
command: yt-dlp --verbose https://cdn.jwplayer.com/videos/IcZIQPtz-plcfVP8W.mp4 -o public/Video/IcZIQPtz.mp4
download id: IcZIQPtz
outputPath: public/Video/IcZIQPtz.jpeg
command: yt-dlp --verbose https://assets-jpcust.jwpsrv.com/thumbnails/l6528jno-1920.jpg -o public/Video/IcZIQPtz.jpeg
download id: rwYUWj05
outputPath: public/Video/rwYUWj05.mp4
command: yt-dlp --verbose https://cdn.jwplayer.com/videos/rwYUWj05-plcfVP8W.mp4 -o public/Video/rwYUWj05.mp4
download id: rwYUWj05
outputPath: public/Video/rwYUWj05.jpeg
command: yt-dlp --verbose https://assets-jpcust.jwpsrv.com/thumbnails/96xspyk0-1920.jpg -o public/Video/rwYUWj05.jpeg
download id: F5qs7wb7
outputPath: public/Video/F5qs7wb7.mp4
command: yt-dlp --verbose https://cdn.jwplayer.com/videos/F5qs7wb7-plcfVP8W.mp4 -o public/Video/F5qs7wb7.mp4
download id: F5qs7wb7
outputPath: public/Video/F5qs7wb7.jpeg
command: yt-dlp --verbose https://assets-jpcust.jwpsrv.com/thumbnails/umczh6tn-1920.jpg -o public/Video/F5qs7wb7.jpeg
download id: xkgxlY1s
outputPath: public/Video/xkgxlY1s.mp4
command: yt-dlp --verbose https://cdn.jwplayer.com/videos/xkgxlY1s-plcfVP8W.mp4 -o public/Video/xkgxlY1s.mp4
download id: xkgxlY1s
outputPath: public/Video/xkgxlY1s.jpeg
command: yt-dlp --verbose https://assets-jpcust.jwpsrv.com/thumbnails/5tn8ybjw-1920.jpg -o public/Video/xkgxlY1s.jpeg
download id: 9bqmDdjH
outputPath: public/Video/9bqmDdjH.mp4
command: yt-dlp --verbose https://cdn.jwplayer.com/videos/9bqmDdjH-plcfVP8W.mp4 -o public/Video/9bqmDdjH.mp4
download id: 9bqmDdjH
outputPath: public/Video/9bqmDdjH.jpeg
command: yt-dlp --verbose https://assets-jpcust.jwpsrv.com/thumbnails/l157b04t-1920.jpg -o public/Video/9bqmDdjH.jpeg
download id: fEUvHS01
outputPath: public/Video/fEUvHS01.mp4
command: yt-dlp --verbose https://cdn.jwplayer.com/videos/fEUvHS01-plcfVP8W.mp4 -o public/Video/fEUvHS01.mp4
download id: fEUvHS01
outputPath: public/Video/fEUvHS01.jpeg
command: yt-dlp --verbose https://assets-jpcust.jwpsrv.com/thumbnails/a1aemlo6-1920.jpg -o public/Video/fEUvHS01.jpeg
download id: m4G6ceFw
outputPath: public/Video/m4G6ceFw.mp4
command: yt-dlp --verbose https://cdn.jwplayer.com/videos/m4G6ceFw-plcfVP8W.mp4 -o public/Video/m4G6ceFw.mp4
download id: m4G6ceFw
outputPath: public/Video/m4G6ceFw.jpeg
command: yt-dlp --verbose https://assets-jpcust.jwpsrv.com/thumbnails/mi5kdv9m-1920.jpg -o public/Video/m4G6ceFw.jpeg
download id: 1IzvhWMT
outputPath: public/Video/1IzvhWMT.mp4
command: yt-dlp --verbose https://cdn.jwplayer.com/videos/1IzvhWMT-plcfVP8W.mp4 -o public/Video/1IzvhWMT.mp4
download id: 1IzvhWMT
outputPath: public/Video/1IzvhWMT.jpeg
command: yt-dlp --verbose https://assets-jpcust.jwpsrv.com/thumbnails/pzvazx3v-1920.jpg -o public/Video/1IzvhWMT.jpeg
download id: GC4lnrua
outputPath: public/Video/GC4lnrua.mp4
command: yt-dlp --verbose https://cdn.jwplayer.com/videos/GC4lnrua-plcfVP8W.mp4 -o public/Video/GC4lnrua.mp4
download id: GC4lnrua
outputPath: public/Video/GC4lnrua.jpeg
command: yt-dlp --verbose https://assets-jpcust.jwpsrv.com/thumbnails/w0xezvcj-1920.jpg -o public/Video/GC4lnrua.jpeg
download id: PRmZEddJ
outputPath: public/Video/PRmZEddJ.mp4
command: yt-dlp --verbose https://cdn.jwplayer.com/videos/PRmZEddJ-plcfVP8W.mp4 -o public/Video/PRmZEddJ.mp4
download id: PRmZEddJ
outputPath: public/Video/PRmZEddJ.jpeg
command: yt-dlp --verbose https://assets-jpcust.jwpsrv.com/thumbnails/newym974-1920.jpg -o public/Video/PRmZEddJ.jpeg
download id: ErCBQBdA
outputPath: public/Video/ErCBQBdA.mp4
command: yt-dlp --verbose https://cdn.jwplayer.com/videos/ErCBQBdA-plcfVP8W.mp4 -o public/Video/ErCBQBdA.mp4
download id: ErCBQBdA
outputPath: public/Video/ErCBQBdA.jpeg
command: yt-dlp --verbose https://assets-jpcust.jwpsrv.com/thumbnails/5girurdf-1920.jpg -o public/Video/ErCBQBdA.jpeg
download id: 6XMvq4m6
outputPath: public/Video/6XMvq4m6.mp4
command: yt-dlp --verbose https://cdn.jwplayer.com/videos/6XMvq4m6-plcfVP8W.mp4 -o public/Video/6XMvq4m6.mp4
download id: 6XMvq4m6
outputPath: public/Video/6XMvq4m6.jpeg
command: yt-dlp --verbose https://assets-jpcust.jwpsrv.com/thumbnails/eajvtm5a-1920.jpg -o public/Video/6XMvq4m6.jpeg
download id: EpgsvjRM
outputPath: public/Video/EpgsvjRM.mp4
command: yt-dlp --verbose https://cdn.jwplayer.com/videos/EpgsvjRM-plcfVP8W.mp4 -o public/Video/EpgsvjRM.mp4
download id: EpgsvjRM
outputPath: public/Video/EpgsvjRM.jpeg
command: yt-dlp --verbose https://assets-jpcust.jwpsrv.com/thumbnails/9m7uuuq9-1920.jpg -o public/Video/EpgsvjRM.jpeg
download id: 7z5CciPK
outputPath: public/Video/7z5CciPK.mp4
command: yt-dlp --verbose https://cdn.jwplayer.com/videos/7z5CciPK-plcfVP8W.mp4 -o public/Video/7z5CciPK.mp4
download id: 7z5CciPK
outputPath: public/Video/7z5CciPK.jpeg
command: yt-dlp --verbose https://assets-jpcust.jwpsrv.com/thumbnails/jbca3mav-1920.jpg -o public/Video/7z5CciPK.jpeg
download id: IcZIQPtz
outputPath: public/Video/IcZIQPtz.mp4
command: yt-dlp --verbose https://cdn.jwplayer.com/videos/IcZIQPtz-plcfVP8W.mp4 -o public/Video/IcZIQPtz.mp4
download id: IcZIQPtz
outputPath: public/Video/IcZIQPtz.jpeg
command: yt-dlp --verbose https://assets-jpcust.jwpsrv.com/thumbnails/l6528jno-1920.jpg -o public/Video/IcZIQPtz.jpeg
download id: rwYUWj05
outputPath: public/Video/rwYUWj05.mp4
command: yt-dlp --verbose https://cdn.jwplayer.com/videos/rwYUWj05-plcfVP8W.mp4 -o public/Video/rwYUWj05.mp4
download id: rwYUWj05
outputPath: public/Video/rwYUWj05.jpeg
command: yt-dlp --verbose https://assets-jpcust.jwpsrv.com/thumbnails/96xspyk0-1920.jpg -o public/Video/rwYUWj05.jpeg
download id: F5qs7wb7
outputPath: public/Video/F5qs7wb7.mp4
command: yt-dlp --verbose https://cdn.jwplayer.com/videos/F5qs7wb7-plcfVP8W.mp4 -o public/Video/F5qs7wb7.mp4
download id: F5qs7wb7
outputPath: public/Video/F5qs7wb7.jpeg
command: yt-dlp --verbose https://assets-jpcust.jwpsrv.com/thumbnails/umczh6tn-1920.jpg -o public/Video/F5qs7wb7.jpeg
download id: xkgxlY1s
outputPath: public/Video/xkgxlY1s.mp4
command: yt-dlp --verbose https://cdn.jwplayer.com/videos/xkgxlY1s-plcfVP8W.mp4 -o public/Video/xkgxlY1s.mp4
download id: xkgxlY1s
outputPath: public/Video/xkgxlY1s.jpeg
command: yt-dlp --verbose https://assets-jpcust.jwpsrv.com/thumbnails/5tn8ybjw-1920.jpg -o public/Video/xkgxlY1s.jpeg
download id: 9bqmDdjH
outputPath: public/Video/9bqmDdjH.mp4
command: yt-dlp --verbose https://cdn.jwplayer.com/videos/9bqmDdjH-plcfVP8W.mp4 -o public/Video/9bqmDdjH.mp4
download id: 9bqmDdjH
outputPath: public/Video/9bqmDdjH.jpeg
command: yt-dlp --verbose https://assets-jpcust.jwpsrv.com/thumbnails/l157b04t-1920.jpg -o public/Video/9bqmDdjH.jpeg
download id: fEUvHS01
outputPath: public/Video/fEUvHS01.mp4
command: yt-dlp --verbose https://cdn.jwplayer.com/videos/fEUvHS01-plcfVP8W.mp4 -o public/Video/fEUvHS01.mp4
download id: fEUvHS01
outputPath: public/Video/fEUvHS01.jpeg
command: yt-dlp --verbose https://assets-jpcust.jwpsrv.com/thumbnails/a1aemlo6-1920.jpg -o public/Video/fEUvHS01.jpeg
download id: 55fWSFZl
outputPath: public/Video/55fWSFZl.mp4
command: yt-dlp --verbose https://cdn.jwplayer.com/videos/55fWSFZl-plcfVP8W.mp4 -o public/Video/55fWSFZl.mp4
download id: 55fWSFZl
outputPath: public/Video/55fWSFZl.jpeg
command: yt-dlp --verbose https://assets-jpcust.jwpsrv.com/thumbnails/tbmc49t9-1920.jpg -o public/Video/55fWSFZl.jpeg
download id: m4G6ceFw
outputPath: public/Video/m4G6ceFw.mp4
command: yt-dlp --verbose https://cdn.jwplayer.com/videos/m4G6ceFw-plcfVP8W.mp4 -o public/Video/m4G6ceFw.mp4
download id: m4G6ceFw
outputPath: public/Video/m4G6ceFw.jpeg
command: yt-dlp --verbose https://assets-jpcust.jwpsrv.com/thumbnails/mi5kdv9m-1920.jpg -o public/Video/m4G6ceFw.jpeg
download id: 1IzvhWMT
outputPath: public/Video/1IzvhWMT.mp4
command: yt-dlp --verbose https://cdn.jwplayer.com/videos/1IzvhWMT-plcfVP8W.mp4 -o public/Video/1IzvhWMT.mp4
download id: 1IzvhWMT
outputPath: public/Video/1IzvhWMT.jpeg
command: yt-dlp --verbose https://assets-jpcust.jwpsrv.com/thumbnails/pzvazx3v-1920.jpg -o public/Video/1IzvhWMT.jpeg
download id: GC4lnrua
outputPath: public/Video/GC4lnrua.mp4
command: yt-dlp --verbose https://cdn.jwplayer.com/videos/GC4lnrua-plcfVP8W.mp4 -o public/Video/GC4lnrua.mp4
download id: GC4lnrua
outputPath: public/Video/GC4lnrua.jpeg
command: yt-dlp --verbose https://assets-jpcust.jwpsrv.com/thumbnails/w0xezvcj-1920.jpg -o public/Video/GC4lnrua.jpeg
download id: PRmZEddJ
outputPath: public/Video/PRmZEddJ.mp4
command: yt-dlp --verbose https://cdn.jwplayer.com/videos/PRmZEddJ-plcfVP8W.mp4 -o public/Video/PRmZEddJ.mp4
download id: PRmZEddJ
outputPath: public/Video/PRmZEddJ.jpeg
command: yt-dlp --verbose https://assets-jpcust.jwpsrv.com/thumbnails/newym974-1920.jpg -o public/Video/PRmZEddJ.jpeg
download id: ErCBQBdA
outputPath: public/Video/ErCBQBdA.mp4
command: yt-dlp --verbose https://cdn.jwplayer.com/videos/ErCBQBdA-plcfVP8W.mp4 -o public/Video/ErCBQBdA.mp4
download id: ErCBQBdA
outputPath: public/Video/ErCBQBdA.jpeg
command: yt-dlp --verbose https://assets-jpcust.jwpsrv.com/thumbnails/5girurdf-1920.jpg -o public/Video/ErCBQBdA.jpeg
download id: 6XMvq4m6
outputPath: public/Video/6XMvq4m6.mp4
command: yt-dlp --verbose https://cdn.jwplayer.com/videos/6XMvq4m6-plcfVP8W.mp4 -o public/Video/6XMvq4m6.mp4
download id: 6XMvq4m6
outputPath: public/Video/6XMvq4m6.jpeg
command: yt-dlp --verbose https://assets-jpcust.jwpsrv.com/thumbnails/eajvtm5a-1920.jpg -o public/Video/6XMvq4m6.jpeg
download id: EpgsvjRM
outputPath: public/Video/EpgsvjRM.mp4
command: yt-dlp --verbose https://cdn.jwplayer.com/videos/EpgsvjRM-plcfVP8W.mp4 -o public/Video/EpgsvjRM.mp4
download id: EpgsvjRM
outputPath: public/Video/EpgsvjRM.jpeg
command: yt-dlp --verbose https://assets-jpcust.jwpsrv.com/thumbnails/9m7uuuq9-1920.jpg -o public/Video/EpgsvjRM.jpeg
download id: 7z5CciPK
outputPath: public/Video/7z5CciPK.mp4
command: yt-dlp --verbose https://cdn.jwplayer.com/videos/7z5CciPK-plcfVP8W.mp4 -o public/Video/7z5CciPK.mp4
download id: 7z5CciPK
outputPath: public/Video/7z5CciPK.jpeg
command: yt-dlp --verbose https://assets-jpcust.jwpsrv.com/thumbnails/jbca3mav-1920.jpg -o public/Video/7z5CciPK.jpeg
download id: IcZIQPtz
outputPath: public/Video/IcZIQPtz.mp4
command: yt-dlp --verbose https://cdn.jwplayer.com/videos/IcZIQPtz-plcfVP8W.mp4 -o public/Video/IcZIQPtz.mp4
download id: IcZIQPtz
outputPath: public/Video/IcZIQPtz.jpeg
command: yt-dlp --verbose https://assets-jpcust.jwpsrv.com/thumbnails/l6528jno-1920.jpg -o public/Video/IcZIQPtz.jpeg
download id: rwYUWj05
outputPath: public/Video/rwYUWj05.mp4
command: yt-dlp --verbose https://cdn.jwplayer.com/videos/rwYUWj05-plcfVP8W.mp4 -o public/Video/rwYUWj05.mp4
download id: rwYUWj05
outputPath: public/Video/rwYUWj05.jpeg
command: yt-dlp --verbose https://assets-jpcust.jwpsrv.com/thumbnails/96xspyk0-1920.jpg -o public/Video/rwYUWj05.jpeg
download id: F5qs7wb7
outputPath: public/Video/F5qs7wb7.mp4
command: yt-dlp --verbose https://cdn.jwplayer.com/videos/F5qs7wb7-plcfVP8W.mp4 -o public/Video/F5qs7wb7.mp4
download id: F5qs7wb7
outputPath: public/Video/F5qs7wb7.jpeg
command: yt-dlp --verbose https://assets-jpcust.jwpsrv.com/thumbnails/umczh6tn-1920.jpg -o public/Video/F5qs7wb7.jpeg
download id: xkgxlY1s
outputPath: public/Video/xkgxlY1s.mp4
command: yt-dlp --verbose https://cdn.jwplayer.com/videos/xkgxlY1s-plcfVP8W.mp4 -o public/Video/xkgxlY1s.mp4
download id: xkgxlY1s
outputPath: public/Video/xkgxlY1s.jpeg
command: yt-dlp --verbose https://assets-jpcust.jwpsrv.com/thumbnails/5tn8ybjw-1920.jpg -o public/Video/xkgxlY1s.jpeg
download id: 9bqmDdjH
outputPath: public/Video/9bqmDdjH.mp4
command: yt-dlp --verbose https://cdn.jwplayer.com/videos/9bqmDdjH-plcfVP8W.mp4 -o public/Video/9bqmDdjH.mp4
download id: 9bqmDdjH
outputPath: public/Video/9bqmDdjH.jpeg
command: yt-dlp --verbose https://assets-jpcust.jwpsrv.com/thumbnails/l157b04t-1920.jpg -o public/Video/9bqmDdjH.jpeg
download id: fEUvHS01
outputPath: public/Video/fEUvHS01.mp4
command: yt-dlp --verbose https://cdn.jwplayer.com/videos/fEUvHS01-plcfVP8W.mp4 -o public/Video/fEUvHS01.mp4
download id: fEUvHS01
outputPath: public/Video/fEUvHS01.jpeg
command: yt-dlp --verbose https://assets-jpcust.jwpsrv.com/thumbnails/a1aemlo6-1920.jpg -o public/Video/fEUvHS01.jpeg
download id: 55fWSFZl
outputPath: public/Video/55fWSFZl.mp4
command: yt-dlp --verbose https://cdn.jwplayer.com/videos/55fWSFZl-plcfVP8W.mp4 -o public/Video/55fWSFZl.mp4
download id: 55fWSFZl
outputPath: public/Video/55fWSFZl.jpeg
command: yt-dlp --verbose https://assets-jpcust.jwpsrv.com/thumbnails/tbmc49t9-1920.jpg -o public/Video/55fWSFZl.jpeg
download id: vbBfA4Pd
outputPath: public/Video/vbBfA4Pd.mp4
command: yt-dlp --verbose https://cdn.jwplayer.com/videos/vbBfA4Pd-plcfVP8W.mp4 -o public/Video/vbBfA4Pd.mp4
download id: vbBfA4Pd
outputPath: public/Video/vbBfA4Pd.jpeg
command: yt-dlp --verbose https://assets-jpcust.jwpsrv.com/thumbnails/6vrpwgba-1920.jpg -o public/Video/vbBfA4Pd.jpeg
download id: m4G6ceFw
outputPath: public/Video/m4G6ceFw.mp4
command: yt-dlp --verbose https://cdn.jwplayer.com/videos/m4G6ceFw-plcfVP8W.mp4 -o public/Video/m4G6ceFw.mp4
download id: m4G6ceFw
outputPath: public/Video/m4G6ceFw.jpeg
command: yt-dlp --verbose https://assets-jpcust.jwpsrv.com/thumbnails/mi5kdv9m-1920.jpg -o public/Video/m4G6ceFw.jpeg
download id: 1IzvhWMT
outputPath: public/Video/1IzvhWMT.mp4
command: yt-dlp --verbose https://cdn.jwplayer.com/videos/1IzvhWMT-plcfVP8W.mp4 -o public/Video/1IzvhWMT.mp4
download id: 1IzvhWMT
outputPath: public/Video/1IzvhWMT.jpeg
command: yt-dlp --verbose https://assets-jpcust.jwpsrv.com/thumbnails/pzvazx3v-1920.jpg -o public/Video/1IzvhWMT.jpeg
download id: GC4lnrua
outputPath: public/Video/GC4lnrua.mp4
command: yt-dlp --verbose https://cdn.jwplayer.com/videos/GC4lnrua-plcfVP8W.mp4 -o public/Video/GC4lnrua.mp4
download id: GC4lnrua
outputPath: public/Video/GC4lnrua.jpeg
command: yt-dlp --verbose https://assets-jpcust.jwpsrv.com/thumbnails/w0xezvcj-1920.jpg -o public/Video/GC4lnrua.jpeg
download id: PRmZEddJ
outputPath: public/Video/PRmZEddJ.mp4
command: yt-dlp --verbose https://cdn.jwplayer.com/videos/PRmZEddJ-plcfVP8W.mp4 -o public/Video/PRmZEddJ.mp4
download id: PRmZEddJ
outputPath: public/Video/PRmZEddJ.jpeg
command: yt-dlp --verbose https://assets-jpcust.jwpsrv.com/thumbnails/newym974-1920.jpg -o public/Video/PRmZEddJ.jpeg
download id: ErCBQBdA
outputPath: public/Video/ErCBQBdA.mp4
command: yt-dlp --verbose https://cdn.jwplayer.com/videos/ErCBQBdA-plcfVP8W.mp4 -o public/Video/ErCBQBdA.mp4
download id: ErCBQBdA
outputPath: public/Video/ErCBQBdA.jpeg
command: yt-dlp --verbose https://assets-jpcust.jwpsrv.com/thumbnails/5girurdf-1920.jpg -o public/Video/ErCBQBdA.jpeg
download id: 6XMvq4m6
outputPath: public/Video/6XMvq4m6.mp4
command: yt-dlp --verbose https://cdn.jwplayer.com/videos/6XMvq4m6-plcfVP8W.mp4 -o public/Video/6XMvq4m6.mp4
download id: 6XMvq4m6
outputPath: public/Video/6XMvq4m6.jpeg
command: yt-dlp --verbose https://assets-jpcust.jwpsrv.com/thumbnails/eajvtm5a-1920.jpg -o public/Video/6XMvq4m6.jpeg
download id: EpgsvjRM
outputPath: public/Video/EpgsvjRM.mp4
command: yt-dlp --verbose https://cdn.jwplayer.com/videos/EpgsvjRM-plcfVP8W.mp4 -o public/Video/EpgsvjRM.mp4
download id: EpgsvjRM
outputPath: public/Video/EpgsvjRM.jpeg
command: yt-dlp --verbose https://assets-jpcust.jwpsrv.com/thumbnails/9m7uuuq9-1920.jpg -o public/Video/EpgsvjRM.jpeg
download id: 7z5CciPK
outputPath: public/Video/7z5CciPK.mp4
command: yt-dlp --verbose https://cdn.jwplayer.com/videos/7z5CciPK-plcfVP8W.mp4 -o public/Video/7z5CciPK.mp4
download id: 7z5CciPK
outputPath: public/Video/7z5CciPK.jpeg
command: yt-dlp --verbose https://assets-jpcust.jwpsrv.com/thumbnails/jbca3mav-1920.jpg -o public/Video/7z5CciPK.jpeg
download id: IcZIQPtz
outputPath: public/Video/IcZIQPtz.mp4
command: yt-dlp --verbose https://cdn.jwplayer.com/videos/IcZIQPtz-plcfVP8W.mp4 -o public/Video/IcZIQPtz.mp4
download id: IcZIQPtz
outputPath: public/Video/IcZIQPtz.jpeg
command: yt-dlp --verbose https://assets-jpcust.jwpsrv.com/thumbnails/l6528jno-1920.jpg -o public/Video/IcZIQPtz.jpeg
download id: rwYUWj05
outputPath: public/Video/rwYUWj05.mp4
command: yt-dlp --verbose https://cdn.jwplayer.com/videos/rwYUWj05-plcfVP8W.mp4 -o public/Video/rwYUWj05.mp4
download id: rwYUWj05
outputPath: public/Video/rwYUWj05.jpeg
command: yt-dlp --verbose https://assets-jpcust.jwpsrv.com/thumbnails/96xspyk0-1920.jpg -o public/Video/rwYUWj05.jpeg
download id: F5qs7wb7
outputPath: public/Video/F5qs7wb7.mp4
command: yt-dlp --verbose https://cdn.jwplayer.com/videos/F5qs7wb7-plcfVP8W.mp4 -o public/Video/F5qs7wb7.mp4
download id: F5qs7wb7
outputPath: public/Video/F5qs7wb7.jpeg
command: yt-dlp --verbose https://assets-jpcust.jwpsrv.com/thumbnails/umczh6tn-1920.jpg -o public/Video/F5qs7wb7.jpeg
download id: xkgxlY1s
outputPath: public/Video/xkgxlY1s.mp4
command: yt-dlp --verbose https://cdn.jwplayer.com/videos/xkgxlY1s-plcfVP8W.mp4 -o public/Video/xkgxlY1s.mp4
download id: xkgxlY1s
outputPath: public/Video/xkgxlY1s.jpeg
command: yt-dlp --verbose https://assets-jpcust.jwpsrv.com/thumbnails/5tn8ybjw-1920.jpg -o public/Video/xkgxlY1s.jpeg
download id: 9bqmDdjH
outputPath: public/Video/9bqmDdjH.mp4
command: yt-dlp --verbose https://cdn.jwplayer.com/videos/9bqmDdjH-plcfVP8W.mp4 -o public/Video/9bqmDdjH.mp4
download id: 9bqmDdjH
outputPath: public/Video/9bqmDdjH.jpeg
command: yt-dlp --verbose https://assets-jpcust.jwpsrv.com/thumbnails/l157b04t-1920.jpg -o public/Video/9bqmDdjH.jpeg
download id: fEUvHS01
outputPath: public/Video/fEUvHS01.mp4
command: yt-dlp --verbose https://cdn.jwplayer.com/videos/fEUvHS01-plcfVP8W.mp4 -o public/Video/fEUvHS01.mp4
download id: fEUvHS01
outputPath: public/Video/fEUvHS01.jpeg
command: yt-dlp --verbose https://assets-jpcust.jwpsrv.com/thumbnails/a1aemlo6-1920.jpg -o public/Video/fEUvHS01.jpeg
download id: 55fWSFZl
outputPath: public/Video/55fWSFZl.mp4
command: yt-dlp --verbose https://cdn.jwplayer.com/videos/55fWSFZl-plcfVP8W.mp4 -o public/Video/55fWSFZl.mp4
download id: 55fWSFZl
outputPath: public/Video/55fWSFZl.jpeg
command: yt-dlp --verbose https://assets-jpcust.jwpsrv.com/thumbnails/tbmc49t9-1920.jpg -o public/Video/55fWSFZl.jpeg
download id: vbBfA4Pd
outputPath: public/Video/vbBfA4Pd.mp4
command: yt-dlp --verbose https://cdn.jwplayer.com/videos/vbBfA4Pd-plcfVP8W.mp4 -o public/Video/vbBfA4Pd.mp4
download id: vbBfA4Pd
outputPath: public/Video/vbBfA4Pd.jpeg
command: yt-dlp --verbose https://assets-jpcust.jwpsrv.com/thumbnails/6vrpwgba-1920.jpg -o public/Video/vbBfA4Pd.jpeg
download id: 9tcIgshf
outputPath: public/Video/9tcIgshf.mp4
command: yt-dlp --verbose https://cdn.jwplayer.com/videos/9tcIgshf-plcfVP8W.mp4 -o public/Video/9tcIgshf.mp4
download id: 9tcIgshf
outputPath: public/Video/9tcIgshf.jpeg
command: yt-dlp --verbose https://assets-jpcust.jwpsrv.com/thumbnails/oeeu6ezx-1920.jpg -o public/Video/9tcIgshf.jpeg
download id: m4G6ceFw
outputPath: public/Video/m4G6ceFw.mp4
command: yt-dlp --verbose https://cdn.jwplayer.com/videos/m4G6ceFw-plcfVP8W.mp4 -o public/Video/m4G6ceFw.mp4
download id: m4G6ceFw
outputPath: public/Video/m4G6ceFw.jpeg
command: yt-dlp --verbose https://assets-jpcust.jwpsrv.com/thumbnails/mi5kdv9m-1920.jpg -o public/Video/m4G6ceFw.jpeg
download id: 1IzvhWMT
outputPath: public/Video/1IzvhWMT.mp4
command: yt-dlp --verbose https://cdn.jwplayer.com/videos/1IzvhWMT-plcfVP8W.mp4 -o public/Video/1IzvhWMT.mp4
download id: 1IzvhWMT
outputPath: public/Video/1IzvhWMT.jpeg
command: yt-dlp --verbose https://assets-jpcust.jwpsrv.com/thumbnails/pzvazx3v-1920.jpg -o public/Video/1IzvhWMT.jpeg
download id: GC4lnrua
outputPath: public/Video/GC4lnrua.mp4
command: yt-dlp --verbose https://cdn.jwplayer.com/videos/GC4lnrua-plcfVP8W.mp4 -o public/Video/GC4lnrua.mp4
download id: GC4lnrua
outputPath: public/Video/GC4lnrua.jpeg
command: yt-dlp --verbose https://assets-jpcust.jwpsrv.com/thumbnails/w0xezvcj-1920.jpg -o public/Video/GC4lnrua.jpeg
download id: PRmZEddJ
outputPath: public/Video/PRmZEddJ.mp4
command: yt-dlp --verbose https://cdn.jwplayer.com/videos/PRmZEddJ-plcfVP8W.mp4 -o public/Video/PRmZEddJ.mp4
download id: PRmZEddJ
outputPath: public/Video/PRmZEddJ.jpeg
command: yt-dlp --verbose https://assets-jpcust.jwpsrv.com/thumbnails/newym974-1920.jpg -o public/Video/PRmZEddJ.jpeg
download id: ErCBQBdA
outputPath: public/Video/ErCBQBdA.mp4
command: yt-dlp --verbose https://cdn.jwplayer.com/videos/ErCBQBdA-plcfVP8W.mp4 -o public/Video/ErCBQBdA.mp4
download id: ErCBQBdA
outputPath: public/Video/ErCBQBdA.jpeg
command: yt-dlp --verbose https://assets-jpcust.jwpsrv.com/thumbnails/5girurdf-1920.jpg -o public/Video/ErCBQBdA.jpeg
download id: 6XMvq4m6
outputPath: public/Video/6XMvq4m6.mp4
command: yt-dlp --verbose https://cdn.jwplayer.com/videos/6XMvq4m6-plcfVP8W.mp4 -o public/Video/6XMvq4m6.mp4
download id: 6XMvq4m6
outputPath: public/Video/6XMvq4m6.jpeg
command: yt-dlp --verbose https://assets-jpcust.jwpsrv.com/thumbnails/eajvtm5a-1920.jpg -o public/Video/6XMvq4m6.jpeg
download id: EpgsvjRM
outputPath: public/Video/EpgsvjRM.mp4
command: yt-dlp --verbose https://cdn.jwplayer.com/videos/EpgsvjRM-plcfVP8W.mp4 -o public/Video/EpgsvjRM.mp4
download id: EpgsvjRM
outputPath: public/Video/EpgsvjRM.jpeg
command: yt-dlp --verbose https://assets-jpcust.jwpsrv.com/thumbnails/9m7uuuq9-1920.jpg -o public/Video/EpgsvjRM.jpeg
download id: 7z5CciPK
outputPath: public/Video/7z5CciPK.mp4
command: yt-dlp --verbose https://cdn.jwplayer.com/videos/7z5CciPK-plcfVP8W.mp4 -o public/Video/7z5CciPK.mp4
download id: 7z5CciPK
outputPath: public/Video/7z5CciPK.jpeg
command: yt-dlp --verbose https://assets-jpcust.jwpsrv.com/thumbnails/jbca3mav-1920.jpg -o public/Video/7z5CciPK.jpeg
download id: IcZIQPtz
outputPath: public/Video/IcZIQPtz.mp4
command: yt-dlp --verbose https://cdn.jwplayer.com/videos/IcZIQPtz-plcfVP8W.mp4 -o public/Video/IcZIQPtz.mp4
download id: IcZIQPtz
outputPath: public/Video/IcZIQPtz.jpeg
command: yt-dlp --verbose https://assets-jpcust.jwpsrv.com/thumbnails/l6528jno-1920.jpg -o public/Video/IcZIQPtz.jpeg
download id: rwYUWj05
outputPath: public/Video/rwYUWj05.mp4
command: yt-dlp --verbose https://cdn.jwplayer.com/videos/rwYUWj05-plcfVP8W.mp4 -o public/Video/rwYUWj05.mp4
download id: rwYUWj05
outputPath: public/Video/rwYUWj05.jpeg
command: yt-dlp --verbose https://assets-jpcust.jwpsrv.com/thumbnails/96xspyk0-1920.jpg -o public/Video/rwYUWj05.jpeg
download id: F5qs7wb7
outputPath: public/Video/F5qs7wb7.mp4
command: yt-dlp --verbose https://cdn.jwplayer.com/videos/F5qs7wb7-plcfVP8W.mp4 -o public/Video/F5qs7wb7.mp4
download id: F5qs7wb7
outputPath: public/Video/F5qs7wb7.jpeg
command: yt-dlp --verbose https://assets-jpcust.jwpsrv.com/thumbnails/umczh6tn-1920.jpg -o public/Video/F5qs7wb7.jpeg
download id: xkgxlY1s
outputPath: public/Video/xkgxlY1s.mp4
command: yt-dlp --verbose https://cdn.jwplayer.com/videos/xkgxlY1s-plcfVP8W.mp4 -o public/Video/xkgxlY1s.mp4
download id: xkgxlY1s
outputPath: public/Video/xkgxlY1s.jpeg
command: yt-dlp --verbose https://assets-jpcust.jwpsrv.com/thumbnails/5tn8ybjw-1920.jpg -o public/Video/xkgxlY1s.jpeg
download id: 9bqmDdjH
outputPath: public/Video/9bqmDdjH.mp4
command: yt-dlp --verbose https://cdn.jwplayer.com/videos/9bqmDdjH-plcfVP8W.mp4 -o public/Video/9bqmDdjH.mp4
download id: 9bqmDdjH
outputPath: public/Video/9bqmDdjH.jpeg
command: yt-dlp --verbose https://assets-jpcust.jwpsrv.com/thumbnails/l157b04t-1920.jpg -o public/Video/9bqmDdjH.jpeg
download id: fEUvHS01
outputPath: public/Video/fEUvHS01.mp4
command: yt-dlp --verbose https://cdn.jwplayer.com/videos/fEUvHS01-plcfVP8W.mp4 -o public/Video/fEUvHS01.mp4
download id: fEUvHS01
outputPath: public/Video/fEUvHS01.jpeg
command: yt-dlp --verbose https://assets-jpcust.jwpsrv.com/thumbnails/a1aemlo6-1920.jpg -o public/Video/fEUvHS01.jpeg
download id: 55fWSFZl
outputPath: public/Video/55fWSFZl.mp4
command: yt-dlp --verbose https://cdn.jwplayer.com/videos/55fWSFZl-plcfVP8W.mp4 -o public/Video/55fWSFZl.mp4
download id: 55fWSFZl
outputPath: public/Video/55fWSFZl.jpeg
command: yt-dlp --verbose https://assets-jpcust.jwpsrv.com/thumbnails/tbmc49t9-1920.jpg -o public/Video/55fWSFZl.jpeg
download id: vbBfA4Pd
outputPath: public/Video/vbBfA4Pd.mp4
command: yt-dlp --verbose https://cdn.jwplayer.com/videos/vbBfA4Pd-plcfVP8W.mp4 -o public/Video/vbBfA4Pd.mp4
download id: vbBfA4Pd
outputPath: public/Video/vbBfA4Pd.jpeg
command: yt-dlp --verbose https://assets-jpcust.jwpsrv.com/thumbnails/6vrpwgba-1920.jpg -o public/Video/vbBfA4Pd.jpeg
download id: 9tcIgshf
outputPath: public/Video/9tcIgshf.mp4
command: yt-dlp --verbose https://cdn.jwplayer.com/videos/9tcIgshf-plcfVP8W.mp4 -o public/Video/9tcIgshf.mp4
download id: 9tcIgshf
outputPath: public/Video/9tcIgshf.jpeg
command: yt-dlp --verbose https://assets-jpcust.jwpsrv.com/thumbnails/oeeu6ezx-1920.jpg -o public/Video/9tcIgshf.jpeg
download id: mSO67f60
outputPath: public/Video/mSO67f60.mp4
command: yt-dlp --verbose https://cdn.jwplayer.com/videos/mSO67f60-plcfVP8W.mp4 -o public/Video/mSO67f60.mp4
download id: mSO67f60
outputPath: public/Video/mSO67f60.jpeg
command: yt-dlp --verbose https://assets-jpcust.jwpsrv.com/thumbnails/aezed5rh-1920.jpg -o public/Video/mSO67f60.jpeg
download id: m4G6ceFw
outputPath: public/Video/m4G6ceFw.mp4
command: yt-dlp --verbose https://cdn.jwplayer.com/videos/m4G6ceFw-plcfVP8W.mp4 -o public/Video/m4G6ceFw.mp4
download id: m4G6ceFw
outputPath: public/Video/m4G6ceFw.jpeg
command: yt-dlp --verbose https://assets-jpcust.jwpsrv.com/thumbnails/mi5kdv9m-1920.jpg -o public/Video/m4G6ceFw.jpeg
download id: 1IzvhWMT
outputPath: public/Video/1IzvhWMT.mp4
command: yt-dlp --verbose https://cdn.jwplayer.com/videos/1IzvhWMT-plcfVP8W.mp4 -o public/Video/1IzvhWMT.mp4
download id: 1IzvhWMT
outputPath: public/Video/1IzvhWMT.jpeg
command: yt-dlp --verbose https://assets-jpcust.jwpsrv.com/thumbnails/pzvazx3v-1920.jpg -o public/Video/1IzvhWMT.jpeg
download id: GC4lnrua
outputPath: public/Video/GC4lnrua.mp4
command: yt-dlp --verbose https://cdn.jwplayer.com/videos/GC4lnrua-plcfVP8W.mp4 -o public/Video/GC4lnrua.mp4
download id: GC4lnrua
outputPath: public/Video/GC4lnrua.jpeg
command: yt-dlp --verbose https://assets-jpcust.jwpsrv.com/thumbnails/w0xezvcj-1920.jpg -o public/Video/GC4lnrua.jpeg
download id: PRmZEddJ
outputPath: public/Video/PRmZEddJ.mp4
command: yt-dlp --verbose https://cdn.jwplayer.com/videos/PRmZEddJ-plcfVP8W.mp4 -o public/Video/PRmZEddJ.mp4
download id: PRmZEddJ
outputPath: public/Video/PRmZEddJ.jpeg
command: yt-dlp --verbose https://assets-jpcust.jwpsrv.com/thumbnails/newym974-1920.jpg -o public/Video/PRmZEddJ.jpeg
download id: ErCBQBdA
outputPath: public/Video/ErCBQBdA.mp4
command: yt-dlp --verbose https://cdn.jwplayer.com/videos/ErCBQBdA-plcfVP8W.mp4 -o public/Video/ErCBQBdA.mp4
download id: ErCBQBdA
outputPath: public/Video/ErCBQBdA.jpeg
command: yt-dlp --verbose https://assets-jpcust.jwpsrv.com/thumbnails/5girurdf-1920.jpg -o public/Video/ErCBQBdA.jpeg
download id: 6XMvq4m6
outputPath: public/Video/6XMvq4m6.mp4
command: yt-dlp --verbose https://cdn.jwplayer.com/videos/6XMvq4m6-plcfVP8W.mp4 -o public/Video/6XMvq4m6.mp4
download id: 6XMvq4m6
outputPath: public/Video/6XMvq4m6.jpeg
command: yt-dlp --verbose https://assets-jpcust.jwpsrv.com/thumbnails/eajvtm5a-1920.jpg -o public/Video/6XMvq4m6.jpeg
download id: EpgsvjRM
outputPath: public/Video/EpgsvjRM.mp4
command: yt-dlp --verbose https://cdn.jwplayer.com/videos/EpgsvjRM-plcfVP8W.mp4 -o public/Video/EpgsvjRM.mp4
download id: EpgsvjRM
outputPath: public/Video/EpgsvjRM.jpeg
command: yt-dlp --verbose https://assets-jpcust.jwpsrv.com/thumbnails/9m7uuuq9-1920.jpg -o public/Video/EpgsvjRM.jpeg
download id: 7z5CciPK
outputPath: public/Video/7z5CciPK.mp4
command: yt-dlp --verbose https://cdn.jwplayer.com/videos/7z5CciPK-plcfVP8W.mp4 -o public/Video/7z5CciPK.mp4
download id: 7z5CciPK
outputPath: public/Video/7z5CciPK.jpeg
command: yt-dlp --verbose https://assets-jpcust.jwpsrv.com/thumbnails/jbca3mav-1920.jpg -o public/Video/7z5CciPK.jpeg
download id: IcZIQPtz
outputPath: public/Video/IcZIQPtz.mp4
command: yt-dlp --verbose https://cdn.jwplayer.com/videos/IcZIQPtz-plcfVP8W.mp4 -o public/Video/IcZIQPtz.mp4
download id: IcZIQPtz
outputPath: public/Video/IcZIQPtz.jpeg
command: yt-dlp --verbose https://assets-jpcust.jwpsrv.com/thumbnails/l6528jno-1920.jpg -o public/Video/IcZIQPtz.jpeg
download id: rwYUWj05
outputPath: public/Video/rwYUWj05.mp4
command: yt-dlp --verbose https://cdn.jwplayer.com/videos/rwYUWj05-plcfVP8W.mp4 -o public/Video/rwYUWj05.mp4
download id: rwYUWj05
outputPath: public/Video/rwYUWj05.jpeg
command: yt-dlp --verbose https://assets-jpcust.jwpsrv.com/thumbnails/96xspyk0-1920.jpg -o public/Video/rwYUWj05.jpeg
download id: F5qs7wb7
outputPath: public/Video/F5qs7wb7.mp4
command: yt-dlp --verbose https://cdn.jwplayer.com/videos/F5qs7wb7-plcfVP8W.mp4 -o public/Video/F5qs7wb7.mp4
download id: F5qs7wb7
outputPath: public/Video/F5qs7wb7.jpeg
command: yt-dlp --verbose https://assets-jpcust.jwpsrv.com/thumbnails/umczh6tn-1920.jpg -o public/Video/F5qs7wb7.jpeg
download id: xkgxlY1s
outputPath: public/Video/xkgxlY1s.mp4
command: yt-dlp --verbose https://cdn.jwplayer.com/videos/xkgxlY1s-plcfVP8W.mp4 -o public/Video/xkgxlY1s.mp4
download id: xkgxlY1s
outputPath: public/Video/xkgxlY1s.jpeg
command: yt-dlp --verbose https://assets-jpcust.jwpsrv.com/thumbnails/5tn8ybjw-1920.jpg -o public/Video/xkgxlY1s.jpeg
download id: 9bqmDdjH
outputPath: public/Video/9bqmDdjH.mp4
command: yt-dlp --verbose https://cdn.jwplayer.com/videos/9bqmDdjH-plcfVP8W.mp4 -o public/Video/9bqmDdjH.mp4
download id: 9bqmDdjH
outputPath: public/Video/9bqmDdjH.jpeg
command: yt-dlp --verbose https://assets-jpcust.jwpsrv.com/thumbnails/l157b04t-1920.jpg -o public/Video/9bqmDdjH.jpeg
download id: fEUvHS01
outputPath: public/Video/fEUvHS01.mp4
command: yt-dlp --verbose https://cdn.jwplayer.com/videos/fEUvHS01-plcfVP8W.mp4 -o public/Video/fEUvHS01.mp4
download id: fEUvHS01
outputPath: public/Video/fEUvHS01.jpeg
command: yt-dlp --verbose https://assets-jpcust.jwpsrv.com/thumbnails/a1aemlo6-1920.jpg -o public/Video/fEUvHS01.jpeg
download id: 55fWSFZl
outputPath: public/Video/55fWSFZl.mp4
command: yt-dlp --verbose https://cdn.jwplayer.com/videos/55fWSFZl-plcfVP8W.mp4 -o public/Video/55fWSFZl.mp4
download id: 55fWSFZl
outputPath: public/Video/55fWSFZl.jpeg
command: yt-dlp --verbose https://assets-jpcust.jwpsrv.com/thumbnails/tbmc49t9-1920.jpg -o public/Video/55fWSFZl.jpeg
download id: vbBfA4Pd
outputPath: public/Video/vbBfA4Pd.mp4
command: yt-dlp --verbose https://cdn.jwplayer.com/videos/vbBfA4Pd-plcfVP8W.mp4 -o public/Video/vbBfA4Pd.mp4
download id: vbBfA4Pd
outputPath: public/Video/vbBfA4Pd.jpeg
command: yt-dlp --verbose https://assets-jpcust.jwpsrv.com/thumbnails/6vrpwgba-1920.jpg -o public/Video/vbBfA4Pd.jpeg
download id: 9tcIgshf
outputPath: public/Video/9tcIgshf.mp4
command: yt-dlp --verbose https://cdn.jwplayer.com/videos/9tcIgshf-plcfVP8W.mp4 -o public/Video/9tcIgshf.mp4
download id: 9tcIgshf
outputPath: public/Video/9tcIgshf.jpeg
command: yt-dlp --verbose https://assets-jpcust.jwpsrv.com/thumbnails/oeeu6ezx-1920.jpg -o public/Video/9tcIgshf.jpeg
download id: mSO67f60
outputPath: public/Video/mSO67f60.mp4
command: yt-dlp --verbose https://cdn.jwplayer.com/videos/mSO67f60-plcfVP8W.mp4 -o public/Video/mSO67f60.mp4
download id: mSO67f60
outputPath: public/Video/mSO67f60.jpeg
command: yt-dlp --verbose https://assets-jpcust.jwpsrv.com/thumbnails/aezed5rh-1920.jpg -o public/Video/mSO67f60.jpeg
download id: lebba41G
outputPath: public/Video/lebba41G.mp4
command: yt-dlp --verbose https://cdn.jwplayer.com/videos/lebba41G-plcfVP8W.mp4 -o public/Video/lebba41G.mp4
download id: lebba41G
outputPath: public/Video/lebba41G.jpeg
command: yt-dlp --verbose https://assets-jpcust.jwpsrv.com/thumbnails/06u1ej0c-1920.jpg -o public/Video/lebba41G.jpeg
download id: m4G6ceFw
outputPath: public/Video/m4G6ceFw.mp4
command: yt-dlp --verbose https://cdn.jwplayer.com/videos/m4G6ceFw-plcfVP8W.mp4 -o public/Video/m4G6ceFw.mp4
download id: m4G6ceFw
outputPath: public/Video/m4G6ceFw.jpeg
command: yt-dlp --verbose https://assets-jpcust.jwpsrv.com/thumbnails/mi5kdv9m-1920.jpg -o public/Video/m4G6ceFw.jpeg
download id: 1IzvhWMT
outputPath: public/Video/1IzvhWMT.mp4
command: yt-dlp --verbose https://cdn.jwplayer.com/videos/1IzvhWMT-plcfVP8W.mp4 -o public/Video/1IzvhWMT.mp4
download id: 1IzvhWMT
outputPath: public/Video/1IzvhWMT.jpeg
command: yt-dlp --verbose https://assets-jpcust.jwpsrv.com/thumbnails/pzvazx3v-1920.jpg -o public/Video/1IzvhWMT.jpeg
download id: GC4lnrua
outputPath: public/Video/GC4lnrua.mp4
command: yt-dlp --verbose https://cdn.jwplayer.com/videos/GC4lnrua-plcfVP8W.mp4 -o public/Video/GC4lnrua.mp4
download id: GC4lnrua
outputPath: public/Video/GC4lnrua.jpeg
command: yt-dlp --verbose https://assets-jpcust.jwpsrv.com/thumbnails/w0xezvcj-1920.jpg -o public/Video/GC4lnrua.jpeg
download id: PRmZEddJ
outputPath: public/Video/PRmZEddJ.mp4
command: yt-dlp --verbose https://cdn.jwplayer.com/videos/PRmZEddJ-plcfVP8W.mp4 -o public/Video/PRmZEddJ.mp4
download id: PRmZEddJ
outputPath: public/Video/PRmZEddJ.jpeg
command: yt-dlp --verbose https://assets-jpcust.jwpsrv.com/thumbnails/newym974-1920.jpg -o public/Video/PRmZEddJ.jpeg
download id: ErCBQBdA
outputPath: public/Video/ErCBQBdA.mp4
command: yt-dlp --verbose https://cdn.jwplayer.com/videos/ErCBQBdA-plcfVP8W.mp4 -o public/Video/ErCBQBdA.mp4
download id: ErCBQBdA
outputPath: public/Video/ErCBQBdA.jpeg
command: yt-dlp --verbose https://assets-jpcust.jwpsrv.com/thumbnails/5girurdf-1920.jpg -o public/Video/ErCBQBdA.jpeg
download id: 6XMvq4m6
outputPath: public/Video/6XMvq4m6.mp4
command: yt-dlp --verbose https://cdn.jwplayer.com/videos/6XMvq4m6-plcfVP8W.mp4 -o public/Video/6XMvq4m6.mp4
download id: 6XMvq4m6
outputPath: public/Video/6XMvq4m6.jpeg
command: yt-dlp --verbose https://assets-jpcust.jwpsrv.com/thumbnails/eajvtm5a-1920.jpg -o public/Video/6XMvq4m6.jpeg
download id: EpgsvjRM
outputPath: public/Video/EpgsvjRM.mp4
command: yt-dlp --verbose https://cdn.jwplayer.com/videos/EpgsvjRM-plcfVP8W.mp4 -o public/Video/EpgsvjRM.mp4
download id: EpgsvjRM
outputPath: public/Video/EpgsvjRM.jpeg
command: yt-dlp --verbose https://assets-jpcust.jwpsrv.com/thumbnails/9m7uuuq9-1920.jpg -o public/Video/EpgsvjRM.jpeg
download id: 7z5CciPK
outputPath: public/Video/7z5CciPK.mp4
command: yt-dlp --verbose https://cdn.jwplayer.com/videos/7z5CciPK-plcfVP8W.mp4 -o public/Video/7z5CciPK.mp4
download id: 7z5CciPK
outputPath: public/Video/7z5CciPK.jpeg
command: yt-dlp --verbose https://assets-jpcust.jwpsrv.com/thumbnails/jbca3mav-1920.jpg -o public/Video/7z5CciPK.jpeg
download id: IcZIQPtz
outputPath: public/Video/IcZIQPtz.mp4
command: yt-dlp --verbose https://cdn.jwplayer.com/videos/IcZIQPtz-plcfVP8W.mp4 -o public/Video/IcZIQPtz.mp4
download id: IcZIQPtz
outputPath: public/Video/IcZIQPtz.jpeg
command: yt-dlp --verbose https://assets-jpcust.jwpsrv.com/thumbnails/l6528jno-1920.jpg -o public/Video/IcZIQPtz.jpeg
download id: rwYUWj05
outputPath: public/Video/rwYUWj05.mp4
command: yt-dlp --verbose https://cdn.jwplayer.com/videos/rwYUWj05-plcfVP8W.mp4 -o public/Video/rwYUWj05.mp4
download id: rwYUWj05
outputPath: public/Video/rwYUWj05.jpeg
command: yt-dlp --verbose https://assets-jpcust.jwpsrv.com/thumbnails/96xspyk0-1920.jpg -o public/Video/rwYUWj05.jpeg
download id: F5qs7wb7
outputPath: public/Video/F5qs7wb7.mp4
command: yt-dlp --verbose https://cdn.jwplayer.com/videos/F5qs7wb7-plcfVP8W.mp4 -o public/Video/F5qs7wb7.mp4
download id: F5qs7wb7
outputPath: public/Video/F5qs7wb7.jpeg
command: yt-dlp --verbose https://assets-jpcust.jwpsrv.com/thumbnails/umczh6tn-1920.jpg -o public/Video/F5qs7wb7.jpeg
download id: xkgxlY1s
outputPath: public/Video/xkgxlY1s.mp4
command: yt-dlp --verbose https://cdn.jwplayer.com/videos/xkgxlY1s-plcfVP8W.mp4 -o public/Video/xkgxlY1s.mp4
download id: xkgxlY1s
outputPath: public/Video/xkgxlY1s.jpeg
command: yt-dlp --verbose https://assets-jpcust.jwpsrv.com/thumbnails/5tn8ybjw-1920.jpg -o public/Video/xkgxlY1s.jpeg
download id: 9bqmDdjH
outputPath: public/Video/9bqmDdjH.mp4
command: yt-dlp --verbose https://cdn.jwplayer.com/videos/9bqmDdjH-plcfVP8W.mp4 -o public/Video/9bqmDdjH.mp4
download id: 9bqmDdjH
outputPath: public/Video/9bqmDdjH.jpeg
command: yt-dlp --verbose https://assets-jpcust.jwpsrv.com/thumbnails/l157b04t-1920.jpg -o public/Video/9bqmDdjH.jpeg
download id: fEUvHS01
outputPath: public/Video/fEUvHS01.mp4
command: yt-dlp --verbose https://cdn.jwplayer.com/videos/fEUvHS01-plcfVP8W.mp4 -o public/Video/fEUvHS01.mp4
download id: fEUvHS01
outputPath: public/Video/fEUvHS01.jpeg
command: yt-dlp --verbose https://assets-jpcust.jwpsrv.com/thumbnails/a1aemlo6-1920.jpg -o public/Video/fEUvHS01.jpeg
download id: 55fWSFZl
outputPath: public/Video/55fWSFZl.mp4
command: yt-dlp --verbose https://cdn.jwplayer.com/videos/55fWSFZl-plcfVP8W.mp4 -o public/Video/55fWSFZl.mp4
download id: 55fWSFZl
outputPath: public/Video/55fWSFZl.jpeg
command: yt-dlp --verbose https://assets-jpcust.jwpsrv.com/thumbnails/tbmc49t9-1920.jpg -o public/Video/55fWSFZl.jpeg
download id: vbBfA4Pd
outputPath: public/Video/vbBfA4Pd.mp4
command: yt-dlp --verbose https://cdn.jwplayer.com/videos/vbBfA4Pd-plcfVP8W.mp4 -o public/Video/vbBfA4Pd.mp4
download id: vbBfA4Pd
outputPath: public/Video/vbBfA4Pd.jpeg
command: yt-dlp --verbose https://assets-jpcust.jwpsrv.com/thumbnails/6vrpwgba-1920.jpg -o public/Video/vbBfA4Pd.jpeg
download id: 9tcIgshf
outputPath: public/Video/9tcIgshf.mp4
command: yt-dlp --verbose https://cdn.jwplayer.com/videos/9tcIgshf-plcfVP8W.mp4 -o public/Video/9tcIgshf.mp4
download id: 9tcIgshf
outputPath: public/Video/9tcIgshf.jpeg
command: yt-dlp --verbose https://assets-jpcust.jwpsrv.com/thumbnails/oeeu6ezx-1920.jpg -o public/Video/9tcIgshf.jpeg
download id: mSO67f60
outputPath: public/Video/mSO67f60.mp4
command: yt-dlp --verbose https://cdn.jwplayer.com/videos/mSO67f60-plcfVP8W.mp4 -o public/Video/mSO67f60.mp4
download id: mSO67f60
outputPath: public/Video/mSO67f60.jpeg
command: yt-dlp --verbose https://assets-jpcust.jwpsrv.com/thumbnails/aezed5rh-1920.jpg -o public/Video/mSO67f60.jpeg
download id: lebba41G
outputPath: public/Video/lebba41G.mp4
command: yt-dlp --verbose https://cdn.jwplayer.com/videos/lebba41G-plcfVP8W.mp4 -o public/Video/lebba41G.mp4
download id: lebba41G
outputPath: public/Video/lebba41G.jpeg
command: yt-dlp --verbose https://assets-jpcust.jwpsrv.com/thumbnails/06u1ej0c-1920.jpg -o public/Video/lebba41G.jpeg
download id: hU1Z2wSs
outputPath: public/Video/hU1Z2wSs.mp4
command: yt-dlp --verbose https://cdn.jwplayer.com/videos/hU1Z2wSs-plcfVP8W.mp4 -o public/Video/hU1Z2wSs.mp4
download id: hU1Z2wSs
outputPath: public/Video/hU1Z2wSs.jpeg
command: yt-dlp --verbose https://assets-jpcust.jwpsrv.com/thumbnails/kyitvnl4-1920.jpg -o public/Video/hU1Z2wSs.jpeg
download id: m4G6ceFw
outputPath: public/Video/m4G6ceFw.mp4
command: yt-dlp --verbose https://cdn.jwplayer.com/videos/m4G6ceFw-plcfVP8W.mp4 -o public/Video/m4G6ceFw.mp4
download id: m4G6ceFw
outputPath: public/Video/m4G6ceFw.jpeg
command: yt-dlp --verbose https://assets-jpcust.jwpsrv.com/thumbnails/mi5kdv9m-1920.jpg -o public/Video/m4G6ceFw.jpeg
download id: 1IzvhWMT
outputPath: public/Video/1IzvhWMT.mp4
command: yt-dlp --verbose https://cdn.jwplayer.com/videos/1IzvhWMT-plcfVP8W.mp4 -o public/Video/1IzvhWMT.mp4
download id: 1IzvhWMT
outputPath: public/Video/1IzvhWMT.jpeg
command: yt-dlp --verbose https://assets-jpcust.jwpsrv.com/thumbnails/pzvazx3v-1920.jpg -o public/Video/1IzvhWMT.jpeg
download id: GC4lnrua
outputPath: public/Video/GC4lnrua.mp4
command: yt-dlp --verbose https://cdn.jwplayer.com/videos/GC4lnrua-plcfVP8W.mp4 -o public/Video/GC4lnrua.mp4
download id: GC4lnrua
outputPath: public/Video/GC4lnrua.jpeg
command: yt-dlp --verbose https://assets-jpcust.jwpsrv.com/thumbnails/w0xezvcj-1920.jpg -o public/Video/GC4lnrua.jpeg
download id: PRmZEddJ
outputPath: public/Video/PRmZEddJ.mp4
command: yt-dlp --verbose https://cdn.jwplayer.com/videos/PRmZEddJ-plcfVP8W.mp4 -o public/Video/PRmZEddJ.mp4
download id: PRmZEddJ
outputPath: public/Video/PRmZEddJ.jpeg
command: yt-dlp --verbose https://assets-jpcust.jwpsrv.com/thumbnails/newym974-1920.jpg -o public/Video/PRmZEddJ.jpeg
download id: ErCBQBdA
outputPath: public/Video/ErCBQBdA.mp4
command: yt-dlp --verbose https://cdn.jwplayer.com/videos/ErCBQBdA-plcfVP8W.mp4 -o public/Video/ErCBQBdA.mp4
download id: ErCBQBdA
outputPath: public/Video/ErCBQBdA.jpeg
command: yt-dlp --verbose https://assets-jpcust.jwpsrv.com/thumbnails/5girurdf-1920.jpg -o public/Video/ErCBQBdA.jpeg
download id: 6XMvq4m6
outputPath: public/Video/6XMvq4m6.mp4
command: yt-dlp --verbose https://cdn.jwplayer.com/videos/6XMvq4m6-plcfVP8W.mp4 -o public/Video/6XMvq4m6.mp4
download id: 6XMvq4m6
outputPath: public/Video/6XMvq4m6.jpeg
command: yt-dlp --verbose https://assets-jpcust.jwpsrv.com/thumbnails/eajvtm5a-1920.jpg -o public/Video/6XMvq4m6.jpeg
download id: EpgsvjRM
outputPath: public/Video/EpgsvjRM.mp4
command: yt-dlp --verbose https://cdn.jwplayer.com/videos/EpgsvjRM-plcfVP8W.mp4 -o public/Video/EpgsvjRM.mp4
download id: EpgsvjRM
outputPath: public/Video/EpgsvjRM.jpeg
command: yt-dlp --verbose https://assets-jpcust.jwpsrv.com/thumbnails/9m7uuuq9-1920.jpg -o public/Video/EpgsvjRM.jpeg
download id: 7z5CciPK
outputPath: public/Video/7z5CciPK.mp4
command: yt-dlp --verbose https://cdn.jwplayer.com/videos/7z5CciPK-plcfVP8W.mp4 -o public/Video/7z5CciPK.mp4
download id: 7z5CciPK
outputPath: public/Video/7z5CciPK.jpeg
command: yt-dlp --verbose https://assets-jpcust.jwpsrv.com/thumbnails/jbca3mav-1920.jpg -o public/Video/7z5CciPK.jpeg
download id: IcZIQPtz
outputPath: public/Video/IcZIQPtz.mp4
command: yt-dlp --verbose https://cdn.jwplayer.com/videos/IcZIQPtz-plcfVP8W.mp4 -o public/Video/IcZIQPtz.mp4
download id: IcZIQPtz
outputPath: public/Video/IcZIQPtz.jpeg
command: yt-dlp --verbose https://assets-jpcust.jwpsrv.com/thumbnails/l6528jno-1920.jpg -o public/Video/IcZIQPtz.jpeg
download id: rwYUWj05
outputPath: public/Video/rwYUWj05.mp4
command: yt-dlp --verbose https://cdn.jwplayer.com/videos/rwYUWj05-plcfVP8W.mp4 -o public/Video/rwYUWj05.mp4
download id: rwYUWj05
outputPath: public/Video/rwYUWj05.jpeg
command: yt-dlp --verbose https://assets-jpcust.jwpsrv.com/thumbnails/96xspyk0-1920.jpg -o public/Video/rwYUWj05.jpeg
download id: F5qs7wb7
outputPath: public/Video/F5qs7wb7.mp4
command: yt-dlp --verbose https://cdn.jwplayer.com/videos/F5qs7wb7-plcfVP8W.mp4 -o public/Video/F5qs7wb7.mp4
download id: F5qs7wb7
outputPath: public/Video/F5qs7wb7.jpeg
command: yt-dlp --verbose https://assets-jpcust.jwpsrv.com/thumbnails/umczh6tn-1920.jpg -o public/Video/F5qs7wb7.jpeg
download id: xkgxlY1s
outputPath: public/Video/xkgxlY1s.mp4
command: yt-dlp --verbose https://cdn.jwplayer.com/videos/xkgxlY1s-plcfVP8W.mp4 -o public/Video/xkgxlY1s.mp4
download id: xkgxlY1s
outputPath: public/Video/xkgxlY1s.jpeg
command: yt-dlp --verbose https://assets-jpcust.jwpsrv.com/thumbnails/5tn8ybjw-1920.jpg -o public/Video/xkgxlY1s.jpeg
download id: 9bqmDdjH
outputPath: public/Video/9bqmDdjH.mp4
command: yt-dlp --verbose https://cdn.jwplayer.com/videos/9bqmDdjH-plcfVP8W.mp4 -o public/Video/9bqmDdjH.mp4
download id: 9bqmDdjH
outputPath: public/Video/9bqmDdjH.jpeg
command: yt-dlp --verbose https://assets-jpcust.jwpsrv.com/thumbnails/l157b04t-1920.jpg -o public/Video/9bqmDdjH.jpeg
download id: fEUvHS01
outputPath: public/Video/fEUvHS01.mp4
command: yt-dlp --verbose https://cdn.jwplayer.com/videos/fEUvHS01-plcfVP8W.mp4 -o public/Video/fEUvHS01.mp4
download id: fEUvHS01
outputPath: public/Video/fEUvHS01.jpeg
command: yt-dlp --verbose https://assets-jpcust.jwpsrv.com/thumbnails/a1aemlo6-1920.jpg -o public/Video/fEUvHS01.jpeg
download id: 55fWSFZl
outputPath: public/Video/55fWSFZl.mp4
command: yt-dlp --verbose https://cdn.jwplayer.com/videos/55fWSFZl-plcfVP8W.mp4 -o public/Video/55fWSFZl.mp4
download id: 55fWSFZl
outputPath: public/Video/55fWSFZl.jpeg
command: yt-dlp --verbose https://assets-jpcust.jwpsrv.com/thumbnails/tbmc49t9-1920.jpg -o public/Video/55fWSFZl.jpeg
download id: vbBfA4Pd
outputPath: public/Video/vbBfA4Pd.mp4
command: yt-dlp --verbose https://cdn.jwplayer.com/videos/vbBfA4Pd-plcfVP8W.mp4 -o public/Video/vbBfA4Pd.mp4
download id: vbBfA4Pd
outputPath: public/Video/vbBfA4Pd.jpeg
command: yt-dlp --verbose https://assets-jpcust.jwpsrv.com/thumbnails/6vrpwgba-1920.jpg -o public/Video/vbBfA4Pd.jpeg
download id: 9tcIgshf
outputPath: public/Video/9tcIgshf.mp4
command: yt-dlp --verbose https://cdn.jwplayer.com/videos/9tcIgshf-plcfVP8W.mp4 -o public/Video/9tcIgshf.mp4
download id: 9tcIgshf
outputPath: public/Video/9tcIgshf.jpeg
command: yt-dlp --verbose https://assets-jpcust.jwpsrv.com/thumbnails/oeeu6ezx-1920.jpg -o public/Video/9tcIgshf.jpeg
download id: mSO67f60
outputPath: public/Video/mSO67f60.mp4
command: yt-dlp --verbose https://cdn.jwplayer.com/videos/mSO67f60-plcfVP8W.mp4 -o public/Video/mSO67f60.mp4
download id: mSO67f60
outputPath: public/Video/mSO67f60.jpeg
command: yt-dlp --verbose https://assets-jpcust.jwpsrv.com/thumbnails/aezed5rh-1920.jpg -o public/Video/mSO67f60.jpeg
download id: lebba41G
outputPath: public/Video/lebba41G.mp4
command: yt-dlp --verbose https://cdn.jwplayer.com/videos/lebba41G-plcfVP8W.mp4 -o public/Video/lebba41G.mp4
download id: lebba41G
outputPath: public/Video/lebba41G.jpeg
command: yt-dlp --verbose https://assets-jpcust.jwpsrv.com/thumbnails/06u1ej0c-1920.jpg -o public/Video/lebba41G.jpeg
download id: hU1Z2wSs
outputPath: public/Video/hU1Z2wSs.mp4
command: yt-dlp --verbose https://cdn.jwplayer.com/videos/hU1Z2wSs-plcfVP8W.mp4 -o public/Video/hU1Z2wSs.mp4
download id: hU1Z2wSs
outputPath: public/Video/hU1Z2wSs.jpeg
command: yt-dlp --verbose https://assets-jpcust.jwpsrv.com/thumbnails/kyitvnl4-1920.jpg -o public/Video/hU1Z2wSs.jpeg
download id: 7Ijsex8L
outputPath: public/Video/7Ijsex8L.mp4
command: yt-dlp --verbose https://cdn.jwplayer.com/videos/7Ijsex8L-plcfVP8W.mp4 -o public/Video/7Ijsex8L.mp4
download id: 7Ijsex8L
outputPath: public/Video/7Ijsex8L.jpeg
command: yt-dlp --verbose https://assets-jpcust.jwpsrv.com/thumbnails/i776ey45-1920.jpg -o public/Video/7Ijsex8L.jpeg
download id: m4G6ceFw
outputPath: public/Video/m4G6ceFw.mp4
command: yt-dlp --verbose https://cdn.jwplayer.com/videos/m4G6ceFw-plcfVP8W.mp4 -o public/Video/m4G6ceFw.mp4
download id: m4G6ceFw
outputPath: public/Video/m4G6ceFw.jpeg
command: yt-dlp --verbose https://assets-jpcust.jwpsrv.com/thumbnails/mi5kdv9m-1920.jpg -o public/Video/m4G6ceFw.jpeg
download id: 1IzvhWMT
outputPath: public/Video/1IzvhWMT.mp4
command: yt-dlp --verbose https://cdn.jwplayer.com/videos/1IzvhWMT-plcfVP8W.mp4 -o public/Video/1IzvhWMT.mp4
download id: 1IzvhWMT
outputPath: public/Video/1IzvhWMT.jpeg
command: yt-dlp --verbose https://assets-jpcust.jwpsrv.com/thumbnails/pzvazx3v-1920.jpg -o public/Video/1IzvhWMT.jpeg
download id: GC4lnrua
outputPath: public/Video/GC4lnrua.mp4
command: yt-dlp --verbose https://cdn.jwplayer.com/videos/GC4lnrua-plcfVP8W.mp4 -o public/Video/GC4lnrua.mp4
download id: GC4lnrua
outputPath: public/Video/GC4lnrua.jpeg
command: yt-dlp --verbose https://assets-jpcust.jwpsrv.com/thumbnails/w0xezvcj-1920.jpg -o public/Video/GC4lnrua.jpeg
download id: PRmZEddJ
outputPath: public/Video/PRmZEddJ.mp4
command: yt-dlp --verbose https://cdn.jwplayer.com/videos/PRmZEddJ-plcfVP8W.mp4 -o public/Video/PRmZEddJ.mp4
download id: PRmZEddJ
outputPath: public/Video/PRmZEddJ.jpeg
command: yt-dlp --verbose https://assets-jpcust.jwpsrv.com/thumbnails/newym974-1920.jpg -o public/Video/PRmZEddJ.jpeg
download id: ErCBQBdA
outputPath: public/Video/ErCBQBdA.mp4
command: yt-dlp --verbose https://cdn.jwplayer.com/videos/ErCBQBdA-plcfVP8W.mp4 -o public/Video/ErCBQBdA.mp4
download id: ErCBQBdA
outputPath: public/Video/ErCBQBdA.jpeg
command: yt-dlp --verbose https://assets-jpcust.jwpsrv.com/thumbnails/5girurdf-1920.jpg -o public/Video/ErCBQBdA.jpeg
download id: 6XMvq4m6
outputPath: public/Video/6XMvq4m6.mp4
command: yt-dlp --verbose https://cdn.jwplayer.com/videos/6XMvq4m6-plcfVP8W.mp4 -o public/Video/6XMvq4m6.mp4
download id: 6XMvq4m6
outputPath: public/Video/6XMvq4m6.jpeg
command: yt-dlp --verbose https://assets-jpcust.jwpsrv.com/thumbnails/eajvtm5a-1920.jpg -o public/Video/6XMvq4m6.jpeg
download id: EpgsvjRM
outputPath: public/Video/EpgsvjRM.mp4
command: yt-dlp --verbose https://cdn.jwplayer.com/videos/EpgsvjRM-plcfVP8W.mp4 -o public/Video/EpgsvjRM.mp4
download id: EpgsvjRM
outputPath: public/Video/EpgsvjRM.jpeg
command: yt-dlp --verbose https://assets-jpcust.jwpsrv.com/thumbnails/9m7uuuq9-1920.jpg -o public/Video/EpgsvjRM.jpeg
download id: 7z5CciPK
outputPath: public/Video/7z5CciPK.mp4
command: yt-dlp --verbose https://cdn.jwplayer.com/videos/7z5CciPK-plcfVP8W.mp4 -o public/Video/7z5CciPK.mp4
download id: 7z5CciPK
outputPath: public/Video/7z5CciPK.jpeg
command: yt-dlp --verbose https://assets-jpcust.jwpsrv.com/thumbnails/jbca3mav-1920.jpg -o public/Video/7z5CciPK.jpeg
download id: IcZIQPtz
outputPath: public/Video/IcZIQPtz.mp4
command: yt-dlp --verbose https://cdn.jwplayer.com/videos/IcZIQPtz-plcfVP8W.mp4 -o public/Video/IcZIQPtz.mp4
download id: IcZIQPtz
outputPath: public/Video/IcZIQPtz.jpeg
command: yt-dlp --verbose https://assets-jpcust.jwpsrv.com/thumbnails/l6528jno-1920.jpg -o public/Video/IcZIQPtz.jpeg
download id: rwYUWj05
outputPath: public/Video/rwYUWj05.mp4
command: yt-dlp --verbose https://cdn.jwplayer.com/videos/rwYUWj05-plcfVP8W.mp4 -o public/Video/rwYUWj05.mp4
download id: rwYUWj05
outputPath: public/Video/rwYUWj05.jpeg
command: yt-dlp --verbose https://assets-jpcust.jwpsrv.com/thumbnails/96xspyk0-1920.jpg -o public/Video/rwYUWj05.jpeg
download id: F5qs7wb7
outputPath: public/Video/F5qs7wb7.mp4
command: yt-dlp --verbose https://cdn.jwplayer.com/videos/F5qs7wb7-plcfVP8W.mp4 -o public/Video/F5qs7wb7.mp4
download id: F5qs7wb7
outputPath: public/Video/F5qs7wb7.jpeg
command: yt-dlp --verbose https://assets-jpcust.jwpsrv.com/thumbnails/umczh6tn-1920.jpg -o public/Video/F5qs7wb7.jpeg
download id: xkgxlY1s
outputPath: public/Video/xkgxlY1s.mp4
command: yt-dlp --verbose https://cdn.jwplayer.com/videos/xkgxlY1s-plcfVP8W.mp4 -o public/Video/xkgxlY1s.mp4
download id: xkgxlY1s
outputPath: public/Video/xkgxlY1s.jpeg
command: yt-dlp --verbose https://assets-jpcust.jwpsrv.com/thumbnails/5tn8ybjw-1920.jpg -o public/Video/xkgxlY1s.jpeg
download id: 9bqmDdjH
outputPath: public/Video/9bqmDdjH.mp4
command: yt-dlp --verbose https://cdn.jwplayer.com/videos/9bqmDdjH-plcfVP8W.mp4 -o public/Video/9bqmDdjH.mp4
download id: 9bqmDdjH
outputPath: public/Video/9bqmDdjH.jpeg
command: yt-dlp --verbose https://assets-jpcust.jwpsrv.com/thumbnails/l157b04t-1920.jpg -o public/Video/9bqmDdjH.jpeg
download id: fEUvHS01
outputPath: public/Video/fEUvHS01.mp4
command: yt-dlp --verbose https://cdn.jwplayer.com/videos/fEUvHS01-plcfVP8W.mp4 -o public/Video/fEUvHS01.mp4
download id: fEUvHS01
outputPath: public/Video/fEUvHS01.jpeg
command: yt-dlp --verbose https://assets-jpcust.jwpsrv.com/thumbnails/a1aemlo6-1920.jpg -o public/Video/fEUvHS01.jpeg
download id: 55fWSFZl
outputPath: public/Video/55fWSFZl.mp4
command: yt-dlp --verbose https://cdn.jwplayer.com/videos/55fWSFZl-plcfVP8W.mp4 -o public/Video/55fWSFZl.mp4
download id: 55fWSFZl
outputPath: public/Video/55fWSFZl.jpeg
command: yt-dlp --verbose https://assets-jpcust.jwpsrv.com/thumbnails/tbmc49t9-1920.jpg -o public/Video/55fWSFZl.jpeg
download id: vbBfA4Pd
outputPath: public/Video/vbBfA4Pd.mp4
command: yt-dlp --verbose https://cdn.jwplayer.com/videos/vbBfA4Pd-plcfVP8W.mp4 -o public/Video/vbBfA4Pd.mp4
download id: vbBfA4Pd
outputPath: public/Video/vbBfA4Pd.jpeg
command: yt-dlp --verbose https://assets-jpcust.jwpsrv.com/thumbnails/6vrpwgba-1920.jpg -o public/Video/vbBfA4Pd.jpeg
download id: 9tcIgshf
outputPath: public/Video/9tcIgshf.mp4
command: yt-dlp --verbose https://cdn.jwplayer.com/videos/9tcIgshf-plcfVP8W.mp4 -o public/Video/9tcIgshf.mp4
download id: 9tcIgshf
outputPath: public/Video/9tcIgshf.jpeg
command: yt-dlp --verbose https://assets-jpcust.jwpsrv.com/thumbnails/oeeu6ezx-1920.jpg -o public/Video/9tcIgshf.jpeg
download id: mSO67f60
outputPath: public/Video/mSO67f60.mp4
command: yt-dlp --verbose https://cdn.jwplayer.com/videos/mSO67f60-plcfVP8W.mp4 -o public/Video/mSO67f60.mp4
download id: mSO67f60
outputPath: public/Video/mSO67f60.jpeg
command: yt-dlp --verbose https://assets-jpcust.jwpsrv.com/thumbnails/aezed5rh-1920.jpg -o public/Video/mSO67f60.jpeg
download id: lebba41G
outputPath: public/Video/lebba41G.mp4
command: yt-dlp --verbose https://cdn.jwplayer.com/videos/lebba41G-plcfVP8W.mp4 -o public/Video/lebba41G.mp4
download id: lebba41G
outputPath: public/Video/lebba41G.jpeg
command: yt-dlp --verbose https://assets-jpcust.jwpsrv.com/thumbnails/06u1ej0c-1920.jpg -o public/Video/lebba41G.jpeg
download id: hU1Z2wSs
outputPath: public/Video/hU1Z2wSs.mp4
command: yt-dlp --verbose https://cdn.jwplayer.com/videos/hU1Z2wSs-plcfVP8W.mp4 -o public/Video/hU1Z2wSs.mp4
download id: hU1Z2wSs
outputPath: public/Video/hU1Z2wSs.jpeg
command: yt-dlp --verbose https://assets-jpcust.jwpsrv.com/thumbnails/kyitvnl4-1920.jpg -o public/Video/hU1Z2wSs.jpeg
download id: 7Ijsex8L
outputPath: public/Video/7Ijsex8L.mp4
command: yt-dlp --verbose https://cdn.jwplayer.com/videos/7Ijsex8L-plcfVP8W.mp4 -o public/Video/7Ijsex8L.mp4
download id: 7Ijsex8L
outputPath: public/Video/7Ijsex8L.jpeg
command: yt-dlp --verbose https://assets-jpcust.jwpsrv.com/thumbnails/i776ey45-1920.jpg -o public/Video/7Ijsex8L.jpeg
download id: Bvr7JpGq
outputPath: public/Video/Bvr7JpGq.mp4
command: yt-dlp --verbose https://cdn.jwplayer.com/videos/Bvr7JpGq-plcfVP8W.mp4 -o public/Video/Bvr7JpGq.mp4
download id: Bvr7JpGq
outputPath: public/Video/Bvr7JpGq.jpeg
command: yt-dlp --verbose https://assets-jpcust.jwpsrv.com/thumbnails/vwchvh4u-1920.jpg -o public/Video/Bvr7JpGq.jpeg
download id: m4G6ceFw
outputPath: public/Video/m4G6ceFw.mp4
command: yt-dlp --verbose https://cdn.jwplayer.com/videos/m4G6ceFw-plcfVP8W.mp4 -o public/Video/m4G6ceFw.mp4
download id: m4G6ceFw
outputPath: public/Video/m4G6ceFw.jpeg
command: yt-dlp --verbose https://assets-jpcust.jwpsrv.com/thumbnails/mi5kdv9m-1920.jpg -o public/Video/m4G6ceFw.jpeg
download id: 1IzvhWMT
outputPath: public/Video/1IzvhWMT.mp4
command: yt-dlp --verbose https://cdn.jwplayer.com/videos/1IzvhWMT-plcfVP8W.mp4 -o public/Video/1IzvhWMT.mp4
download id: 1IzvhWMT
outputPath: public/Video/1IzvhWMT.jpeg
command: yt-dlp --verbose https://assets-jpcust.jwpsrv.com/thumbnails/pzvazx3v-1920.jpg -o public/Video/1IzvhWMT.jpeg
download id: GC4lnrua
outputPath: public/Video/GC4lnrua.mp4
command: yt-dlp --verbose https://cdn.jwplayer.com/videos/GC4lnrua-plcfVP8W.mp4 -o public/Video/GC4lnrua.mp4
download id: GC4lnrua
outputPath: public/Video/GC4lnrua.jpeg
command: yt-dlp --verbose https://assets-jpcust.jwpsrv.com/thumbnails/w0xezvcj-1920.jpg -o public/Video/GC4lnrua.jpeg
download id: PRmZEddJ
outputPath: public/Video/PRmZEddJ.mp4
command: yt-dlp --verbose https://cdn.jwplayer.com/videos/PRmZEddJ-plcfVP8W.mp4 -o public/Video/PRmZEddJ.mp4
download id: PRmZEddJ
outputPath: public/Video/PRmZEddJ.jpeg
command: yt-dlp --verbose https://assets-jpcust.jwpsrv.com/thumbnails/newym974-1920.jpg -o public/Video/PRmZEddJ.jpeg
download id: ErCBQBdA
outputPath: public/Video/ErCBQBdA.mp4
command: yt-dlp --verbose https://cdn.jwplayer.com/videos/ErCBQBdA-plcfVP8W.mp4 -o public/Video/ErCBQBdA.mp4
download id: ErCBQBdA
outputPath: public/Video/ErCBQBdA.jpeg
command: yt-dlp --verbose https://assets-jpcust.jwpsrv.com/thumbnails/5girurdf-1920.jpg -o public/Video/ErCBQBdA.jpeg
download id: 6XMvq4m6
outputPath: public/Video/6XMvq4m6.mp4
command: yt-dlp --verbose https://cdn.jwplayer.com/videos/6XMvq4m6-plcfVP8W.mp4 -o public/Video/6XMvq4m6.mp4
download id: 6XMvq4m6
outputPath: public/Video/6XMvq4m6.jpeg
command: yt-dlp --verbose https://assets-jpcust.jwpsrv.com/thumbnails/eajvtm5a-1920.jpg -o public/Video/6XMvq4m6.jpeg
download id: EpgsvjRM
outputPath: public/Video/EpgsvjRM.mp4
command: yt-dlp --verbose https://cdn.jwplayer.com/videos/EpgsvjRM-plcfVP8W.mp4 -o public/Video/EpgsvjRM.mp4
download id: EpgsvjRM
outputPath: public/Video/EpgsvjRM.jpeg
command: yt-dlp --verbose https://assets-jpcust.jwpsrv.com/thumbnails/9m7uuuq9-1920.jpg -o public/Video/EpgsvjRM.jpeg
download id: 7z5CciPK
outputPath: public/Video/7z5CciPK.mp4
command: yt-dlp --verbose https://cdn.jwplayer.com/videos/7z5CciPK-plcfVP8W.mp4 -o public/Video/7z5CciPK.mp4
download id: 7z5CciPK
outputPath: public/Video/7z5CciPK.jpeg
command: yt-dlp --verbose https://assets-jpcust.jwpsrv.com/thumbnails/jbca3mav-1920.jpg -o public/Video/7z5CciPK.jpeg
download id: IcZIQPtz
outputPath: public/Video/IcZIQPtz.mp4
command: yt-dlp --verbose https://cdn.jwplayer.com/videos/IcZIQPtz-plcfVP8W.mp4 -o public/Video/IcZIQPtz.mp4
download id: IcZIQPtz
outputPath: public/Video/IcZIQPtz.jpeg
command: yt-dlp --verbose https://assets-jpcust.jwpsrv.com/thumbnails/l6528jno-1920.jpg -o public/Video/IcZIQPtz.jpeg
download id: rwYUWj05
outputPath: public/Video/rwYUWj05.mp4
command: yt-dlp --verbose https://cdn.jwplayer.com/videos/rwYUWj05-plcfVP8W.mp4 -o public/Video/rwYUWj05.mp4
download id: rwYUWj05
outputPath: public/Video/rwYUWj05.jpeg
command: yt-dlp --verbose https://assets-jpcust.jwpsrv.com/thumbnails/96xspyk0-1920.jpg -o public/Video/rwYUWj05.jpeg
download id: F5qs7wb7
outputPath: public/Video/F5qs7wb7.mp4
command: yt-dlp --verbose https://cdn.jwplayer.com/videos/F5qs7wb7-plcfVP8W.mp4 -o public/Video/F5qs7wb7.mp4
download id: F5qs7wb7
outputPath: public/Video/F5qs7wb7.jpeg
command: yt-dlp --verbose https://assets-jpcust.jwpsrv.com/thumbnails/umczh6tn-1920.jpg -o public/Video/F5qs7wb7.jpeg
download id: xkgxlY1s
outputPath: public/Video/xkgxlY1s.mp4
command: yt-dlp --verbose https://cdn.jwplayer.com/videos/xkgxlY1s-plcfVP8W.mp4 -o public/Video/xkgxlY1s.mp4
download id: xkgxlY1s
outputPath: public/Video/xkgxlY1s.jpeg
command: yt-dlp --verbose https://assets-jpcust.jwpsrv.com/thumbnails/5tn8ybjw-1920.jpg -o public/Video/xkgxlY1s.jpeg
download id: 9bqmDdjH
outputPath: public/Video/9bqmDdjH.mp4
command: yt-dlp --verbose https://cdn.jwplayer.com/videos/9bqmDdjH-plcfVP8W.mp4 -o public/Video/9bqmDdjH.mp4
download id: 9bqmDdjH
outputPath: public/Video/9bqmDdjH.jpeg
command: yt-dlp --verbose https://assets-jpcust.jwpsrv.com/thumbnails/l157b04t-1920.jpg -o public/Video/9bqmDdjH.jpeg
download id: fEUvHS01
outputPath: public/Video/fEUvHS01.mp4
command: yt-dlp --verbose https://cdn.jwplayer.com/videos/fEUvHS01-plcfVP8W.mp4 -o public/Video/fEUvHS01.mp4
download id: fEUvHS01
outputPath: public/Video/fEUvHS01.jpeg
command: yt-dlp --verbose https://assets-jpcust.jwpsrv.com/thumbnails/a1aemlo6-1920.jpg -o public/Video/fEUvHS01.jpeg
download id: 55fWSFZl
outputPath: public/Video/55fWSFZl.mp4
command: yt-dlp --verbose https://cdn.jwplayer.com/videos/55fWSFZl-plcfVP8W.mp4 -o public/Video/55fWSFZl.mp4
download id: 55fWSFZl
outputPath: public/Video/55fWSFZl.jpeg
command: yt-dlp --verbose https://assets-jpcust.jwpsrv.com/thumbnails/tbmc49t9-1920.jpg -o public/Video/55fWSFZl.jpeg
download id: vbBfA4Pd
outputPath: public/Video/vbBfA4Pd.mp4
command: yt-dlp --verbose https://cdn.jwplayer.com/videos/vbBfA4Pd-plcfVP8W.mp4 -o public/Video/vbBfA4Pd.mp4
download id: vbBfA4Pd
outputPath: public/Video/vbBfA4Pd.jpeg
command: yt-dlp --verbose https://assets-jpcust.jwpsrv.com/thumbnails/6vrpwgba-1920.jpg -o public/Video/vbBfA4Pd.jpeg
download id: 9tcIgshf
outputPath: public/Video/9tcIgshf.mp4
command: yt-dlp --verbose https://cdn.jwplayer.com/videos/9tcIgshf-plcfVP8W.mp4 -o public/Video/9tcIgshf.mp4
download id: 9tcIgshf
outputPath: public/Video/9tcIgshf.jpeg
command: yt-dlp --verbose https://assets-jpcust.jwpsrv.com/thumbnails/oeeu6ezx-1920.jpg -o public/Video/9tcIgshf.jpeg
download id: mSO67f60
outputPath: public/Video/mSO67f60.mp4
command: yt-dlp --verbose https://cdn.jwplayer.com/videos/mSO67f60-plcfVP8W.mp4 -o public/Video/mSO67f60.mp4
download id: mSO67f60
outputPath: public/Video/mSO67f60.jpeg
command: yt-dlp --verbose https://assets-jpcust.jwpsrv.com/thumbnails/aezed5rh-1920.jpg -o public/Video/mSO67f60.jpeg
download id: lebba41G
outputPath: public/Video/lebba41G.mp4
command: yt-dlp --verbose https://cdn.jwplayer.com/videos/lebba41G-plcfVP8W.mp4 -o public/Video/lebba41G.mp4
download id: lebba41G
outputPath: public/Video/lebba41G.jpeg
command: yt-dlp --verbose https://assets-jpcust.jwpsrv.com/thumbnails/06u1ej0c-1920.jpg -o public/Video/lebba41G.jpeg
download id: hU1Z2wSs
outputPath: public/Video/hU1Z2wSs.mp4
command: yt-dlp --verbose https://cdn.jwplayer.com/videos/hU1Z2wSs-plcfVP8W.mp4 -o public/Video/hU1Z2wSs.mp4
download id: hU1Z2wSs
outputPath: public/Video/hU1Z2wSs.jpeg
command: yt-dlp --verbose https://assets-jpcust.jwpsrv.com/thumbnails/kyitvnl4-1920.jpg -o public/Video/hU1Z2wSs.jpeg
download id: 7Ijsex8L
outputPath: public/Video/7Ijsex8L.mp4
command: yt-dlp --verbose https://cdn.jwplayer.com/videos/7Ijsex8L-plcfVP8W.mp4 -o public/Video/7Ijsex8L.mp4
download id: 7Ijsex8L
outputPath: public/Video/7Ijsex8L.jpeg
command: yt-dlp --verbose https://assets-jpcust.jwpsrv.com/thumbnails/i776ey45-1920.jpg -o public/Video/7Ijsex8L.jpeg
download id: Bvr7JpGq
outputPath: public/Video/Bvr7JpGq.mp4
command: yt-dlp --verbose https://cdn.jwplayer.com/videos/Bvr7JpGq-plcfVP8W.mp4 -o public/Video/Bvr7JpGq.mp4
download id: Bvr7JpGq
outputPath: public/Video/Bvr7JpGq.jpeg
command: yt-dlp --verbose https://assets-jpcust.jwpsrv.com/thumbnails/vwchvh4u-1920.jpg -o public/Video/Bvr7JpGq.jpeg
download id: d2y9IYSQ
outputPath: public/Video/d2y9IYSQ.mp4
command: yt-dlp --verbose https://cdn.jwplayer.com/videos/d2y9IYSQ-plcfVP8W.mp4 -o public/Video/d2y9IYSQ.mp4
download id: d2y9IYSQ
outputPath: public/Video/d2y9IYSQ.jpeg
command: yt-dlp --verbose https://assets-jpcust.jwpsrv.com/thumbnails/c0n1193b-1920.jpg -o public/Video/d2y9IYSQ.jpeg
stdout: [generic] Extracting URL: https://cdn.jwplayer.com/videos/m4G6ceFw-plcfVP8W.mp4
[generic] m4G6ceFw-plcfVP8W: Downloading webpage

stdout: [generic] Extracting URL: https://assets-jpcust.jwpsrv.com/thumbnails/mi5kdv9m-1920.jpg
[generic] mi5kdv9m-1920: Downloading webpage
[info] mi5kdv9m-1920: Downloading 1 format(s): 0
[download] public/Video/m4G6ceFw.jpeg has already been downloaded
[download] 100% of  292.68KiB

stdout: [generic] Extracting URL: https://cdn.jwplayer.com/videos/m4G6ceFw-plcfVP8W.mp4
[generic] m4G6ceFw-plcfVP8W: Downloading webpage

stdout: [generic] Extracting URL: https://assets-jpcust.jwpsrv.com/thumbnails/mi5kdv9m-1920.jpg
[generic] mi5kdv9m-1920: Downloading webpage
[info] mi5kdv9m-1920: Downloading 1 format(s): 0
[download] public/Video/m4G6ceFw.jpeg has already been downloaded
[download] 100% of  292.68KiB

stdout: [generic] Extracting URL: https://cdn.jwplayer.com/videos/1IzvhWMT-plcfVP8W.mp4
[generic] 1IzvhWMT-plcfVP8W: Downloading webpage

stdout: [generic] Extracting URL: https://assets-jpcust.jwpsrv.com/thumbnails/pzvazx3v-1920.jpg
[generic] pzvazx3v-1920: Downloading webpage
[info] pzvazx3v-1920: Downloading 1 format(s): 0
[download] public/Video/1IzvhWMT.jpeg has already been downloaded
[download] 100% of  350.43KiB

stdout: [generic] Extracting URL: https://cdn.jwplayer.com/videos/m4G6ceFw-plcfVP8W.mp4
[generic] m4G6ceFw-plcfVP8W: Downloading webpage

stdout: [generic] Extracting URL: https://assets-jpcust.jwpsrv.com/thumbnails/mi5kdv9m-1920.jpg
[generic] mi5kdv9m-1920: Downloading webpage
[info] mi5kdv9m-1920: Downloading 1 format(s): 0
[download] public/Video/m4G6ceFw.jpeg has already been downloaded
[download] 100% of  292.68KiB

stdout: [generic] Extracting URL: https://cdn.jwplayer.com/videos/1IzvhWMT-plcfVP8W.mp4
[generic] 1IzvhWMT-plcfVP8W: Downloading webpage

stdout: [generic] Extracting URL: https://assets-jpcust.jwpsrv.com/thumbnails/pzvazx3v-1920.jpg
[generic] pzvazx3v-1920: Downloading webpage
[info] pzvazx3v-1920: Downloading 1 format(s): 0
[download] Resuming download at byte 32768
[download] Destination: public/Video/1IzvhWMT.jpeg
[download]  13.0% of  254.72KiB at   68.05KiB/s ETA 00:03[download]  13.7% of  254.72KiB at  195.87KiB/s ETA 00:01[download]  15.3% of  254.72KiB at  446.55KiB/s ETA 00:00[download]  18.5% of  254.72KiB at  499.81KiB/s ETA 00:00[download]  24.7% of  254.72KiB at 1009.67KiB/s ETA 00:00[download]  37.3% of  254.72KiB at  771.85KiB/s ETA 00:00[download]  62.4% of  254.72KiB at  602.69KiB/s ETA 00:00[download] 100.0% of  254.72KiB at  464.42KiB/s ETA 00:00[download] 100% of  254.72KiB in 00:00:00 at 397.65KiB/s 

stdout: [generic] Extracting URL: https://cdn.jwplayer.com/videos/GC4lnrua-plcfVP8W.mp4
[generic] GC4lnrua-plcfVP8W: Downloading webpage

stdout: [generic] Extracting URL: https://assets-jpcust.jwpsrv.com/thumbnails/w0xezvcj-1920.jpg
[generic] w0xezvcj-1920: Downloading webpage
[info] w0xezvcj-1920: Downloading 1 format(s): 0
[download] Destination: public/Video/GC4lnrua.jpeg
[download]   0.4% of  255.27KiB at   35.92KiB/s ETA 00:07[download]   1.2% of  255.27KiB at   73.32KiB/s ETA 00:03[download]   2.7% of  255.27KiB at  155.74KiB/s ETA 00:01[download]   5.9% of  255.27KiB at  326.80KiB/s ETA 00:00[download]  12.1% of  255.27KiB at  653.38KiB/s ETA 00:00[download]  24.7% of  255.27KiB at  934.83KiB/s ETA 00:00[download]  49.8% of  255.27KiB at    1.81MiB/s ETA 00:00[download]  99.9% of  255.27KiB at    2.56MiB/s ETA 00:00[download] 100.0% of  255.27KiB at    2.55MiB/s ETA 00:00[download] 100% of  255.27KiB in 00:00:00 at 1.14MiB/s   

stdout: [generic] Extracting URL: https://cdn.jwplayer.com/videos/m4G6ceFw-plcfVP8W.mp4
[generic] m4G6ceFw-plcfVP8W: Downloading webpage

stdout: [generic] Extracting URL: https://assets-jpcust.jwpsrv.com/thumbnails/mi5kdv9m-1920.jpg
[generic] mi5kdv9m-1920: Downloading webpage
[info] mi5kdv9m-1920: Downloading 1 format(s): 0
[download] public/Video/m4G6ceFw.jpeg has already been downloaded
[download] 100% of  292.68KiB

stdout: [generic] Extracting URL: https://cdn.jwplayer.com/videos/1IzvhWMT-plcfVP8W.mp4
[generic] 1IzvhWMT-plcfVP8W: Downloading webpage

stdout: [generic] Extracting URL: https://assets-jpcust.jwpsrv.com/thumbnails/pzvazx3v-1920.jpg
[generic] pzvazx3v-1920: Downloading webpage
[info] pzvazx3v-1920: Downloading 1 format(s): 0
[download] Destination: public/Video/1IzvhWMT.jpeg
[download]   0.4% of  254.72KiB at   61.45KiB/s ETA 00:04[download]   1.2% of  254.72KiB at  176.74KiB/s ETA 00:01[download]   2.7% of  254.72KiB at   78.70KiB/s ETA 00:03[download]   5.9% of  254.72KiB at  166.67KiB/s ETA 00:01[download]  12.2% of  254.72KiB at  341.78KiB/s ETA 00:00[download]  24.7% of  254.72KiB at  297.72KiB/s ETA 00:00[download]  49.9% of  254.72KiB at  597.75KiB/s ETA 00:00[download] 100.0% of  254.72KiB at  500.94KiB/s ETA 00:00[download] 100% of  254.72KiB in 00:00:00 at 367.73KiB/s 

stdout: [generic] Extracting URL: https://cdn.jwplayer.com/videos/GC4lnrua-plcfVP8W.mp4
[generic] GC4lnrua-plcfVP8W: Downloading webpage

stdout: [generic] Extracting URL: https://assets-jpcust.jwpsrv.com/thumbnails/w0xezvcj-1920.jpg
[generic] w0xezvcj-1920: Downloading webpage
[info] w0xezvcj-1920: Downloading 1 format(s): 0
[download] public/Video/GC4lnrua.jpeg has already been downloaded
[download] 100% of  255.27KiB

stdout: [generic] Extracting URL: https://cdn.jwplayer.com/videos/PRmZEddJ-plcfVP8W.mp4
[generic] PRmZEddJ-plcfVP8W: Downloading webpage

stdout: [generic] Extracting URL: https://assets-jpcust.jwpsrv.com/thumbnails/newym974-1920.jpg
[generic] newym974-1920: Downloading webpage
[info] newym974-1920: Downloading 1 format(s): 0
[download] public/Video/PRmZEddJ.jpeg has already been downloaded
[download] 100% of  295.56KiB

stdout: [generic] Extracting URL: https://cdn.jwplayer.com/videos/m4G6ceFw-plcfVP8W.mp4
[generic] m4G6ceFw-plcfVP8W: Downloading webpage

stdout: [generic] Extracting URL: https://assets-jpcust.jwpsrv.com/thumbnails/mi5kdv9m-1920.jpg
[generic] mi5kdv9m-1920: Downloading webpage
[info] mi5kdv9m-1920: Downloading 1 format(s): 0
[download] Destination: public/Video/m4G6ceFw.jpeg
[download]   0.3% of  292.68KiB at   63.29KiB/s ETA 00:04[download]   1.0% of  292.68KiB at  179.54KiB/s ETA 00:01[download]   2.4% of  292.68KiB at  408.57KiB/s ETA 00:00[download]   5.1% of  292.68KiB at  856.11KiB/s ETA 00:00[download]  10.6% of  292.68KiB at    1.52MiB/s ETA 00:00[download]  21.5% of  292.68KiB at    1.91MiB/s ETA 00:00[download]  43.4% of  292.68KiB at    2.77MiB/s ETA 00:00[download]  87.1% of  292.68KiB at    2.87MiB/s ETA 00:00[download] 100.0% of  292.68KiB at    2.95MiB/s ETA 00:00[download] 100% of  292.68KiB in 00:00:00 at 1.04MiB/s   

stdout: [generic] Extracting URL: https://cdn.jwplayer.com/videos/1IzvhWMT-plcfVP8W.mp4
[generic] 1IzvhWMT-plcfVP8W: Downloading webpage

stdout: [generic] Extracting URL: https://assets-jpcust.jwpsrv.com/thumbnails/pzvazx3v-1920.jpg
[generic] pzvazx3v-1920: Downloading webpage
[info] pzvazx3v-1920: Downloading 1 format(s): 0
[download] public/Video/1IzvhWMT.jpeg has already been downloaded
[download] 100% of  350.43KiB

stdout: [generic] Extracting URL: https://cdn.jwplayer.com/videos/GC4lnrua-plcfVP8W.mp4
[generic] GC4lnrua-plcfVP8W: Downloading webpage

stdout: [generic] Extracting URL: https://assets-jpcust.jwpsrv.com/thumbnails/w0xezvcj-1920.jpg
[generic] w0xezvcj-1920: Downloading webpage
[info] w0xezvcj-1920: Downloading 1 format(s): 0
[download] public/Video/GC4lnrua.jpeg has already been downloaded
[download] 100% of  255.27KiB

stdout: [generic] Extracting URL: https://cdn.jwplayer.com/videos/PRmZEddJ-plcfVP8W.mp4
[generic] PRmZEddJ-plcfVP8W: Downloading webpage

stdout: [generic] Extracting URL: https://assets-jpcust.jwpsrv.com/thumbnails/newym974-1920.jpg
[generic] newym974-1920: Downloading webpage
[info] newym974-1920: Downloading 1 format(s): 0
[download] Destination: public/Video/PRmZEddJ.jpeg
[download]   0.3% of  295.56KiB at  Unknown B/s ETA Unknown[download]   1.0% of  295.56KiB at    1.67MiB/s ETA 00:00  [download]   2.4% of  295.56KiB at    2.69MiB/s ETA 00:00[download]   5.1% of  295.56KiB at  211.89KiB/s ETA 00:01[download]  10.5% of  295.56KiB at  433.33KiB/s ETA 00:00[download]  21.3% of  295.56KiB at  524.43KiB/s ETA 00:00[download]  43.0% of  295.56KiB at  338.35KiB/s ETA 00:00[download]  86.3% of  295.56KiB at  259.94KiB/s ETA 00:00[download] 100.0% of  295.56KiB at  253.06KiB/s ETA 00:00[download] 100% of  295.56KiB in 00:00:01 at 227.28KiB/s 

stdout: [generic] Extracting URL: https://cdn.jwplayer.com/videos/ErCBQBdA-plcfVP8W.mp4
[generic] ErCBQBdA-plcfVP8W: Downloading webpage

stdout: [generic] Extracting URL: https://assets-jpcust.jwpsrv.com/thumbnails/5girurdf-1920.jpg
[generic] 5girurdf-1920: Downloading webpage
[info] 5girurdf-1920: Downloading 1 format(s): 0
[download] public/Video/ErCBQBdA.jpeg has already been downloaded
[download] 100% of  253.89KiB

stdout: [generic] Extracting URL: https://cdn.jwplayer.com/videos/m4G6ceFw-plcfVP8W.mp4
[generic] m4G6ceFw-plcfVP8W: Downloading webpage

stdout: [generic] Extracting URL: https://assets-jpcust.jwpsrv.com/thumbnails/mi5kdv9m-1920.jpg
[generic] mi5kdv9m-1920: Downloading webpage
[info] mi5kdv9m-1920: Downloading 1 format(s): 0
[download] public/Video/m4G6ceFw.jpeg has already been downloaded
[download] 100% of  292.68KiB

stdout: [generic] Extracting URL: https://cdn.jwplayer.com/videos/1IzvhWMT-plcfVP8W.mp4
[generic] 1IzvhWMT-plcfVP8W: Downloading webpage

stdout: [generic] Extracting URL: https://assets-jpcust.jwpsrv.com/thumbnails/pzvazx3v-1920.jpg
[generic] pzvazx3v-1920: Downloading webpage
[info] pzvazx3v-1920: Downloading 1 format(s): 0
[download] public/Video/1IzvhWMT.jpeg has already been downloaded
[download] 100% of  350.43KiB

stdout: [generic] Extracting URL: https://cdn.jwplayer.com/videos/GC4lnrua-plcfVP8W.mp4
[generic] GC4lnrua-plcfVP8W: Downloading webpage

stdout: [generic] Extracting URL: https://assets-jpcust.jwpsrv.com/thumbnails/w0xezvcj-1920.jpg
[generic] w0xezvcj-1920: Downloading webpage
[info] w0xezvcj-1920: Downloading 1 format(s): 0
[download] public/Video/GC4lnrua.jpeg has already been downloaded
[download] 100% of  255.27KiB

stdout: [generic] Extracting URL: https://cdn.jwplayer.com/videos/PRmZEddJ-plcfVP8W.mp4
[generic] PRmZEddJ-plcfVP8W: Downloading webpage

stdout: [generic] Extracting URL: https://assets-jpcust.jwpsrv.com/thumbnails/newym974-1920.jpg
[generic] newym974-1920: Downloading webpage
[info] newym974-1920: Downloading 1 format(s): 0
[download] public/Video/PRmZEddJ.jpeg has already been downloaded
[download] 100% of  295.56KiB

stdout: [generic] Extracting URL: https://cdn.jwplayer.com/videos/ErCBQBdA-plcfVP8W.mp4
[generic] ErCBQBdA-plcfVP8W: Downloading webpage

stdout: [generic] Extracting URL: https://assets-jpcust.jwpsrv.com/thumbnails/5girurdf-1920.jpg
[generic] 5girurdf-1920: Downloading webpage
[info] 5girurdf-1920: Downloading 1 format(s): 0
[download] public/Video/ErCBQBdA.jpeg has already been downloaded
[download] 100% of  253.89KiB

stdout: [generic] Extracting URL: https://cdn.jwplayer.com/videos/6XMvq4m6-plcfVP8W.mp4
[generic] 6XMvq4m6-plcfVP8W: Downloading webpage

stdout: [generic] Extracting URL: https://assets-jpcust.jwpsrv.com/thumbnails/eajvtm5a-1920.jpg
[generic] eajvtm5a-1920: Downloading webpage
[info] eajvtm5a-1920: Downloading 1 format(s): 0
[download] Destination: public/Video/6XMvq4m6.jpeg
[download]   0.3% of  311.28KiB at   75.82KiB/s ETA 00:04[download]   1.0% of  311.28KiB at   32.49KiB/s ETA 00:09[download]   2.2% of  311.28KiB at   24.19KiB/s ETA 00:12[download]   4.8% of  311.28KiB at   36.11KiB/s ETA 00:08[download]  10.0% of  311.28KiB at   74.44KiB/s ETA 00:03[download]  20.2% of  311.28KiB at  150.98KiB/s ETA 00:01[download]  40.8% of  311.28KiB at  242.39KiB/s ETA 00:00[download]  81.9% of  311.28KiB at  311.46KiB/s ETA 00:00[download] 100.0% of  311.28KiB at  327.84KiB/s ETA 00:00[download] 100% of  311.28KiB in 00:00:01 at 189.01KiB/s 

stdout: [generic] Extracting URL: https://cdn.jwplayer.com/videos/m4G6ceFw-plcfVP8W.mp4
[generic] m4G6ceFw-plcfVP8W: Downloading webpage

stdout: [generic] Extracting URL: https://assets-jpcust.jwpsrv.com/thumbnails/mi5kdv9m-1920.jpg
[generic] mi5kdv9m-1920: Downloading webpage
[info] mi5kdv9m-1920: Downloading 1 format(s): 0
[download] public/Video/m4G6ceFw.jpeg has already been downloaded
[download] 100% of  292.68KiB

stdout: [generic] Extracting URL: https://cdn.jwplayer.com/videos/1IzvhWMT-plcfVP8W.mp4
[generic] 1IzvhWMT-plcfVP8W: Downloading webpage

stdout: [generic] Extracting URL: https://assets-jpcust.jwpsrv.com/thumbnails/pzvazx3v-1920.jpg
[generic] pzvazx3v-1920: Downloading webpage
[info] pzvazx3v-1920: Downloading 1 format(s): 0
[download] public/Video/1IzvhWMT.jpeg has already been downloaded
[download] 100% of  350.43KiB

stdout: [generic] Extracting URL: https://cdn.jwplayer.com/videos/GC4lnrua-plcfVP8W.mp4
[generic] GC4lnrua-plcfVP8W: Downloading webpage

stdout: [generic] Extracting URL: https://assets-jpcust.jwpsrv.com/thumbnails/w0xezvcj-1920.jpg
[generic] w0xezvcj-1920: Downloading webpage
[info] w0xezvcj-1920: Downloading 1 format(s): 0
[download] public/Video/GC4lnrua.jpeg has already been downloaded
[download] 100% of  255.27KiB

stdout: [generic] Extracting URL: https://cdn.jwplayer.com/videos/PRmZEddJ-plcfVP8W.mp4
[generic] PRmZEddJ-plcfVP8W: Downloading webpage

stdout: [generic] Extracting URL: https://assets-jpcust.jwpsrv.com/thumbnails/newym974-1920.jpg
[generic] newym974-1920: Downloading webpage
[info] newym974-1920: Downloading 1 format(s): 0
[download] public/Video/PRmZEddJ.jpeg has already been downloaded
[download] 100% of  295.56KiB

stdout: [generic] Extracting URL: https://cdn.jwplayer.com/videos/ErCBQBdA-plcfVP8W.mp4
[generic] ErCBQBdA-plcfVP8W: Downloading webpage

stdout: [generic] Extracting URL: https://assets-jpcust.jwpsrv.com/thumbnails/5girurdf-1920.jpg
[generic] 5girurdf-1920: Downloading webpage
[info] 5girurdf-1920: Downloading 1 format(s): 0
[download] public/Video/ErCBQBdA.jpeg has already been downloaded
[download] 100% of  253.89KiB

stdout: [generic] Extracting URL: https://cdn.jwplayer.com/videos/6XMvq4m6-plcfVP8W.mp4
[generic] 6XMvq4m6-plcfVP8W: Downloading webpage

stdout: [generic] Extracting URL: https://assets-jpcust.jwpsrv.com/thumbnails/eajvtm5a-1920.jpg
[generic] eajvtm5a-1920: Downloading webpage
[info] eajvtm5a-1920: Downloading 1 format(s): 0
[download] Destination: public/Video/6XMvq4m6.jpeg
[download]   0.3% of  311.28KiB at   66.92KiB/s ETA 00:04[download]   1.0% of  311.28KiB at   29.74KiB/s ETA 00:10[download]   2.2% of  311.28KiB at   23.86KiB/s ETA 00:12[download]   4.8% of  311.28KiB at   47.58KiB/s ETA 00:06[download]  10.0% of  311.28KiB at   96.08KiB/s ETA 00:02[download]  20.2% of  311.28KiB at  194.74KiB/s ETA 00:01[download]  40.8% of  311.28KiB at  301.99KiB/s ETA 00:00[download]  81.9% of  311.28KiB at  355.33KiB/s ETA 00:00[download] 100.0% of  311.28KiB at  365.56KiB/s ETA 00:00[download] 100% of  311.28KiB in 00:00:01 at 285.71KiB/s 

stdout: [generic] Extracting URL: https://cdn.jwplayer.com/videos/EpgsvjRM-plcfVP8W.mp4
[generic] EpgsvjRM-plcfVP8W: Downloading webpage

stdout: [generic] Extracting URL: https://assets-jpcust.jwpsrv.com/thumbnails/9m7uuuq9-1920.jpg
[generic] 9m7uuuq9-1920: Downloading webpage
[info] 9m7uuuq9-1920: Downloading 1 format(s): 0
[download] public/Video/EpgsvjRM.jpeg has already been downloaded
[download] 100% of  273.70KiB

stdout: [generic] Extracting URL: https://cdn.jwplayer.com/videos/m4G6ceFw-plcfVP8W.mp4
[generic] m4G6ceFw-plcfVP8W: Downloading webpage

stdout: [generic] Extracting URL: https://assets-jpcust.jwpsrv.com/thumbnails/mi5kdv9m-1920.jpg
[generic] mi5kdv9m-1920: Downloading webpage
[info] mi5kdv9m-1920: Downloading 1 format(s): 0
[download] public/Video/m4G6ceFw.jpeg has already been downloaded
[download] 100% of  292.68KiB

stdout: [generic] Extracting URL: https://cdn.jwplayer.com/videos/1IzvhWMT-plcfVP8W.mp4
[generic] 1IzvhWMT-plcfVP8W: Downloading webpage

stdout: [generic] Extracting URL: https://assets-jpcust.jwpsrv.com/thumbnails/pzvazx3v-1920.jpg
[generic] pzvazx3v-1920: Downloading webpage
[info] pzvazx3v-1920: Downloading 1 format(s): 0
[download] public/Video/1IzvhWMT.jpeg has already been downloaded
[download] 100% of  350.43KiB

stdout: [generic] Extracting URL: https://cdn.jwplayer.com/videos/GC4lnrua-plcfVP8W.mp4
[generic] GC4lnrua-plcfVP8W: Downloading webpage

stdout: [generic] Extracting URL: https://assets-jpcust.jwpsrv.com/thumbnails/w0xezvcj-1920.jpg
[generic] w0xezvcj-1920: Downloading webpage
[info] w0xezvcj-1920: Downloading 1 format(s): 0
[download] public/Video/GC4lnrua.jpeg has already been downloaded
[download] 100% of  255.27KiB

stdout: [generic] Extracting URL: https://cdn.jwplayer.com/videos/PRmZEddJ-plcfVP8W.mp4
[generic] PRmZEddJ-plcfVP8W: Downloading webpage

stdout: [generic] Extracting URL: https://assets-jpcust.jwpsrv.com/thumbnails/newym974-1920.jpg
[generic] newym974-1920: Downloading webpage
[info] newym974-1920: Downloading 1 format(s): 0
[download] public/Video/PRmZEddJ.jpeg has already been downloaded
[download] 100% of  295.56KiB

stdout: [generic] Extracting URL: https://cdn.jwplayer.com/videos/ErCBQBdA-plcfVP8W.mp4
[generic] ErCBQBdA-plcfVP8W: Downloading webpage

stdout: [generic] Extracting URL: https://assets-jpcust.jwpsrv.com/thumbnails/5girurdf-1920.jpg
[generic] 5girurdf-1920: Downloading webpage
[info] 5girurdf-1920: Downloading 1 format(s): 0
[download] public/Video/ErCBQBdA.jpeg has already been downloaded
[download] 100% of  253.89KiB

stdout: [generic] Extracting URL: https://cdn.jwplayer.com/videos/6XMvq4m6-plcfVP8W.mp4
[generic] 6XMvq4m6-plcfVP8W: Downloading webpage

stdout: [generic] Extracting URL: https://assets-jpcust.jwpsrv.com/thumbnails/eajvtm5a-1920.jpg
[generic] eajvtm5a-1920: Downloading webpage
[info] eajvtm5a-1920: Downloading 1 format(s): 0
[download] public/Video/6XMvq4m6.jpeg has already been downloaded
[download] 100% of  311.28KiB

stdout: [generic] Extracting URL: https://cdn.jwplayer.com/videos/EpgsvjRM-plcfVP8W.mp4
[generic] EpgsvjRM-plcfVP8W: Downloading webpage

stdout: [generic] Extracting URL: https://assets-jpcust.jwpsrv.com/thumbnails/9m7uuuq9-1920.jpg
[generic] 9m7uuuq9-1920: Downloading webpage
[info] 9m7uuuq9-1920: Downloading 1 format(s): 0
[download] Destination: public/Video/EpgsvjRM.jpeg
[download]   0.4% of  273.70KiB at  513.69KiB/s ETA 00:00[download]   1.1% of  273.70KiB at   28.96KiB/s ETA 00:09[download]   2.6% of  273.70KiB at   66.80KiB/s ETA 00:03[download]   5.5% of  273.70KiB at  140.27KiB/s ETA 00:01[download]  11.3% of  273.70KiB at  287.97KiB/s ETA 00:00[download]  23.0% of  273.70KiB at  468.77KiB/s ETA 00:00[download]  46.4% of  273.70KiB at  299.46KiB/s ETA 00:00[download]  93.2% of  273.70KiB at  243.89KiB/s ETA 00:00[download] 100.0% of  273.70KiB at  253.46KiB/s ETA 00:00[download] 100% of  273.70KiB in 00:00:01 at 189.11KiB/s 

stdout: [generic] Extracting URL: https://cdn.jwplayer.com/videos/7z5CciPK-plcfVP8W.mp4
[generic] 7z5CciPK-plcfVP8W: Downloading webpage

stdout: [generic] Extracting URL: https://assets-jpcust.jwpsrv.com/thumbnails/jbca3mav-1920.jpg
[generic] jbca3mav-1920: Downloading webpage
[info] jbca3mav-1920: Downloading 1 format(s): 0
[download] public/Video/7z5CciPK.jpeg has already been downloaded
[download] 100% of  282.77KiB

stdout: [generic] Extracting URL: https://cdn.jwplayer.com/videos/m4G6ceFw-plcfVP8W.mp4
[generic] m4G6ceFw-plcfVP8W: Downloading webpage

stdout: [generic] Extracting URL: https://assets-jpcust.jwpsrv.com/thumbnails/mi5kdv9m-1920.jpg
[generic] mi5kdv9m-1920: Downloading webpage
[info] mi5kdv9m-1920: Downloading 1 format(s): 0
[download] public/Video/m4G6ceFw.jpeg has already been downloaded
[download] 100% of  292.68KiB

stdout: [generic] Extracting URL: https://cdn.jwplayer.com/videos/1IzvhWMT-plcfVP8W.mp4
[generic] 1IzvhWMT-plcfVP8W: Downloading webpage

stdout: [generic] Extracting URL: https://assets-jpcust.jwpsrv.com/thumbnails/pzvazx3v-1920.jpg
[generic] pzvazx3v-1920: Downloading webpage
[info] pzvazx3v-1920: Downloading 1 format(s): 0
[download] public/Video/1IzvhWMT.jpeg has already been downloaded
[download] 100% of  350.43KiB

stdout: [generic] Extracting URL: https://cdn.jwplayer.com/videos/GC4lnrua-plcfVP8W.mp4
[generic] GC4lnrua-plcfVP8W: Downloading webpage

stdout: [generic] Extracting URL: https://assets-jpcust.jwpsrv.com/thumbnails/w0xezvcj-1920.jpg
[generic] w0xezvcj-1920: Downloading webpage
[info] w0xezvcj-1920: Downloading 1 format(s): 0
[download] public/Video/GC4lnrua.jpeg has already been downloaded
[download] 100% of  255.27KiB

stdout: [generic] Extracting URL: https://cdn.jwplayer.com/videos/PRmZEddJ-plcfVP8W.mp4
[generic] PRmZEddJ-plcfVP8W: Downloading webpage

stdout: [generic] Extracting URL: https://assets-jpcust.jwpsrv.com/thumbnails/newym974-1920.jpg
[generic] newym974-1920: Downloading webpage
[info] newym974-1920: Downloading 1 format(s): 0
[download] public/Video/PRmZEddJ.jpeg has already been downloaded
[download] 100% of  295.56KiB

stdout: [generic] Extracting URL: https://cdn.jwplayer.com/videos/ErCBQBdA-plcfVP8W.mp4
[generic] ErCBQBdA-plcfVP8W: Downloading webpage

stdout: [generic] Extracting URL: https://assets-jpcust.jwpsrv.com/thumbnails/5girurdf-1920.jpg
[generic] 5girurdf-1920: Downloading webpage
[info] 5girurdf-1920: Downloading 1 format(s): 0
[download] public/Video/ErCBQBdA.jpeg has already been downloaded
[download] 100% of  253.89KiB

stdout: [generic] Extracting URL: https://cdn.jwplayer.com/videos/6XMvq4m6-plcfVP8W.mp4
[generic] 6XMvq4m6-plcfVP8W: Downloading webpage

stdout: [generic] Extracting URL: https://assets-jpcust.jwpsrv.com/thumbnails/eajvtm5a-1920.jpg
[generic] eajvtm5a-1920: Downloading webpage
[info] eajvtm5a-1920: Downloading 1 format(s): 0
[download] public/Video/6XMvq4m6.jpeg has already been downloaded
[download] 100% of  311.28KiB

stdout: [generic] Extracting URL: https://cdn.jwplayer.com/videos/EpgsvjRM-plcfVP8W.mp4
[generic] EpgsvjRM-plcfVP8W: Downloading webpage

stdout: [generic] Extracting URL: https://assets-jpcust.jwpsrv.com/thumbnails/9m7uuuq9-1920.jpg
[generic] 9m7uuuq9-1920: Downloading webpage
[info] 9m7uuuq9-1920: Downloading 1 format(s): 0
[download] public/Video/EpgsvjRM.jpeg has already been downloaded
[download] 100% of  273.70KiB

stdout: [generic] Extracting URL: https://cdn.jwplayer.com/videos/7z5CciPK-plcfVP8W.mp4
[generic] 7z5CciPK-plcfVP8W: Downloading webpage

stdout: [generic] Extracting URL: https://assets-jpcust.jwpsrv.com/thumbnails/jbca3mav-1920.jpg
[generic] jbca3mav-1920: Downloading webpage
[info] jbca3mav-1920: Downloading 1 format(s): 0
[download] Destination: public/Video/7z5CciPK.jpeg
[download]   0.4% of  282.77KiB at   78.85KiB/s ETA 00:03[download]   1.1% of  282.77KiB at  217.21KiB/s ETA 00:01[download]   2.5% of  282.77KiB at  472.35KiB/s ETA 00:00[download]   5.3% of  282.77KiB at  941.91KiB/s ETA 00:00[download]  11.0% of  282.77KiB at    1.78MiB/s ETA 00:00[download]  22.3% of  282.77KiB at  426.16KiB/s ETA 00:00[download]  44.9% of  282.77KiB at  849.77KiB/s ETA 00:00[download]  90.2% of  282.77KiB at 1010.20KiB/s ETA 00:00[download] 100.0% of  282.77KiB at    1.09MiB/s ETA 00:00[download] 100% of  282.77KiB in 00:00:00 at 569.41KiB/s 

stdout: [generic] Extracting URL: https://cdn.jwplayer.com/videos/IcZIQPtz-plcfVP8W.mp4
[generic] IcZIQPtz-plcfVP8W: Downloading webpage

stdout: [generic] Extracting URL: https://assets-jpcust.jwpsrv.com/thumbnails/l6528jno-1920.jpg
[generic] l6528jno-1920: Downloading webpage
[info] l6528jno-1920: Downloading 1 format(s): 0
[download] Destination: public/Video/IcZIQPtz.jpeg
[download]   0.4% of  263.61KiB at   61.72KiB/s ETA 00:04[download]   1.1% of  263.61KiB at  176.74KiB/s ETA 00:01[download]   2.7% of  263.61KiB at  400.09KiB/s ETA 00:00[download]   5.7% of  263.61KiB at  832.76KiB/s ETA 00:00[download]  11.8% of  263.61KiB at  672.25KiB/s ETA 00:00[download]  23.9% of  263.61KiB at  481.28KiB/s ETA 00:00[download]  48.2% of  263.61KiB at  546.65KiB/s ETA 00:00[download]  96.7% of  263.61KiB at  465.87KiB/s ETA 00:00[download] 100.0% of  263.61KiB at  461.69KiB/s ETA 00:00[download] 100% of  263.61KiB in 00:00:08 at 30.92KiB/s  

stdout: [generic] Extracting URL: https://cdn.jwplayer.com/videos/m4G6ceFw-plcfVP8W.mp4
[generic] m4G6ceFw-plcfVP8W: Downloading webpage

stdout: [generic] Extracting URL: https://assets-jpcust.jwpsrv.com/thumbnails/mi5kdv9m-1920.jpg
[generic] mi5kdv9m-1920: Downloading webpage
[info] mi5kdv9m-1920: Downloading 1 format(s): 0
[download] public/Video/m4G6ceFw.jpeg has already been downloaded
[download] 100% of  292.68KiB

stdout: [generic] Extracting URL: https://cdn.jwplayer.com/videos/1IzvhWMT-plcfVP8W.mp4
[generic] 1IzvhWMT-plcfVP8W: Downloading webpage

stdout: [generic] Extracting URL: https://assets-jpcust.jwpsrv.com/thumbnails/pzvazx3v-1920.jpg
[generic] pzvazx3v-1920: Downloading webpage
[info] pzvazx3v-1920: Downloading 1 format(s): 0
[download] public/Video/1IzvhWMT.jpeg has already been downloaded
[download] 100% of  350.43KiB

stdout: [generic] Extracting URL: https://cdn.jwplayer.com/videos/GC4lnrua-plcfVP8W.mp4
[generic] GC4lnrua-plcfVP8W: Downloading webpage

stdout: [generic] Extracting URL: https://assets-jpcust.jwpsrv.com/thumbnails/w0xezvcj-1920.jpg
[generic] w0xezvcj-1920: Downloading webpage
[info] w0xezvcj-1920: Downloading 1 format(s): 0
[download] public/Video/GC4lnrua.jpeg has already been downloaded
[download] 100% of  255.27KiB

stdout: [generic] Extracting URL: https://cdn.jwplayer.com/videos/PRmZEddJ-plcfVP8W.mp4
[generic] PRmZEddJ-plcfVP8W: Downloading webpage

stdout: [generic] Extracting URL: https://assets-jpcust.jwpsrv.com/thumbnails/newym974-1920.jpg
[generic] newym974-1920: Downloading webpage
[info] newym974-1920: Downloading 1 format(s): 0
[download] public/Video/PRmZEddJ.jpeg has already been downloaded
[download] 100% of  295.56KiB

stdout: [generic] Extracting URL: https://cdn.jwplayer.com/videos/ErCBQBdA-plcfVP8W.mp4
[generic] ErCBQBdA-plcfVP8W: Downloading webpage

stdout: [generic] Extracting URL: https://assets-jpcust.jwpsrv.com/thumbnails/5girurdf-1920.jpg
[generic] 5girurdf-1920: Downloading webpage
[info] 5girurdf-1920: Downloading 1 format(s): 0
[download] Destination: public/Video/ErCBQBdA.jpeg
[download]   0.4% of  253.89KiB at  Unknown B/s ETA Unknown[download]   1.2% of  253.89KiB at    1.67MiB/s ETA 00:00  [download]   2.8% of  253.89KiB at    2.54MiB/s ETA 00:00[download]   5.9% of  253.89KiB at  249.61KiB/s ETA 00:00[download]  12.2% of  253.89KiB at  507.34KiB/s ETA 00:00[download]  24.8% of  253.89KiB at  525.80KiB/s ETA 00:00[download]  50.0% of  253.89KiB at  942.66KiB/s ETA 00:00[download] 100.0% of  253.89KiB at    1.55MiB/s ETA 00:00[download] 100% of  253.89KiB in 00:00:00 at 678.38KiB/s 

stdout: [generic] Extracting URL: https://cdn.jwplayer.com/videos/6XMvq4m6-plcfVP8W.mp4
[generic] 6XMvq4m6-plcfVP8W: Downloading webpage

stdout: [generic] Extracting URL: https://assets-jpcust.jwpsrv.com/thumbnails/eajvtm5a-1920.jpg
[generic] eajvtm5a-1920: Downloading webpage
[info] eajvtm5a-1920: Downloading 1 format(s): 0
[download] public/Video/6XMvq4m6.jpeg has already been downloaded
[download] 100% of  311.28KiB

stdout: [generic] Extracting URL: https://cdn.jwplayer.com/videos/EpgsvjRM-plcfVP8W.mp4
[generic] EpgsvjRM-plcfVP8W: Downloading webpage

stdout: [generic] Extracting URL: https://assets-jpcust.jwpsrv.com/thumbnails/9m7uuuq9-1920.jpg
[generic] 9m7uuuq9-1920: Downloading webpage
[info] 9m7uuuq9-1920: Downloading 1 format(s): 0
[download] public/Video/EpgsvjRM.jpeg has already been downloaded
[download] 100% of  273.70KiB

stdout: [generic] Extracting URL: https://cdn.jwplayer.com/videos/7z5CciPK-plcfVP8W.mp4
[generic] 7z5CciPK-plcfVP8W: Downloading webpage

stdout: [generic] Extracting URL: https://assets-jpcust.jwpsrv.com/thumbnails/jbca3mav-1920.jpg
[generic] jbca3mav-1920: Downloading webpage
[info] jbca3mav-1920: Downloading 1 format(s): 0
[download] public/Video/7z5CciPK.jpeg has already been downloaded
[download] 100% of  282.77KiB

stdout: [generic] Extracting URL: https://cdn.jwplayer.com/videos/IcZIQPtz-plcfVP8W.mp4
[generic] IcZIQPtz-plcfVP8W: Downloading webpage

stdout: [generic] Extracting URL: https://assets-jpcust.jwpsrv.com/thumbnails/l6528jno-1920.jpg
[generic] l6528jno-1920: Downloading webpage
[info] l6528jno-1920: Downloading 1 format(s): 0
[download] public/Video/IcZIQPtz.jpeg has already been downloaded
[download] 100% of  263.61KiB

stdout: [generic] Extracting URL: https://cdn.jwplayer.com/videos/rwYUWj05-plcfVP8W.mp4
[generic] rwYUWj05-plcfVP8W: Downloading webpage

stdout: [generic] Extracting URL: https://assets-jpcust.jwpsrv.com/thumbnails/96xspyk0-1920.jpg
[generic] 96xspyk0-1920: Downloading webpage
[info] 96xspyk0-1920: Downloading 1 format(s): 0
[download] Destination: public/Video/rwYUWj05.jpeg
[download]   0.4% of  253.20KiB at   84.29KiB/s ETA 00:02[download]   1.2% of  253.20KiB at   44.40KiB/s ETA 00:05[download]   2.8% of  253.20KiB at  102.21KiB/s ETA 00:02[download]   5.9% of  253.20KiB at  216.00KiB/s ETA 00:01[download]  12.2% of  253.20KiB at  441.09KiB/s ETA 00:00[download]  24.9% of  253.20KiB at  881.42KiB/s ETA 00:00[download]  50.2% of  253.20KiB at  597.84KiB/s ETA 00:00[download] 100.0% of  253.20KiB at  500.47KiB/s ETA 00:00[download] 100% of  253.20KiB in 00:00:00 at 396.46KiB/s 

stdout: [generic] Extracting URL: https://cdn.jwplayer.com/videos/m4G6ceFw-plcfVP8W.mp4
[generic] m4G6ceFw-plcfVP8W: Downloading webpage

stdout: [generic] Extracting URL: https://assets-jpcust.jwpsrv.com/thumbnails/mi5kdv9m-1920.jpg
[generic] mi5kdv9m-1920: Downloading webpage
[info] mi5kdv9m-1920: Downloading 1 format(s): 0
[download] public/Video/m4G6ceFw.jpeg has already been downloaded
[download] 100% of  292.68KiB

stdout: [generic] Extracting URL: https://cdn.jwplayer.com/videos/1IzvhWMT-plcfVP8W.mp4
[generic] 1IzvhWMT-plcfVP8W: Downloading webpage

stdout: [generic] Extracting URL: https://assets-jpcust.jwpsrv.com/thumbnails/pzvazx3v-1920.jpg
[generic] pzvazx3v-1920: Downloading webpage
[info] pzvazx3v-1920: Downloading 1 format(s): 0
[download] public/Video/1IzvhWMT.jpeg has already been downloaded
[download] 100% of  350.43KiB

stdout: [generic] Extracting URL: https://cdn.jwplayer.com/videos/GC4lnrua-plcfVP8W.mp4
[generic] GC4lnrua-plcfVP8W: Downloading webpage

stdout: [generic] Extracting URL: https://assets-jpcust.jwpsrv.com/thumbnails/w0xezvcj-1920.jpg
[generic] w0xezvcj-1920: Downloading webpage
[info] w0xezvcj-1920: Downloading 1 format(s): 0
[download] public/Video/GC4lnrua.jpeg has already been downloaded
[download] 100% of  255.27KiB

stdout: [generic] Extracting URL: https://cdn.jwplayer.com/videos/PRmZEddJ-plcfVP8W.mp4
[generic] PRmZEddJ-plcfVP8W: Downloading webpage

stdout: [generic] Extracting URL: https://assets-jpcust.jwpsrv.com/thumbnails/newym974-1920.jpg
[generic] newym974-1920: Downloading webpage
[info] newym974-1920: Downloading 1 format(s): 0
[download] public/Video/PRmZEddJ.jpeg has already been downloaded
[download] 100% of  295.56KiB

stdout: [generic] Extracting URL: https://cdn.jwplayer.com/videos/ErCBQBdA-plcfVP8W.mp4
[generic] ErCBQBdA-plcfVP8W: Downloading webpage

stdout: [generic] Extracting URL: https://assets-jpcust.jwpsrv.com/thumbnails/5girurdf-1920.jpg
[generic] 5girurdf-1920: Downloading webpage
[info] 5girurdf-1920: Downloading 1 format(s): 0
[download] public/Video/ErCBQBdA.jpeg has already been downloaded
[download] 100% of  253.89KiB

stdout: [generic] Extracting URL: https://cdn.jwplayer.com/videos/6XMvq4m6-plcfVP8W.mp4
[generic] 6XMvq4m6-plcfVP8W: Downloading webpage

stdout: [generic] Extracting URL: https://assets-jpcust.jwpsrv.com/thumbnails/eajvtm5a-1920.jpg
[generic] eajvtm5a-1920: Downloading webpage
[info] eajvtm5a-1920: Downloading 1 format(s): 0
[download] public/Video/6XMvq4m6.jpeg has already been downloaded
[download] 100% of  311.28KiB

stdout: [generic] Extracting URL: https://cdn.jwplayer.com/videos/EpgsvjRM-plcfVP8W.mp4
[generic] EpgsvjRM-plcfVP8W: Downloading webpage

stdout: [generic] Extracting URL: https://assets-jpcust.jwpsrv.com/thumbnails/9m7uuuq9-1920.jpg
[generic] 9m7uuuq9-1920: Downloading webpage
[info] 9m7uuuq9-1920: Downloading 1 format(s): 0
[download] public/Video/EpgsvjRM.jpeg has already been downloaded
[download] 100% of  273.70KiB

stdout: [generic] Extracting URL: https://cdn.jwplayer.com/videos/7z5CciPK-plcfVP8W.mp4
[generic] 7z5CciPK-plcfVP8W: Downloading webpage

stdout: [generic] Extracting URL: https://assets-jpcust.jwpsrv.com/thumbnails/jbca3mav-1920.jpg
[generic] jbca3mav-1920: Downloading webpage
[info] jbca3mav-1920: Downloading 1 format(s): 0
[download] public/Video/7z5CciPK.jpeg has already been downloaded
[download] 100% of  282.77KiB

stdout: [generic] Extracting URL: https://cdn.jwplayer.com/videos/IcZIQPtz-plcfVP8W.mp4
[generic] IcZIQPtz-plcfVP8W: Downloading webpage

stdout: [generic] Extracting URL: https://assets-jpcust.jwpsrv.com/thumbnails/l6528jno-1920.jpg
[generic] l6528jno-1920: Downloading webpage
[info] l6528jno-1920: Downloading 1 format(s): 0
[download] public/Video/IcZIQPtz.jpeg has already been downloaded
[download] 100% of  263.61KiB

stdout: [generic] Extracting URL: https://cdn.jwplayer.com/videos/rwYUWj05-plcfVP8W.mp4
[generic] rwYUWj05-plcfVP8W: Downloading webpage

stdout: [generic] Extracting URL: https://assets-jpcust.jwpsrv.com/thumbnails/96xspyk0-1920.jpg
[generic] 96xspyk0-1920: Downloading webpage
[info] 96xspyk0-1920: Downloading 1 format(s): 0
[download] public/Video/rwYUWj05.jpeg has already been downloaded
[download] 100% of  253.20KiB

stdout: [generic] Extracting URL: https://cdn.jwplayer.com/videos/F5qs7wb7-plcfVP8W.mp4
[generic] F5qs7wb7-plcfVP8W: Downloading webpage

stdout: [generic] Extracting URL: https://assets-jpcust.jwpsrv.com/thumbnails/umczh6tn-1920.jpg
[generic] umczh6tn-1920: Downloading webpage
[info] umczh6tn-1920: Downloading 1 format(s): 0
[download] public/Video/F5qs7wb7.jpeg has already been downloaded
[download] 100% of  276.92KiB

stdout: [generic] Extracting URL: https://cdn.jwplayer.com/videos/m4G6ceFw-plcfVP8W.mp4
[generic] m4G6ceFw-plcfVP8W: Downloading webpage

stdout: [generic] Extracting URL: https://assets-jpcust.jwpsrv.com/thumbnails/mi5kdv9m-1920.jpg
[generic] mi5kdv9m-1920: Downloading webpage
[info] mi5kdv9m-1920: Downloading 1 format(s): 0
[download] public/Video/m4G6ceFw.jpeg has already been downloaded
[download] 100% of  292.68KiB

stdout: [generic] Extracting URL: https://cdn.jwplayer.com/videos/1IzvhWMT-plcfVP8W.mp4
[generic] 1IzvhWMT-plcfVP8W: Downloading webpage

stdout: [generic] Extracting URL: https://assets-jpcust.jwpsrv.com/thumbnails/pzvazx3v-1920.jpg
[generic] pzvazx3v-1920: Downloading webpage
[info] pzvazx3v-1920: Downloading 1 format(s): 0
[download] public/Video/1IzvhWMT.jpeg has already been downloaded
[download] 100% of  350.43KiB

stdout: [generic] Extracting URL: https://cdn.jwplayer.com/videos/GC4lnrua-plcfVP8W.mp4
[generic] GC4lnrua-plcfVP8W: Downloading webpage

stdout: [generic] Extracting URL: https://assets-jpcust.jwpsrv.com/thumbnails/w0xezvcj-1920.jpg
[generic] w0xezvcj-1920: Downloading webpage
[info] w0xezvcj-1920: Downloading 1 format(s): 0
[download] public/Video/GC4lnrua.jpeg has already been downloaded
[download] 100% of  255.27KiB

stdout: [generic] Extracting URL: https://cdn.jwplayer.com/videos/PRmZEddJ-plcfVP8W.mp4
[generic] PRmZEddJ-plcfVP8W: Downloading webpage

stdout: [generic] Extracting URL: https://assets-jpcust.jwpsrv.com/thumbnails/newym974-1920.jpg
[generic] newym974-1920: Downloading webpage
[info] newym974-1920: Downloading 1 format(s): 0
[download] public/Video/PRmZEddJ.jpeg has already been downloaded
[download] 100% of  295.56KiB

stdout: [generic] Extracting URL: https://cdn.jwplayer.com/videos/ErCBQBdA-plcfVP8W.mp4
[generic] ErCBQBdA-plcfVP8W: Downloading webpage

stdout: [generic] Extracting URL: https://assets-jpcust.jwpsrv.com/thumbnails/5girurdf-1920.jpg
[generic] 5girurdf-1920: Downloading webpage
[info] 5girurdf-1920: Downloading 1 format(s): 0
[download] public/Video/ErCBQBdA.jpeg has already been downloaded
[download] 100% of  253.89KiB

stdout: [generic] Extracting URL: https://cdn.jwplayer.com/videos/6XMvq4m6-plcfVP8W.mp4
[generic] 6XMvq4m6-plcfVP8W: Downloading webpage

stdout: [generic] Extracting URL: https://assets-jpcust.jwpsrv.com/thumbnails/eajvtm5a-1920.jpg
[generic] eajvtm5a-1920: Downloading webpage
[info] eajvtm5a-1920: Downloading 1 format(s): 0
[download] public/Video/6XMvq4m6.jpeg has already been downloaded
[download] 100% of  311.28KiB

stdout: [generic] Extracting URL: https://cdn.jwplayer.com/videos/EpgsvjRM-plcfVP8W.mp4
[generic] EpgsvjRM-plcfVP8W: Downloading webpage

stdout: [generic] Extracting URL: https://assets-jpcust.jwpsrv.com/thumbnails/9m7uuuq9-1920.jpg
[generic] 9m7uuuq9-1920: Downloading webpage
[info] 9m7uuuq9-1920: Downloading 1 format(s): 0
[download] public/Video/EpgsvjRM.jpeg has already been downloaded
[download] 100% of  273.70KiB

stdout: [generic] Extracting URL: https://cdn.jwplayer.com/videos/7z5CciPK-plcfVP8W.mp4
[generic] 7z5CciPK-plcfVP8W: Downloading webpage

stdout: [generic] Extracting URL: https://assets-jpcust.jwpsrv.com/thumbnails/jbca3mav-1920.jpg
[generic] jbca3mav-1920: Downloading webpage
[info] jbca3mav-1920: Downloading 1 format(s): 0
[download] public/Video/7z5CciPK.jpeg has already been downloaded
[download] 100% of  282.77KiB

stdout: [generic] Extracting URL: https://cdn.jwplayer.com/videos/IcZIQPtz-plcfVP8W.mp4
[generic] IcZIQPtz-plcfVP8W: Downloading webpage

stdout: [generic] Extracting URL: https://assets-jpcust.jwpsrv.com/thumbnails/l6528jno-1920.jpg
[generic] l6528jno-1920: Downloading webpage
[info] l6528jno-1920: Downloading 1 format(s): 0
[download] public/Video/IcZIQPtz.jpeg has already been downloaded
[download] 100% of  263.61KiB

stdout: [generic] Extracting URL: https://cdn.jwplayer.com/videos/rwYUWj05-plcfVP8W.mp4
[generic] rwYUWj05-plcfVP8W: Downloading webpage

stdout: [generic] Extracting URL: https://assets-jpcust.jwpsrv.com/thumbnails/96xspyk0-1920.jpg
[generic] 96xspyk0-1920: Downloading webpage

stdout: [generic] Extracting URL: https://cdn.jwplayer.com/videos/F5qs7wb7-plcfVP8W.mp4
[generic] F5qs7wb7-plcfVP8W: Downloading webpage

stdout: [generic] Extracting URL: https://assets-jpcust.jwpsrv.com/thumbnails/umczh6tn-1920.jpg
[generic] umczh6tn-1920: Downloading webpage
[info] umczh6tn-1920: Downloading 1 format(s): 0
[download] Destination: public/Video/F5qs7wb7.jpeg
[download]   0.4% of  276.92KiB at   24.83KiB/s ETA 00:11[download]   1.1% of  276.92KiB at   60.01KiB/s ETA 00:04[download]   2.5% of  276.92KiB at  137.54KiB/s ETA 00:01[download]   5.4% of  276.92KiB at  290.23KiB/s ETA 00:00[download]  11.2% of  276.92KiB at  589.51KiB/s ETA 00:00[download]  22.8% of  276.92KiB at  395.20KiB/s ETA 00:00[download]  45.9% of  276.92KiB at  297.82KiB/s ETA 00:00[download]  92.1% of  276.92KiB at  250.64KiB/s ETA 00:00[download] 100.0% of  276.92KiB at   87.02KiB/s ETA 00:00[download] 100% of  276.92KiB in 00:00:09 at 30.40KiB/s  

stdout: [generic] Extracting URL: https://cdn.jwplayer.com/videos/xkgxlY1s-plcfVP8W.mp4
[generic] xkgxlY1s-plcfVP8W: Downloading webpage

stdout: [generic] Extracting URL: https://assets-jpcust.jwpsrv.com/thumbnails/mi5kdv9m-1920.jpg
[generic] mi5kdv9m-1920: Downloading webpage
[info] mi5kdv9m-1920: Downloading 1 format(s): 0
[download] public/Video/m4G6ceFw.jpeg has already been downloaded
[download] 100% of  292.68KiB

stdout: [generic] Extracting URL: https://cdn.jwplayer.com/videos/1IzvhWMT-plcfVP8W.mp4
[generic] 1IzvhWMT-plcfVP8W: Downloading webpage

stdout: [generic] Extracting URL: https://assets-jpcust.jwpsrv.com/thumbnails/pzvazx3v-1920.jpg
[generic] pzvazx3v-1920: Downloading webpage
[info] pzvazx3v-1920: Downloading 1 format(s): 0
[download] public/Video/1IzvhWMT.jpeg has already been downloaded
[download] 100% of  350.43KiB

stdout: [generic] Extracting URL: https://cdn.jwplayer.com/videos/GC4lnrua-plcfVP8W.mp4
[generic] GC4lnrua-plcfVP8W: Downloading webpage

stdout: [generic] Extracting URL: https://assets-jpcust.jwpsrv.com/thumbnails/w0xezvcj-1920.jpg
[generic] w0xezvcj-1920: Downloading webpage
[info] w0xezvcj-1920: Downloading 1 format(s): 0
[download] public/Video/GC4lnrua.jpeg has already been downloaded
[download] 100% of  255.27KiB

stdout: [generic] Extracting URL: https://cdn.jwplayer.com/videos/PRmZEddJ-plcfVP8W.mp4
[generic] PRmZEddJ-plcfVP8W: Downloading webpage

stdout: [generic] Extracting URL: https://assets-jpcust.jwpsrv.com/thumbnails/newym974-1920.jpg
[generic] newym974-1920: Downloading webpage
[info] newym974-1920: Downloading 1 format(s): 0
[download] public/Video/PRmZEddJ.jpeg has already been downloaded
[download] 100% of  295.56KiB

stdout: [generic] Extracting URL: https://cdn.jwplayer.com/videos/ErCBQBdA-plcfVP8W.mp4
[generic] ErCBQBdA-plcfVP8W: Downloading webpage

stdout: [generic] Extracting URL: https://assets-jpcust.jwpsrv.com/thumbnails/5girurdf-1920.jpg
[generic] 5girurdf-1920: Downloading webpage
[info] 5girurdf-1920: Downloading 1 format(s): 0
[download] public/Video/ErCBQBdA.jpeg has already been downloaded
[download] 100% of  253.89KiB

stdout: [generic] Extracting URL: https://cdn.jwplayer.com/videos/6XMvq4m6-plcfVP8W.mp4
[generic] 6XMvq4m6-plcfVP8W: Downloading webpage

stdout: [generic] Extracting URL: https://assets-jpcust.jwpsrv.com/thumbnails/eajvtm5a-1920.jpg
[generic] eajvtm5a-1920: Downloading webpage
[info] eajvtm5a-1920: Downloading 1 format(s): 0
[download] public/Video/6XMvq4m6.jpeg has already been downloaded
[download] 100% of  311.28KiB

stdout: [generic] Extracting URL: https://cdn.jwplayer.com/videos/EpgsvjRM-plcfVP8W.mp4
[generic] EpgsvjRM-plcfVP8W: Downloading webpage

stdout: [generic] Extracting URL: https://assets-jpcust.jwpsrv.com/thumbnails/9m7uuuq9-1920.jpg
[generic] 9m7uuuq9-1920: Downloading webpage
[info] 9m7uuuq9-1920: Downloading 1 format(s): 0
[download] public/Video/EpgsvjRM.jpeg has already been downloaded
[download] 100% of  273.70KiB

stdout: [generic] Extracting URL: https://assets-jpcust.jwpsrv.com/thumbnails/jbca3mav-1920.jpg
[generic] jbca3mav-1920: Downloading webpage
[info] jbca3mav-1920: Downloading 1 format(s): 0
[download] public/Video/7z5CciPK.jpeg has already been downloaded
[download] 100% of  282.77KiB

stdout: [generic] Extracting URL: https://assets-jpcust.jwpsrv.com/thumbnails/l6528jno-1920.jpg
[generic] l6528jno-1920: Downloading webpage
[info] l6528jno-1920: Downloading 1 format(s): 0
[download] public/Video/IcZIQPtz.jpeg has already been downloaded
[download] 100% of  263.61KiB

stdout: [generic] Extracting URL: https://cdn.jwplayer.com/videos/rwYUWj05-plcfVP8W.mp4
[generic] rwYUWj05-plcfVP8W: Downloading webpage

stdout: [generic] Extracting URL: https://assets-jpcust.jwpsrv.com/thumbnails/96xspyk0-1920.jpg
[generic] 96xspyk0-1920: Downloading webpage
[info] 96xspyk0-1920: Downloading 1 format(s): 0
[download] public/Video/rwYUWj05.jpeg has already been downloaded
[download] 100% of  253.20KiB

stdout: [generic] Extracting URL: https://cdn.jwplayer.com/videos/F5qs7wb7-plcfVP8W.mp4
[generic] F5qs7wb7-plcfVP8W: Downloading webpage

stdout: [generic] Extracting URL: https://assets-jpcust.jwpsrv.com/thumbnails/5tn8ybjw-1920.jpg
[generic] 5tn8ybjw-1920: Downloading webpage
[info] 5tn8ybjw-1920: Downloading 1 format(s): 0
[download] Destination: public/Video/xkgxlY1s.jpeg
[download]   0.4% of  251.53KiB at  Unknown B/s ETA Unknown[download]   1.2% of  251.53KiB at    1.22MiB/s ETA 00:00  [download]   2.8% of  251.53KiB at    2.01MiB/s ETA 00:00[download]   6.0% of  251.53KiB at    1.63MiB/s ETA 00:00[download]  12.3% of  251.53KiB at    2.98MiB/s ETA 00:00[download]  25.0% of  251.53KiB at  791.53KiB/s ETA 00:00[download]  50.5% of  251.53KiB at  346.44KiB/s ETA 00:00[download] 100.0% of  251.53KiB at  269.53KiB/s ETA 00:00[download] 100% of  251.53KiB in 00:00:01 at 207.89KiB/s 

stdout: [generic] Extracting URL: https://cdn.jwplayer.com/videos/9bqmDdjH-plcfVP8W.mp4
[generic] 9bqmDdjH-plcfVP8W: Downloading webpage

stdout: [generic] Extracting URL: https://assets-jpcust.jwpsrv.com/thumbnails/l157b04t-1920.jpg
[generic] l157b04t-1920: Downloading webpage
[info] l157b04t-1920: Downloading 1 format(s): 0
[download] public/Video/9bqmDdjH.jpeg has already been downloaded
[download] 100% of  274.76KiB

stdout: [generic] Extracting URL: https://cdn.jwplayer.com/videos/m4G6ceFw-plcfVP8W.mp4
[generic] m4G6ceFw-plcfVP8W: Downloading webpage

stdout: [generic] Extracting URL: https://assets-jpcust.jwpsrv.com/thumbnails/mi5kdv9m-1920.jpg
[generic] mi5kdv9m-1920: Downloading webpage
[info] mi5kdv9m-1920: Downloading 1 format(s): 0
[download] public/Video/m4G6ceFw.jpeg has already been downloaded
[download] 100% of  292.68KiB

stdout: [generic] Extracting URL: https://cdn.jwplayer.com/videos/1IzvhWMT-plcfVP8W.mp4
[generic] 1IzvhWMT-plcfVP8W: Downloading webpage

stdout: [generic] Extracting URL: https://assets-jpcust.jwpsrv.com/thumbnails/pzvazx3v-1920.jpg
[generic] pzvazx3v-1920: Downloading webpage
[info] pzvazx3v-1920: Downloading 1 format(s): 0
[download] public/Video/1IzvhWMT.jpeg has already been downloaded
[download] 100% of  350.43KiB

stdout: [generic] Extracting URL: https://cdn.jwplayer.com/videos/GC4lnrua-plcfVP8W.mp4
[generic] GC4lnrua-plcfVP8W: Downloading webpage

stdout: [generic] Extracting URL: https://assets-jpcust.jwpsrv.com/thumbnails/w0xezvcj-1920.jpg
[generic] w0xezvcj-1920: Downloading webpage
[info] w0xezvcj-1920: Downloading 1 format(s): 0
[download] public/Video/GC4lnrua.jpeg has already been downloaded
[download] 100% of  255.27KiB

stdout: [generic] Extracting URL: https://assets-jpcust.jwpsrv.com/thumbnails/newym974-1920.jpg
[generic] newym974-1920: Downloading webpage
[info] newym974-1920: Downloading 1 format(s): 0
[download] public/Video/PRmZEddJ.jpeg has already been downloaded
[download] 100% of  295.56KiB

stdout: [generic] Extracting URL: https://assets-jpcust.jwpsrv.com/thumbnails/5girurdf-1920.jpg
[generic] 5girurdf-1920: Downloading webpage
[info] 5girurdf-1920: Downloading 1 format(s): 0
[download] public/Video/ErCBQBdA.jpeg has already been downloaded
[download] 100% of  253.89KiB

stdout: [generic] Extracting URL: https://cdn.jwplayer.com/videos/6XMvq4m6-plcfVP8W.mp4
[generic] 6XMvq4m6-plcfVP8W: Downloading webpage

stdout: [generic] Extracting URL: https://cdn.jwplayer.com/videos/EpgsvjRM-plcfVP8W.mp4
[generic] EpgsvjRM-plcfVP8W: Downloading webpage

stdout: [generic] Extracting URL: https://assets-jpcust.jwpsrv.com/thumbnails/9m7uuuq9-1920.jpg
[generic] 9m7uuuq9-1920: Downloading webpage
[info] 9m7uuuq9-1920: Downloading 1 format(s): 0
[download] public/Video/EpgsvjRM.jpeg has already been downloaded
[download] 100% of  273.70KiB

stdout: [generic] Extracting URL: https://cdn.jwplayer.com/videos/7z5CciPK-plcfVP8W.mp4
[generic] 7z5CciPK-plcfVP8W: Downloading webpage

stdout: [generic] Extracting URL: https://assets-jpcust.jwpsrv.com/thumbnails/jbca3mav-1920.jpg
[generic] jbca3mav-1920: Downloading webpage
[info] jbca3mav-1920: Downloading 1 format(s): 0
[download] public/Video/7z5CciPK.jpeg has already been downloaded
[download] 100% of  282.77KiB

stdout: [generic] Extracting URL: https://cdn.jwplayer.com/videos/IcZIQPtz-plcfVP8W.mp4
[generic] IcZIQPtz-plcfVP8W: Downloading webpage

stdout: [generic] Extracting URL: https://cdn.jwplayer.com/videos/rwYUWj05-plcfVP8W.mp4
[generic] rwYUWj05-plcfVP8W: Downloading webpage

stdout: [generic] Extracting URL: https://assets-jpcust.jwpsrv.com/thumbnails/96xspyk0-1920.jpg
[generic] 96xspyk0-1920: Downloading webpage
[info] 96xspyk0-1920: Downloading 1 format(s): 0
[download] public/Video/rwYUWj05.jpeg has already been downloaded
[download] 100% of  253.20KiB

stdout: [generic] Extracting URL: https://assets-jpcust.jwpsrv.com/thumbnails/umczh6tn-1920.jpg
[generic] umczh6tn-1920: Downloading webpage
[info] umczh6tn-1920: Downloading 1 format(s): 0
[download] public/Video/F5qs7wb7.jpeg has already been downloaded
[download] 100% of  276.92KiB

stdout: [generic] Extracting URL: https://cdn.jwplayer.com/videos/xkgxlY1s-plcfVP8W.mp4
[generic] xkgxlY1s-plcfVP8W: Downloading webpage

stdout: [generic] Extracting URL: https://assets-jpcust.jwpsrv.com/thumbnails/5tn8ybjw-1920.jpg
[generic] 5tn8ybjw-1920: Downloading webpage
[info] 5tn8ybjw-1920: Downloading 1 format(s): 0
[download] public/Video/xkgxlY1s.jpeg has already been downloaded
[download] 100% of  251.53KiB

stdout: [generic] Extracting URL: https://cdn.jwplayer.com/videos/9bqmDdjH-plcfVP8W.mp4
[generic] 9bqmDdjH-plcfVP8W: Downloading webpage

stdout: [generic] Extracting URL: https://cdn.jwplayer.com/videos/fEUvHS01-plcfVP8W.mp4
[generic] fEUvHS01-plcfVP8W: Downloading webpage

stdout: [generic] Extracting URL: https://assets-jpcust.jwpsrv.com/thumbnails/a1aemlo6-1920.jpg
[generic] a1aemlo6-1920: Downloading webpage
[info] a1aemlo6-1920: Downloading 1 format(s): 0
[download] Resuming download at byte 64512
[download] Destination: public/Video/fEUvHS01.jpeg
[download]  26.3% of  242.99KiB at  Unknown B/s ETA Unknown[download]  27.2% of  242.99KiB at    1.94MiB/s ETA 00:00  [download]  28.8% of  242.99KiB at    2.52MiB/s ETA 00:00[download]  32.1% of  242.99KiB at    1.02MiB/s ETA 00:00[download]  38.7% of  242.99KiB at    1.32MiB/s ETA 00:00[download]  51.9% of  242.99KiB at  326.58KiB/s ETA 00:00[download]  78.2% of  242.99KiB at  653.81KiB/s ETA 00:00[download] 100.0% of  242.99KiB at  592.00KiB/s ETA 00:00[download] 100% of  242.99KiB in 00:00:00 at 429.83KiB/s 

stdout: [generic] Extracting URL: https://cdn.jwplayer.com/videos/m4G6ceFw-plcfVP8W.mp4
[generic] m4G6ceFw-plcfVP8W: Downloading webpage

stdout: [generic] Extracting URL: https://assets-jpcust.jwpsrv.com/thumbnails/mi5kdv9m-1920.jpg
[generic] mi5kdv9m-1920: Downloading webpage
[info] mi5kdv9m-1920: Downloading 1 format(s): 0
[download] public/Video/m4G6ceFw.jpeg has already been downloaded
[download] 100% of  292.68KiB

stdout: [generic] Extracting URL: https://cdn.jwplayer.com/videos/1IzvhWMT-plcfVP8W.mp4
[generic] 1IzvhWMT-plcfVP8W: Downloading webpage

stdout: [generic] Extracting URL: https://assets-jpcust.jwpsrv.com/thumbnails/pzvazx3v-1920.jpg
[generic] pzvazx3v-1920: Downloading webpage
[info] pzvazx3v-1920: Downloading 1 format(s): 0
[download] public/Video/1IzvhWMT.jpeg has already been downloaded
[download] 100% of  350.43KiB

stdout: [generic] Extracting URL: https://cdn.jwplayer.com/videos/PRmZEddJ-plcfVP8W.mp4
[generic] PRmZEddJ-plcfVP8W: Downloading webpage

stdout: [generic] Extracting URL: https://assets-jpcust.jwpsrv.com/thumbnails/newym974-1920.jpg
[generic] newym974-1920: Downloading webpage
[info] newym974-1920: Downloading 1 format(s): 0
[download] public/Video/PRmZEddJ.jpeg has already been downloaded
[download] 100% of  295.56KiB

stdout: [generic] Extracting URL: https://cdn.jwplayer.com/videos/6XMvq4m6-plcfVP8W.mp4
[generic] 6XMvq4m6-plcfVP8W: Downloading webpage

stdout: [generic] Extracting URL: https://cdn.jwplayer.com/videos/EpgsvjRM-plcfVP8W.mp4
[generic] EpgsvjRM-plcfVP8W: Downloading webpage

stdout: [generic] Extracting URL: https://assets-jpcust.jwpsrv.com/thumbnails/9m7uuuq9-1920.jpg
[generic] 9m7uuuq9-1920: Downloading webpage
[info] 9m7uuuq9-1920: Downloading 1 format(s): 0
[download] public/Video/EpgsvjRM.jpeg has already been downloaded
[download] 100% of  273.70KiB

stdout: [generic] Extracting URL: https://cdn.jwplayer.com/videos/7z5CciPK-plcfVP8W.mp4
[generic] 7z5CciPK-plcfVP8W: Downloading webpage

stdout: [generic] Extracting URL: https://cdn.jwplayer.com/videos/IcZIQPtz-plcfVP8W.mp4
[generic] IcZIQPtz-plcfVP8W: Downloading webpage

stdout: [generic] Extracting URL: https://assets-jpcust.jwpsrv.com/thumbnails/l6528jno-1920.jpg
[generic] l6528jno-1920: Downloading webpage
[info] l6528jno-1920: Downloading 1 format(s): 0
[download] public/Video/IcZIQPtz.jpeg has already been downloaded
[download] 100% of  263.61KiB

stdout: [generic] Extracting URL: https://cdn.jwplayer.com/videos/rwYUWj05-plcfVP8W.mp4
[generic] rwYUWj05-plcfVP8W: Downloading webpage

stdout: [generic] Extracting URL: https://cdn.jwplayer.com/videos/F5qs7wb7-plcfVP8W.mp4
[generic] F5qs7wb7-plcfVP8W: Downloading webpage

stdout: [generic] Extracting URL: https://cdn.jwplayer.com/videos/xkgxlY1s-plcfVP8W.mp4
[generic] xkgxlY1s-plcfVP8W: Downloading webpage

stdout: [generic] Extracting URL: https://cdn.jwplayer.com/videos/9bqmDdjH-plcfVP8W.mp4
[generic] 9bqmDdjH-plcfVP8W: Downloading webpage

stdout: [generic] Extracting URL: https://assets-jpcust.jwpsrv.com/thumbnails/l157b04t-1920.jpg
[generic] l157b04t-1920: Downloading webpage

stdout: [generic] Extracting URL: https://cdn.jwplayer.com/videos/fEUvHS01-plcfVP8W.mp4
[generic] fEUvHS01-plcfVP8W: Downloading webpage

stdout: [generic] Extracting URL: https://assets-jpcust.jwpsrv.com/thumbnails/a1aemlo6-1920.jpg
[generic] a1aemlo6-1920: Downloading webpage
[info] a1aemlo6-1920: Downloading 1 format(s): 0
[download] Destination: public/Video/fEUvHS01.jpeg
[download]   0.4% of  242.99KiB at  Unknown B/s ETA Unknown[download]   1.2% of  242.99KiB at   73.28KiB/s ETA 00:03  [download]   2.9% of  242.99KiB at   35.65KiB/s ETA 00:06[download]   6.2% of  242.99KiB at   69.42KiB/s ETA 00:03[download]  12.8% of  242.99KiB at  142.70KiB/s ETA 00:01[download]  25.9% of  242.99KiB at  288.81KiB/s ETA 00:00[download]  52.3% of  242.99KiB at  258.01KiB/s ETA 00:00[download] 100.0% of  242.99KiB at  241.50KiB/s ETA 00:00[download] 100% of  242.99KiB in 00:00:01 at 172.89KiB/s 

stdout: [generic] Extracting URL: https://cdn.jwplayer.com/videos/55fWSFZl-plcfVP8W.mp4
[generic] 55fWSFZl-plcfVP8W: Downloading webpage

stdout: [generic] Extracting URL: https://assets-jpcust.jwpsrv.com/thumbnails/tbmc49t9-1920.jpg
[generic] tbmc49t9-1920: Downloading webpage
[info] tbmc49t9-1920: Downloading 1 format(s): 0
[download] Destination: public/Video/55fWSFZl.jpeg
[download]   0.4% of  237.12KiB at  205.09KiB/s ETA 00:01[download]   1.3% of  237.12KiB at   57.55KiB/s ETA 00:04[download]   3.0% of  237.12KiB at  131.61KiB/s ETA 00:01[download]   6.3% of  237.12KiB at  277.55KiB/s ETA 00:00[download]  13.1% of  237.12KiB at  564.10KiB/s ETA 00:00[download]  26.6% of  237.12KiB at    1.10MiB/s ETA 00:00[download]  53.6% of  237.12KiB at  575.39KiB/s ETA 00:00[download] 100.0% of  237.12KiB at  524.63KiB/s ETA 00:00[download] 100% of  237.12KiB in 00:00:00 at 405.09KiB/s 

stdout: [generic] Extracting URL: https://cdn.jwplayer.com/videos/m4G6ceFw-plcfVP8W.mp4
[generic] m4G6ceFw-plcfVP8W: Downloading webpage

stdout: [generic] Extracting URL: https://cdn.jwplayer.com/videos/1IzvhWMT-plcfVP8W.mp4
[generic] 1IzvhWMT-plcfVP8W: Downloading webpage

stdout: [generic] Extracting URL: https://cdn.jwplayer.com/videos/GC4lnrua-plcfVP8W.mp4
[generic] GC4lnrua-plcfVP8W: Downloading webpage

stdout: [generic] Extracting URL: https://assets-jpcust.jwpsrv.com/thumbnails/w0xezvcj-1920.jpg
[generic] w0xezvcj-1920: Downloading webpage
[info] w0xezvcj-1920: Downloading 1 format(s): 0
[download] public/Video/GC4lnrua.jpeg has already been downloaded
[download] 100% of  255.27KiB

stdout: [generic] Extracting URL: https://cdn.jwplayer.com/videos/PRmZEddJ-plcfVP8W.mp4
[generic] PRmZEddJ-plcfVP8W: Downloading webpage

stdout: [generic] Extracting URL: https://assets-jpcust.jwpsrv.com/thumbnails/newym974-1920.jpg
[generic] newym974-1920: Downloading webpage
[info] newym974-1920: Downloading 1 format(s): 0
[download] public/Video/PRmZEddJ.jpeg has already been downloaded
[download] 100% of  295.56KiB

stdout: [generic] Extracting URL: https://cdn.jwplayer.com/videos/ErCBQBdA-plcfVP8W.mp4
[generic] ErCBQBdA-plcfVP8W: Downloading webpage

stdout: [generic] Extracting URL: https://assets-jpcust.jwpsrv.com/thumbnails/5girurdf-1920.jpg
[generic] 5girurdf-1920: Downloading webpage
[info] 5girurdf-1920: Downloading 1 format(s): 0
[download] public/Video/ErCBQBdA.jpeg has already been downloaded
[download] 100% of  253.89KiB

stdout: [generic] Extracting URL: https://cdn.jwplayer.com/videos/EpgsvjRM-plcfVP8W.mp4
[generic] EpgsvjRM-plcfVP8W: Downloading webpage

stdout: [generic] Extracting URL: https://assets-jpcust.jwpsrv.com/thumbnails/9m7uuuq9-1920.jpg
[generic] 9m7uuuq9-1920: Downloading webpage
[info] 9m7uuuq9-1920: Downloading 1 format(s): 0
[download] public/Video/EpgsvjRM.jpeg has already been downloaded
[download] 100% of  273.70KiB

stdout: [generic] Extracting URL: https://cdn.jwplayer.com/videos/IcZIQPtz-plcfVP8W.mp4
[generic] IcZIQPtz-plcfVP8W: Downloading webpage

stdout: [generic] Extracting URL: https://cdn.jwplayer.com/videos/rwYUWj05-plcfVP8W.mp4
[generic] rwYUWj05-plcfVP8W: Downloading webpage

stdout: [generic] Extracting URL: https://assets-jpcust.jwpsrv.com/thumbnails/96xspyk0-1920.jpg
[generic] 96xspyk0-1920: Downloading webpage
[info] 96xspyk0-1920: Downloading 1 format(s): 0
[download] public/Video/rwYUWj05.jpeg has already been downloaded
[download] 100% of  253.20KiB

stdout: [generic] Extracting URL: https://cdn.jwplayer.com/videos/F5qs7wb7-plcfVP8W.mp4
[generic] F5qs7wb7-plcfVP8W: Downloading webpage

stdout: [generic] Extracting URL: https://assets-jpcust.jwpsrv.com/thumbnails/umczh6tn-1920.jpg
[generic] umczh6tn-1920: Downloading webpage
[info] umczh6tn-1920: Downloading 1 format(s): 0
[download] public/Video/F5qs7wb7.jpeg has already been downloaded
[download] 100% of  276.92KiB

stdout: [generic] Extracting URL: https://assets-jpcust.jwpsrv.com/thumbnails/5tn8ybjw-1920.jpg
[generic] 5tn8ybjw-1920: Downloading webpage
[info] 5tn8ybjw-1920: Downloading 1 format(s): 0
[download] public/Video/xkgxlY1s.jpeg has already been downloaded
[download] 100% of  251.53KiB

stdout: [generic] Extracting URL: https://assets-jpcust.jwpsrv.com/thumbnails/l157b04t-1920.jpg
[generic] l157b04t-1920: Downloading webpage
[info] l157b04t-1920: Downloading 1 format(s): 0
[download] Destination: public/Video/9bqmDdjH.jpeg
[download]   0.4% of  274.76KiB at   27.52KiB/s ETA 00:09[download]   1.1% of  274.76KiB at   79.64KiB/s ETA 00:03[download]   2.5% of  274.76KiB at  182.17KiB/s ETA 00:01[download]   5.5% of  274.76KiB at  384.15KiB/s ETA 00:00[download]  11.3% of  274.76KiB at  782.46KiB/s ETA 00:00[download]  22.9% of  274.76KiB at  382.97KiB/s ETA 00:00[download]  46.2% of  274.76KiB at  303.84KiB/s ETA 00:00[download]  92.8% of  274.76KiB at  302.35KiB/s ETA 00:00[download] 100.0% of  274.76KiB at  325.01KiB/s ETA 00:00[download] 100% of  274.76KiB in 00:00:01 at 270.13KiB/s 

stdout: [generic] Extracting URL: https://assets-jpcust.jwpsrv.com/thumbnails/tbmc49t9-1920.jpg
[generic] tbmc49t9-1920: Downloading webpage
[info] tbmc49t9-1920: Downloading 1 format(s): 0
[download] public/Video/55fWSFZl.jpeg has already been downloaded
[download] 100% of  237.12KiB

stdout: [generic] Extracting URL: https://cdn.jwplayer.com/videos/GC4lnrua-plcfVP8W.mp4
[generic] GC4lnrua-plcfVP8W: Downloading webpage

stdout: [generic] Extracting URL: https://cdn.jwplayer.com/videos/ErCBQBdA-plcfVP8W.mp4
[generic] ErCBQBdA-plcfVP8W: Downloading webpage

stdout: [generic] Extracting URL: https://cdn.jwplayer.com/videos/GC4lnrua-plcfVP8W.mp4
[generic] GC4lnrua-plcfVP8W: Downloading webpage

stdout: [generic] Extracting URL: https://cdn.jwplayer.com/videos/PRmZEddJ-plcfVP8W.mp4
[generic] PRmZEddJ-plcfVP8W: Downloading webpage

child process exited with code 1
child process exited with code 1
child process exited with code 1
child process exited with code 1
child process exited with code 0
child process exited with code 0
child process exited with code 0
child process exited with code 1
child process exited with code 0
child process exited with code 1
child process exited with code 0
child process exited with code 1
child process exited with code 0
child process exited with code 0
child process exited with code 1
child process exited with code 1
child process exited with code 1
child process exited with code 1
child process exited with code 1
child process exited with code 0
child process exited with code 0
child process exited with code 0
child process exited with code 1
child process exited with code 0
child process exited with code 1
child process exited with code 1
child process exited with code 1
child process exited with code 0
child process exited with code 0
child process exited with code 1
child process exited with code 0
child process exited with code 0
child process exited with code 0
child process exited with code 1
child process exited with code 0
child process exited with code 1
child process exited with code 1
child process exited with code 0
child process exited with code 1
child process exited with code 0
child process exited with code 1
child process exited with code 1
child process exited with code 0
child process exited with code 1
child process exited with code 0
child process exited with code 1
child process exited with code 0
child process exited with code 1
child process exited with code 0
child process exited with code 0
child process exited with code 1
child process exited with code 0
child process exited with code 1
child process exited with code 1
child process exited with code 0
child process exited with code 0
child process exited with code 1
child process exited with code 0
child process exited with code 1
child process exited with code 0
child process exited with code 1
child process exited with code 0
child process exited with code 0
child process exited with code 0
child process exited with code 1
child process exited with code 0
child process exited with code 1
child process exited with code 0
child process exited with code 1
child process exited with code 0
child process exited with code 1
child process exited with code 1
child process exited with code 0
child process exited with code 1
child process exited with code 0
child process exited with code 1
child process exited with code 0
child process exited with code 1
child process exited with code 0
child process exited with code 1
child process exited with code 0
child process exited with code 1
child process exited with code 0
child process exited with code 1
child process exited with code 0
child process exited with code 1
child process exited with code 0
child process exited with code 1
child process exited with code 1
child process exited with code 0
child process exited with code 1
child process exited with code 0
child process exited with code 1
child process exited with code 0
child process exited with code 1
child process exited with code 0
child process exited with code 1
child process exited with code 0
child process exited with code 1
child process exited with code 0
child process exited with code 1
child process exited with code 0
child process exited with code 1
child process exited with code 0
child process exited with code 1
child process exited with code 0
child process exited with code 1
child process exited with code 0
child process exited with code 1
child process exited with code 0
child process exited with code 1
child process exited with code 0
child process exited with code 1
child process exited with code 0
child process exited with code 1
child process exited with code 0
child process exited with code 1
child process exited with code 0
child process exited with code 1
child process exited with code 0
child process exited with code 1
child process exited with code 0
child process exited with code 1
child process exited with code 0
child process exited with code 1
child process exited with code 0
child process exited with code 1
child process exited with code 0
child process exited with code 1
child process exited with code 0
child process exited with code 1
child process exited with code 0
child process exited with code 1
child process exited with code 0
child process exited with code 1
child process exited with code 0
child process exited with code 1
child process exited with code 0
child process exited with code 1
child process exited with code 0
child process exited with code 1
child process exited with code 0
child process exited with code 1
child process exited with code 0
child process exited with code 1
child process exited with code 0
child process exited with code 1
child process exited with code 0
child process exited with code 1
child process exited with code 0
child process exited with code 1
child process exited with code 0
child process exited with code 1
child process exited with code 0
child process exited with code 1
child process exited with code 0
child process exited with code 1
child process exited with code 1
child process exited with code 1
child process exited with code 0
child process exited with code 1
child process exited with code 0
child process exited with code 1
child process exited with code 0
child process exited with code 1
child process exited with code 0
child process exited with code 1
child process exited with code 0
child process exited with code 1
child process exited with code 0
child process exited with code 1
child process exited with code 0
child process exited with code 1
child process exited with code 0
child process exited with code 1
child process exited with code 0
child process exited with code 1
child process exited with code 0
child process exited with code 1
child process exited with code 0
child process exited with code 1
child process exited with code 0
child process exited with code 1
child process exited with code 0
child process exited with code 1
child process exited with code 0
child process exited with code 1
child process exited with code 0
child process exited with code 1
child process exited with code 1
child process exited with code 1
child process exited with code 0
child process exited with code 1
child process exited with code 0
child process exited with code 1
child process exited with code 0
child process exited with code 1
child process exited with code 0
child process exited with code 1
stdout: [info] 96xspyk0-1920: Downloading 1 format(s): 0
[download] public/Video/rwYUWj05.jpeg has already been downloaded
[download] 100% of  253.20KiB

stdout: [info] l157b04t-1920: Downloading 1 format(s): 0
[download] public/Video/9bqmDdjH.jpeg has already been downloaded
[download] 100% of  274.76KiB

stdout: [generic] Extracting URL: https://cdn.jwplayer.com/videos/xkgxlY1s-plcfVP8W.mp4
[generic] xkgxlY1s-plcfVP8W: Downloading webpage

stdout: [generic] Extracting URL: https://cdn.jwplayer.com/videos/ErCBQBdA-plcfVP8W.mp4
[generic] ErCBQBdA-plcfVP8W: Downloading webpage

stdout: [generic] Extracting URL: https://assets-jpcust.jwpsrv.com/thumbnails/pzvazx3v-1920.jpg
[generic] pzvazx3v-1920: Downloading webpage
[info] pzvazx3v-1920: Downloading 1 format(s): 0
[download] public/Video/1IzvhWMT.jpeg has already been downloaded
[download] 100% of  350.43KiB

stdout: [generic] Extracting URL: https://assets-jpcust.jwpsrv.com/thumbnails/5tn8ybjw-1920.jpg
[generic] 5tn8ybjw-1920: Downloading webpage
[info] 5tn8ybjw-1920: Downloading 1 format(s): 0
[download] public/Video/xkgxlY1s.jpeg has already been downloaded
[download] 100% of  251.53KiB

stdout: [generic] Extracting URL: https://assets-jpcust.jwpsrv.com/thumbnails/eajvtm5a-1920.jpg
[generic] eajvtm5a-1920: Downloading webpage
[info] eajvtm5a-1920: Downloading 1 format(s): 0

stdout: [generic] Extracting URL: https://assets-jpcust.jwpsrv.com/thumbnails/mi5kdv9m-1920.jpg
[generic] mi5kdv9m-1920: Downloading webpage
[info] mi5kdv9m-1920: Downloading 1 format(s): 0
[download] public/Video/m4G6ceFw.jpeg has already been downloaded
[download] 100% of  292.68KiB

stdout: [generic] Extracting URL: https://assets-jpcust.jwpsrv.com/thumbnails/l157b04t-1920.jpg
[generic] l157b04t-1920: Downloading webpage
[info] l157b04t-1920: Downloading 1 format(s): 0
[download] public/Video/9bqmDdjH.jpeg has already been downloaded
[download] 100% of  274.76KiB

stdout: [generic] Extracting URL: https://cdn.jwplayer.com/videos/7z5CciPK-plcfVP8W.mp4
[generic] 7z5CciPK-plcfVP8W: Downloading webpage

stdout: [generic] Extracting URL: https://cdn.jwplayer.com/videos/m4G6ceFw-plcfVP8W.mp4
[generic] m4G6ceFw-plcfVP8W: Downloading webpage

stdout: [generic] Extracting URL: https://assets-jpcust.jwpsrv.com/thumbnails/eajvtm5a-1920.jpg
[generic] eajvtm5a-1920: Downloading webpage

stdout: [generic] Extracting URL: https://assets-jpcust.jwpsrv.com/thumbnails/l6528jno-1920.jpg
[generic] l6528jno-1920: Downloading webpage

stdout: [generic] Extracting URL: https://assets-jpcust.jwpsrv.com/thumbnails/96xspyk0-1920.jpg
[generic] 96xspyk0-1920: Downloading webpage

stdout: [generic] Extracting URL: https://cdn.jwplayer.com/videos/F5qs7wb7-plcfVP8W.mp4
[generic] F5qs7wb7-plcfVP8W: Downloading webpage

stdout: [generic] Extracting URL: https://cdn.jwplayer.com/videos/PRmZEddJ-plcfVP8W.mp4
[generic] PRmZEddJ-plcfVP8W: Downloading webpage

stdout: [generic] Extracting URL: https://assets-jpcust.jwpsrv.com/thumbnails/6vrpwgba-1920.jpg
[generic] 6vrpwgba-1920: Downloading webpage

stdout: [generic] Extracting URL: https://assets-jpcust.jwpsrv.com/thumbnails/5tn8ybjw-1920.jpg
[generic] 5tn8ybjw-1920: Downloading webpage

stdout: [generic] Extracting URL: https://assets-jpcust.jwpsrv.com/thumbnails/w0xezvcj-1920.jpg
[generic] w0xezvcj-1920: Downloading webpage

stdout: [generic] Extracting URL: https://assets-jpcust.jwpsrv.com/thumbnails/umczh6tn-1920.jpg
[generic] umczh6tn-1920: Downloading webpage

child process exited with code 0
child process exited with code 0
child process exited with code 1
child process exited with code 1
child process exited with code 1
child process exited with code 1
child process exited with code 1
child process exited with code 0
child process exited with code 1
child process exited with code 1
child process exited with code 1
child process exited with code 1
child process exited with code 1
child process exited with code 1
child process exited with code 0
child process exited with code 1
child process exited with code 1
child process exited with code 0
child process exited with code 0
child process exited with code 0
child process exited with code 1
child process exited with code 1
child process exited with code 1
child process exited with code 1
child process exited with code 0
child process exited with code 1
child process exited with code 1
child process exited with code 0
child process exited with code 0
child process exited with code 0
child process exited with code 0
child process exited with code 1
child process exited with code 1
child process exited with code 1
child process exited with code 1
child process exited with code 0
child process exited with code 0
stdout: [download] public/Video/6XMvq4m6.jpeg has already been downloaded
[download] 100% of  311.28KiB

stdout: [info] l6528jno-1920: Downloading 1 format(s): 0

stdout: [info] 96xspyk0-1920: Downloading 1 format(s): 0

stdout: [generic] Extracting URL: https://cdn.jwplayer.com/videos/GC4lnrua-plcfVP8W.mp4
[generic] GC4lnrua-plcfVP8W: Downloading webpage

stdout: [generic] Extracting URL: https://cdn.jwplayer.com/videos/7z5CciPK-plcfVP8W.mp4
[generic] 7z5CciPK-plcfVP8W: Downloading webpage

stdout: [generic] Extracting URL: https://assets-jpcust.jwpsrv.com/thumbnails/5girurdf-1920.jpg
[generic] 5girurdf-1920: Downloading webpage

stdout: [generic] Extracting URL: https://cdn.jwplayer.com/videos/m4G6ceFw-plcfVP8W.mp4
[generic] m4G6ceFw-plcfVP8W: Downloading webpage

child process exited with code 1
child process exited with code 1
child process exited with code 1
stdout: [download] public/Video/rwYUWj05.jpeg has already been downloaded
[download] 100% of  253.20KiB

stdout: [info] eajvtm5a-1920: Downloading 1 format(s): 0

child process exited with code 0
stdout: [generic] Extracting URL: https://cdn.jwplayer.com/videos/IcZIQPtz-plcfVP8W.mp4

stdout: [generic] IcZIQPtz-plcfVP8W: Downloading webpage

stdout: [download] public/Video/IcZIQPtz.jpeg has already been downloaded

stdout: [download] 100% of  263.61KiB
stdout: 

child process exited with code 0
stdout: [generic] Extracting URL: https://cdn.jwplayer.com/videos/7z5CciPK-plcfVP8W.mp4

stdout: [generic] 7z5CciPK-plcfVP8W: Downloading webpage

stdout: [generic] Extracting URL: https://assets-jpcust.jwpsrv.com/thumbnails/eajvtm5a-1920.jpg

stdout: [generic] eajvtm5a-1920: Downloading webpage

stdout: [generic] Extracting URL: https://assets-jpcust.jwpsrv.com/thumbnails/jbca3mav-1920.jpg

stdout: [generic] jbca3mav-1920: Downloading webpage

stdout: [generic] Extracting URL: https://cdn.jwplayer.com/videos/9bqmDdjH-plcfVP8W.mp4

stdout: [generic] 9bqmDdjH-plcfVP8W: Downloading webpage

stdout: [download] public/Video/6XMvq4m6.jpeg has already been downloaded

stdout: [download] 100% of  311.28KiB
stdout: 

stdout: [generic] Extracting URL: https://assets-jpcust.jwpsrv.com/thumbnails/pzvazx3v-1920.jpg

stdout: [generic] pzvazx3v-1920: Downloading webpage

child process exited with code 0
stdout: [info] 6vrpwgba-1920: Downloading 1 format(s): 0

stdout: [generic] Extracting URL: https://assets-jpcust.jwpsrv.com/thumbnails/jbca3mav-1920.jpg

stdout: [generic] jbca3mav-1920: Downloading webpage

child process exited with code 1
stdout: [info] 5tn8ybjw-1920: Downloading 1 format(s): 0

child process exited with code 1
stdout: [download] public/Video/xkgxlY1s.jpeg has already been downloaded

stdout: [download] 100% of  251.53KiB
stdout: 

stdout: [info] w0xezvcj-1920: Downloading 1 format(s): 0

child process exited with code 1
stdout: [download] Destination: public/Video/vbBfA4Pd.jpeg

stdout: [download]   0.4% of  265.76KiB at  Unknown B/s ETA Unknown
stdout: [download]   1.1% of  265.76KiB at   29.87KiB/s ETA 00:08  
stdout: [download]   2.6% of  265.76KiB at   68.86KiB/s ETA 00:03
stdout: [download]   5.6% of  265.76KiB at  145.80KiB/s ETA 00:01
stdout: [download]  11.7% of  265.76KiB at  297.25KiB/s ETA 00:00
child process exited with code 0
stdout: [download] public/Video/GC4lnrua.jpeg has already been downloaded

stdout: [download] 100% of  255.27KiB
stdout: 

child process exited with code 1
stdout: [generic] Extracting URL: https://assets-jpcust.jwpsrv.com/thumbnails/5tn8ybjw-1920.jpg

stdout: [download]  23.7% of  265.76KiB at  297.59KiB/s ETA 00:00
stdout: [download]  47.8% of  265.76KiB at  595.75KiB/s ETA 00:00
child process exited with code 0
stdout: [generic] Extracting URL: https://cdn.jwplayer.com/videos/9tcIgshf-plcfVP8W.mp4

stdout: [generic] 9tcIgshf-plcfVP8W: Downloading webpage

stdout: [generic] 5tn8ybjw-1920: Downloading webpage

stdout: [download]  96.0% of  265.76KiB at    1.16MiB/s ETA 00:00
stdout: [download] 100.0% of  265.76KiB at  729.45KiB/s ETA 00:00
stdout: [download] 100% of  265.76KiB in 00:00:00 at 468.16KiB/s 
stdout: 

stdout: [generic] Extracting URL: https://assets-jpcust.jwpsrv.com/thumbnails/umczh6tn-1920.jpg
[generic] umczh6tn-1920: Downloading webpage

child process exited with code 0
stdout: [info] umczh6tn-1920: Downloading 1 format(s): 0

stdout: [generic] Extracting URL: https://cdn.jwplayer.com/videos/ErCBQBdA-plcfVP8W.mp4
[generic] ErCBQBdA-plcfVP8W: Downloading webpage

stdout: [info] 5girurdf-1920: Downloading 1 format(s): 0

child process exited with code 1
stdout: [generic] Extracting URL: https://cdn.jwplayer.com/videos/vbBfA4Pd-plcfVP8W.mp4

stdout: [generic] vbBfA4Pd-plcfVP8W: Downloading webpage

stdout: [download] public/Video/F5qs7wb7.jpeg has already been downloaded

stdout: [download] 100% of  276.92KiB
stdout: 

child process exited with code 0
stdout: [info] jbca3mav-1920: Downloading 1 format(s): 0

stdout: [generic] Extracting URL: https://cdn.jwplayer.com/videos/fEUvHS01-plcfVP8W.mp4

stdout: [generic] fEUvHS01-plcfVP8W: Downloading webpage

stdout: [download] public/Video/ErCBQBdA.jpeg has already been downloaded

stdout: [download] 100% of  253.89KiB
stdout: 

stdout: [download] public/Video/7z5CciPK.jpeg has already been downloaded

stdout: [download] 100% of  282.77KiB
stdout: 

stdout: [generic] Extracting URL: https://assets-jpcust.jwpsrv.com/thumbnails/9m7uuuq9-1920.jpg

stdout: [generic] 9m7uuuq9-1920: Downloading webpage

stdout: [info] pzvazx3v-1920: Downloading 1 format(s): 0

child process exited with code 1
stdout: [info] jbca3mav-1920: Downloading 1 format(s): 0

stdout: [generic] Extracting URL: https://cdn.jwplayer.com/videos/55fWSFZl-plcfVP8W.mp4

stdout: [generic] 55fWSFZl-plcfVP8W: Downloading webpage

stdout: [generic] Extracting URL: https://assets-jpcust.jwpsrv.com/thumbnails/newym974-1920.jpg

stdout: [generic] newym974-1920: Downloading webpage

stdout: [download] public/Video/7z5CciPK.jpeg has already been downloaded

stdout: [download] 100% of  282.77KiB
stdout: 

stdout: [download] public/Video/1IzvhWMT.jpeg has already been downloaded

stdout: [download] 100% of  350.43KiB
stdout: 

stdout: [info] 5tn8ybjw-1920: Downloading 1 format(s): 0

stdout: [download] public/Video/xkgxlY1s.jpeg has already been downloaded

stdout: [download] 100% of  251.53KiB

stdout: [info] eajvtm5a-1920: Downloading 1 format(s): 0

stdout: [info] newym974-1920: Downloading 1 format(s): 0

stdout: [download] public/Video/PRmZEddJ.jpeg has already been downloaded

stdout: [download] 100% of  295.56KiB
stdout: 

stdout: [info] 9m7uuuq9-1920: Downloading 1 format(s): 0

child process exited with code 1
child process exited with code 0
stdout: [download] public/Video/6XMvq4m6.jpeg has already been downloaded

stdout: [download] 100% of  311.28KiB
stdout: 

child process exited with code 0
child process exited with code 1
child process exited with code 1
stdout: [download] public/Video/EpgsvjRM.jpeg has already been downloaded

stdout: [download] 100% of  273.70KiB
stdout: 

child process exited with code 0
child process exited with code 0
stdout: [generic] Extracting URL: https://cdn.jwplayer.com/videos/rwYUWj05-plcfVP8W.mp4

stdout: [generic] rwYUWj05-plcfVP8W: Downloading webpage

stdout: [info] umczh6tn-1920: Downloading 1 format(s): 0

child process exited with code 0
child process exited with code 0
stdout: [download] public/Video/F5qs7wb7.jpeg has already been downloaded

stdout: [download] 100% of  276.92KiB
stdout: 

child process exited with code 1
child process exited with code 1
child process exited with code 0
child process exited with code 0
child process exited with code 0
stdout: [generic] Extracting URL: https://assets-jpcust.jwpsrv.com/thumbnails/a1aemlo6-1920.jpg

stdout: [generic] a1aemlo6-1920: Downloading webpage

stdout: [generic] Extracting URL: https://assets-jpcust.jwpsrv.com/thumbnails/9m7uuuq9-1920.jpg

stdout: [generic] 9m7uuuq9-1920: Downloading webpage

child process exited with code 1
child process exited with code 1
child process exited with code 0
stdout: [generic] Extracting URL: https://assets-jpcust.jwpsrv.com/thumbnails/mi5kdv9m-1920.jpg

stdout: [generic] mi5kdv9m-1920: Downloading webpage

child process exited with code 0
child process exited with code 0
stdout: [info] a1aemlo6-1920: Downloading 1 format(s): 0

stdout: [generic] Extracting URL: https://assets-jpcust.jwpsrv.com/thumbnails/pzvazx3v-1920.jpg
[generic] pzvazx3v-1920: Downloading webpage

child process exited with code 0
stdout: [download] public/Video/fEUvHS01.jpeg has already been downloaded

stdout: [download] 100% of  306.99KiB
stdout: 

stdout: [generic] Extracting URL: https://assets-jpcust.jwpsrv.com/thumbnails/mi5kdv9m-1920.jpg

stdout: [generic] mi5kdv9m-1920: Downloading webpage

child process exited with code 1
child process exited with code 1
child process exited with code 1
stdout: [generic] Extracting URL: https://assets-jpcust.jwpsrv.com/thumbnails/w0xezvcj-1920.jpg

stdout: [generic] w0xezvcj-1920: Downloading webpage

child process exited with code 0
child process exited with code 0
stdout: [info] 9m7uuuq9-1920: Downloading 1 format(s): 0

stdout: [generic] Extracting URL: https://cdn.jwplayer.com/videos/lebba41G-plcfVP8W.mp4

stdout: [generic] lebba41G-plcfVP8W: Downloading webpage

child process exited with code 0
stdout: [generic] Extracting URL: https://cdn.jwplayer.com/videos/fEUvHS01-plcfVP8W.mp4

stdout: [generic] fEUvHS01-plcfVP8W: Downloading webpage

stdout: [info] pzvazx3v-1920: Downloading 1 format(s): 0

stdout: [download] public/Video/EpgsvjRM.jpeg has already been downloaded

stdout: [download] 100% of  273.70KiB
stdout: 

stdout: [generic] Extracting URL: https://assets-jpcust.jwpsrv.com/thumbnails/jbca3mav-1920.jpg

stdout: [generic] jbca3mav-1920: Downloading webpage

stdout: [download] public/Video/1IzvhWMT.jpeg has already been downloaded

stdout: [download] 100% of  350.43KiB
stdout: 

stdout: [info] w0xezvcj-1920: Downloading 1 format(s): 0

stdout: [generic] Extracting URL: https://cdn.jwplayer.com/videos/55fWSFZl-plcfVP8W.mp4

stdout: [generic] 55fWSFZl-plcfVP8W: Downloading webpage

stdout: [download] public/Video/GC4lnrua.jpeg has already been downloaded

stdout: [download] 100% of  255.27KiB
stdout: 

stdout: [info] mi5kdv9m-1920: Downloading 1 format(s): 0

stdout: [download] public/Video/m4G6ceFw.jpeg has already been downloaded

stdout: [download] 100% of  292.68KiB
stdout: 

child process exited with code 0
stdout: [info] jbca3mav-1920: Downloading 1 format(s): 0

stdout: [generic] Extracting URL: https://cdn.jwplayer.com/videos/fEUvHS01-plcfVP8W.mp4

stdout: [generic] fEUvHS01-plcfVP8W: Downloading webpage

stdout: [download] public/Video/7z5CciPK.jpeg has already been downloaded

stdout: [download] 100% of  282.77KiB
stdout: 

child process exited with code 1
stdout: [info] mi5kdv9m-1920: Downloading 1 format(s): 0

child process exited with code 0
stdout: [generic] Extracting URL: https://assets-jpcust.jwpsrv.com/thumbnails/l157b04t-1920.jpg

stdout: [generic] l157b04t-1920: Downloading webpage

stdout: [generic] Extracting URL: https://assets-jpcust.jwpsrv.com/thumbnails/eajvtm5a-1920.jpg

stdout: [generic] eajvtm5a-1920: Downloading webpage

stdout: [download] public/Video/m4G6ceFw.jpeg has already been downloaded

stdout: [download] 100% of  292.68KiB
stdout: 

child process exited with code 0
stdout: [generic] Extracting URL: https://cdn.jwplayer.com/videos/xkgxlY1s-plcfVP8W.mp4

stdout: [generic] xkgxlY1s-plcfVP8W: Downloading webpage

stdout: [generic] Extracting URL: https://assets-jpcust.jwpsrv.com/thumbnails/6vrpwgba-1920.jpg

stdout: [generic] Extracting URL: https://assets-jpcust.jwpsrv.com/thumbnails/a1aemlo6-1920.jpg
[generic] a1aemlo6-1920: Downloading webpage

stdout: [generic] 6vrpwgba-1920: Downloading webpage

stdout: [generic] Extracting URL: https://cdn.jwplayer.com/videos/6XMvq4m6-plcfVP8W.mp4
[generic] 6XMvq4m6-plcfVP8W: Downloading webpage

child process exited with code 0
stdout: [info] 6vrpwgba-1920: Downloading 1 format(s): 0

stdout: [download] public/Video/vbBfA4Pd.jpeg has already been downloaded

stdout: [download] 100% of  265.76KiB
stdout: 

stdout: [generic] Extracting URL: https://cdn.jwplayer.com/videos/9bqmDdjH-plcfVP8W.mp4

stdout: [generic] 9bqmDdjH-plcfVP8W: Downloading webpage

child process exited with code 0
child process exited with code 0
child process exited with code 1
child process exited with code 0
stdout: [info] eajvtm5a-1920: Downloading 1 format(s): 0

stdout: [generic] Extracting URL: https://assets-jpcust.jwpsrv.com/thumbnails/96xspyk0-1920.jpg

stdout: [generic] 96xspyk0-1920: Downloading webpage

child process exited with code 0
child process exited with code 1
stdout: [download] public/Video/6XMvq4m6.jpeg has already been downloaded

stdout: [download] 100% of  311.28KiB
stdout: 

child process exited with code 1
stdout: [info] l157b04t-1920: Downloading 1 format(s): 0

child process exited with code 1
stdout: [download] public/Video/9bqmDdjH.jpeg has already been downloaded
[download] 100% of  274.76KiB

child process exited with code 0
stdout: [generic] Extracting URL: https://cdn.jwplayer.com/videos/xkgxlY1s-plcfVP8W.mp4

stdout: [generic] xkgxlY1s-plcfVP8W: Downloading webpage

stdout: [info] a1aemlo6-1920: Downloading 1 format(s): 0

stdout: [generic] Extracting URL: https://cdn.jwplayer.com/videos/F5qs7wb7-plcfVP8W.mp4

stdout: [download] public/Video/fEUvHS01.jpeg has already been downloaded

stdout: [download] 100% of  306.99KiB
stdout: 

stdout: [generic] Extracting URL: https://assets-jpcust.jwpsrv.com/thumbnails/06u1ej0c-1920.jpg

stdout: [generic] 06u1ej0c-1920: Downloading webpage

stdout: [generic] Extracting URL: https://cdn.jwplayer.com/videos/EpgsvjRM-plcfVP8W.mp4

stdout: [generic] EpgsvjRM-plcfVP8W: Downloading webpage

stdout: [generic] F5qs7wb7-plcfVP8W: Downloading webpage

stdout: [info] 96xspyk0-1920: Downloading 1 format(s): 0

child process exited with code 1
stdout: [download] public/Video/rwYUWj05.jpeg has already been downloaded

stdout: [download] 100% of  253.20KiB
stdout: 

child process exited with code 1
stdout: [info] 06u1ej0c-1920: Downloading 1 format(s): 0

child process exited with code 0
stdout: [generic] Extracting URL: https://assets-jpcust.jwpsrv.com/thumbnails/w0xezvcj-1920.jpg

stdout: [generic] w0xezvcj-1920: Downloading webpage

stdout: [download] Destination: public/Video/lebba41G.jpeg
[download]   0.4% of  248.03KiB at  Unknown B/s ETA Unknown
stdout: [download]   1.2% of  248.03KiB at  989.53KiB/s ETA 00:00  
stdout: [download]   2.8% of  248.03KiB at    1.03MiB/s ETA 00:00
stdout: [download]   6.0% of  248.03KiB at    1.03MiB/s ETA 00:00
stdout: [download]  12.5% of  248.03KiB at    1.64MiB/s ETA 00:00
stdout: [download]  25.4% of  248.03KiB at    1.99MiB/s ETA 00:00
stdout: [download]  51.2% of  248.03KiB at    2.74MiB/s ETA 00:00
stdout: [download] 100.0% of  248.03KiB at    4.25MiB/s ETA 00:00[download] 100% of  248.03KiB in 00:00:00 at 1.54MiB/s   

stdout: [info] w0xezvcj-1920: Downloading 1 format(s): 0

stdout: [generic] Extracting URL: https://cdn.jwplayer.com/videos/IcZIQPtz-plcfVP8W.mp4

stdout: [generic] IcZIQPtz-plcfVP8W: Downloading webpage

child process exited with code 0
stdout: [download] public/Video/GC4lnrua.jpeg has already been downloaded

stdout: [download] 100% of  255.27KiB
stdout: 

stdout: [generic] Extracting URL: https://cdn.jwplayer.com/videos/9tcIgshf-plcfVP8W.mp4

stdout: [generic] 9tcIgshf-plcfVP8W: Downloading webpage

stdout: [generic] Extracting URL: https://cdn.jwplayer.com/videos/6XMvq4m6-plcfVP8W.mp4

stdout: [generic] 6XMvq4m6-plcfVP8W: Downloading webpage

stdout: [generic] Extracting URL: https://cdn.jwplayer.com/videos/7z5CciPK-plcfVP8W.mp4

stdout: [generic] 7z5CciPK-plcfVP8W: Downloading webpage

child process exited with code 1
child process exited with code 1
child process exited with code 0
stdout: [generic] Extracting URL: https://assets-jpcust.jwpsrv.com/thumbnails/6vrpwgba-1920.jpg

stdout: [generic] 6vrpwgba-1920: Downloading webpage

stdout: [generic] Extracting URL: https://cdn.jwplayer.com/videos/rwYUWj05-plcfVP8W.mp4

stdout: [generic] rwYUWj05-plcfVP8W: Downloading webpage

stdout: [generic] Extracting URL: https://assets-jpcust.jwpsrv.com/thumbnails/l157b04t-1920.jpg

stdout: [generic] l157b04t-1920: Downloading webpage

stdout: [generic] Extracting URL: https://assets-jpcust.jwpsrv.com/thumbnails/a1aemlo6-1920.jpg
[generic] a1aemlo6-1920: Downloading webpage

child process exited with code 0
stdout: [generic] Extracting URL: https://assets-jpcust.jwpsrv.com/thumbnails/pzvazx3v-1920.jpg

stdout: [generic] Extracting URL: https://cdn.jwplayer.com/videos/1IzvhWMT-plcfVP8W.mp4

stdout: [generic] 1IzvhWMT-plcfVP8W: Downloading webpage

stdout: [generic] pzvazx3v-1920: Downloading webpage

child process exited with code 1
stdout: [generic] Extracting URL: https://assets-jpcust.jwpsrv.com/thumbnails/umczh6tn-1920.jpg

stdout: [generic] umczh6tn-1920: Downloading webpage

child process exited with code 0
stdout: [generic] Extracting URL: https://assets-jpcust.jwpsrv.com/thumbnails/jbca3mav-1920.jpg

stdout: [generic] jbca3mav-1920: Downloading webpage

stdout: [generic] Extracting URL: https://assets-jpcust.jwpsrv.com/thumbnails/umczh6tn-1920.jpg

stdout: [generic] umczh6tn-1920: Downloading webpage

stdout: [generic] Extracting URL: https://cdn.jwplayer.com/videos/fEUvHS01-plcfVP8W.mp4

stdout: [generic] fEUvHS01-plcfVP8W: Downloading webpage

child process exited with code 0
stdout: [generic] Extracting URL: https://assets-jpcust.jwpsrv.com/thumbnails/l6528jno-1920.jpg

stdout: [generic] l6528jno-1920: Downloading webpage

child process exited with code 0
stdout: [info] a1aemlo6-1920: Downloading 1 format(s): 0

stdout: [download] public/Video/fEUvHS01.jpeg has already been downloaded

stdout: [download] 100% of  306.99KiB
stdout: 

stdout: [generic] Extracting URL: https://assets-jpcust.jwpsrv.com/thumbnails/tbmc49t9-1920.jpg
[generic] tbmc49t9-1920: Downloading webpage

stdout: [generic] Extracting URL: https://assets-jpcust.jwpsrv.com/thumbnails/umczh6tn-1920.jpg

stdout: [generic] umczh6tn-1920: Downloading webpage

stdout: [info] 6vrpwgba-1920: Downloading 1 format(s): 0

stdout: [info] umczh6tn-1920: Downloading 1 format(s): 0

stdout: [generic] Extracting URL: https://assets-jpcust.jwpsrv.com/thumbnails/l6528jno-1920.jpg

stdout: [generic] l6528jno-1920: Downloading webpage

stdout: [generic] Extracting URL: https://assets-jpcust.jwpsrv.com/thumbnails/5girurdf-1920.jpg

stdout: [generic] 5girurdf-1920: Downloading webpage

stdout: [download] public/Video/vbBfA4Pd.jpeg has already been downloaded

stdout: [download] 100% of  265.76KiB
stdout: [download] public/Video/F5qs7wb7.jpeg has already been downloaded

stdout: [download] 100% of  276.92KiB
stdout: 

child process exited with code 1
stdout: [generic] Extracting URL: https://cdn.jwplayer.com/videos/55fWSFZl-plcfVP8W.mp4

stdout: [generic] 55fWSFZl-plcfVP8W: Downloading webpage

stdout: 

stdout: [info] jbca3mav-1920: Downloading 1 format(s): 0

stdout: [generic] Extracting URL: https://assets-jpcust.jwpsrv.com/thumbnails/96xspyk0-1920.jpg

stdout: [generic] 96xspyk0-1920: Downloading webpage

child process exited with code 1
stdout: [generic] Extracting URL: https://cdn.jwplayer.com/videos/6XMvq4m6-plcfVP8W.mp4

stdout: [generic] 6XMvq4m6-plcfVP8W: Downloading webpage

stdout: [generic] Extracting URL: https://cdn.jwplayer.com/videos/vbBfA4Pd-plcfVP8W.mp4

stdout: [generic] vbBfA4Pd-plcfVP8W: Downloading webpage

stdout: [info] l157b04t-1920: Downloading 1 format(s): 0

child process exited with code 1
stdout: [download] public/Video/7z5CciPK.jpeg has already been downloaded

stdout: [download] 100% of  282.77KiB
stdout: 

stdout: [info] pzvazx3v-1920: Downloading 1 format(s): 0

stdout: [info] umczh6tn-1920: Downloading 1 format(s): 0

stdout: [download] public/Video/9bqmDdjH.jpeg has already been downloaded

stdout: [download] 100% of  274.76KiB
stdout: 

stdout: [download] public/Video/1IzvhWMT.jpeg has already been downloaded

stdout: [download] 100% of  350.43KiB
stdout: 

stdout: [info] umczh6tn-1920: Downloading 1 format(s): 0

stdout: [download] public/Video/F5qs7wb7.jpeg has already been downloaded

stdout: [download] 100% of  276.92KiB
stdout: 

stdout: [download] public/Video/F5qs7wb7.jpeg has already been downloaded

stdout: [download] 100% of  276.92KiB
stdout: 

stdout: [generic] Extracting URL: https://assets-jpcust.jwpsrv.com/thumbnails/5tn8ybjw-1920.jpg

stdout: [generic] 5tn8ybjw-1920: Downloading webpage

stdout: [info] l6528jno-1920: Downloading 1 format(s): 0

stdout: [info] l6528jno-1920: Downloading 1 format(s): 0

stdout: [generic] Extracting URL: https://cdn.jwplayer.com/videos/m4G6ceFw-plcfVP8W.mp4

stdout: [generic] m4G6ceFw-plcfVP8W: Downloading webpage

stdout: [download] public/Video/IcZIQPtz.jpeg has already been downloaded

stdout: [download] public/Video/IcZIQPtz.jpeg has already been downloaded

stdout: [download] 100% of  263.61KiB
stdout: 

stdout: [download] 100% of  263.61KiB
stdout: 

stdout: [generic] Extracting URL: https://cdn.jwplayer.com/videos/m4G6ceFw-plcfVP8W.mp4

stdout: [generic] m4G6ceFw-plcfVP8W: Downloading webpage

child process exited with code 1
child process exited with code 1
stdout: [info] tbmc49t9-1920: Downloading 1 format(s): 0

stdout: [generic] Extracting URL: https://cdn.jwplayer.com/videos/PRmZEddJ-plcfVP8W.mp4

stdout: [generic] PRmZEddJ-plcfVP8W: Downloading webpage

stdout: [generic] Extracting URL: https://cdn.jwplayer.com/videos/9tcIgshf-plcfVP8W.mp4

stdout: [generic] 9tcIgshf-plcfVP8W: Downloading webpage

child process exited with code 1
stdout: [download] public/Video/55fWSFZl.jpeg has already been downloaded

stdout: [download] 100% of  237.12KiB
stdout: 

stdout: [info] 5girurdf-1920: Downloading 1 format(s): 0

stdout: [info] 96xspyk0-1920: Downloading 1 format(s): 0

stdout: [generic] Extracting URL: https://cdn.jwplayer.com/videos/7z5CciPK-plcfVP8W.mp4

stdout: [generic] 7z5CciPK-plcfVP8W: Downloading webpage

child process exited with code 1
stdout: [download] public/Video/ErCBQBdA.jpeg has already been downloaded

stdout: [download] 100% of  253.89KiB
stdout: 

stdout: [download] public/Video/rwYUWj05.jpeg has already been downloaded

stdout: [download] 100% of  253.20KiB

stdout: [generic] Extracting URL: https://assets-jpcust.jwpsrv.com/thumbnails/l6528jno-1920.jpg

stdout: [generic] l6528jno-1920: Downloading webpage

stdout: [generic] Extracting URL: https://assets-jpcust.jwpsrv.com/thumbnails/5girurdf-1920.jpg

stdout: [generic] 5girurdf-1920: Downloading webpage

child process exited with code 0
stdout: [generic] Extracting URL: https://cdn.jwplayer.com/videos/lebba41G-plcfVP8W.mp4

stdout: [generic] lebba41G-plcfVP8W: Downloading webpage

child process exited with code 1
stdout: [generic] Extracting URL: https://assets-jpcust.jwpsrv.com/thumbnails/oeeu6ezx-1920.jpg

stdout: [generic] oeeu6ezx-1920: Downloading webpage

stdout: [generic] Extracting URL: https://assets-jpcust.jwpsrv.com/thumbnails/newym974-1920.jpg

stdout: [generic] newym974-1920: Downloading webpage

stdout: [generic] Extracting URL: https://assets-jpcust.jwpsrv.com/thumbnails/eajvtm5a-1920.jpg

child process exited with code 1
stdout: [generic] eajvtm5a-1920: Downloading webpage

stdout: [generic] Extracting URL: https://cdn.jwplayer.com/videos/m4G6ceFw-plcfVP8W.mp4

stdout: [generic] m4G6ceFw-plcfVP8W: Downloading webpage

stdout: [generic] Extracting URL: https://assets-jpcust.jwpsrv.com/thumbnails/vwchvh4u-1920.jpg

stdout: [generic] vwchvh4u-1920: Downloading webpage

stdout: [info] 5tn8ybjw-1920: Downloading 1 format(s): 0

stdout: [generic] Extracting URL: https://cdn.jwplayer.com/videos/ErCBQBdA-plcfVP8W.mp4

stdout: [generic] ErCBQBdA-plcfVP8W: Downloading webpage

child process exited with code 1
stdout: [generic] Extracting URL: https://cdn.jwplayer.com/videos/IcZIQPtz-plcfVP8W.mp4

stdout: [generic] IcZIQPtz-plcfVP8W: Downloading webpage

child process exited with code 0
stdout: [download] public/Video/xkgxlY1s.jpeg has already been downloaded

stdout: [download] 100% of  251.53KiB

child process exited with code 0
stdout: [generic] Extracting URL: https://assets-jpcust.jwpsrv.com/thumbnails/newym974-1920.jpg

stdout: [generic] newym974-1920: Downloading webpage

stdout: [generic] Extracting URL: https://cdn.jwplayer.com/videos/ErCBQBdA-plcfVP8W.mp4

stdout: [generic] ErCBQBdA-plcfVP8W: Downloading webpage

child process exited with code 0
stdout: [info] oeeu6ezx-1920: Downloading 1 format(s): 0

stdout: [generic] Extracting URL: https://cdn.jwplayer.com/videos/1IzvhWMT-plcfVP8W.mp4

stdout: [generic] 1IzvhWMT-plcfVP8W: Downloading webpage

child process exited with code 1
stdout: [download] Destination: public/Video/9tcIgshf.jpeg

stdout: [download]   0.4% of  246.29KiB at   68.25KiB/s ETA 00:03
stdout: [download]   1.2% of  246.29KiB at  189.61KiB/s ETA 00:01
stdout: [download]   2.8% of  246.29KiB at  398.27KiB/s ETA 00:00
stdout: [download]   6.1% of  246.29KiB at  814.34KiB/s ETA 00:00
stdout: [download]  12.6% of  246.29KiB at    1.54MiB/s ETA 00:00
child process exited with code 0
stdout: [download]  25.6% of  246.29KiB at    1.98MiB/s ETA 00:00
stdout: [download]  51.6% of  246.29KiB at    2.35MiB/s ETA 00:00
stdout: [download] 100.0% of  246.29KiB at    4.18MiB/s ETA 00:00[download] 100% of  246.29KiB in 00:00:00 at 1.80MiB/s   

stdout: [info] newym974-1920: Downloading 1 format(s): 0

stdout: [generic] Extracting URL: https://cdn.jwplayer.com/videos/ErCBQBdA-plcfVP8W.mp4

stdout: [generic] ErCBQBdA-plcfVP8W: Downloading webpage

stdout: [download] public/Video/PRmZEddJ.jpeg has already been downloaded

stdout: [download] 100% of  295.56KiB
stdout: 

stdout: [info] vwchvh4u-1920: Downloading 1 format(s): 0

stdout: [generic] Extracting URL: https://assets-jpcust.jwpsrv.com/thumbnails/5girurdf-1920.jpg

stdout: [generic] 5girurdf-1920: Downloading webpage

stdout: [generic] Extracting URL: https://assets-jpcust.jwpsrv.com/thumbnails/mi5kdv9m-1920.jpg

stdout: [generic] mi5kdv9m-1920: Downloading webpage

stdout: [generic] Extracting URL: https://cdn.jwplayer.com/videos/mSO67f60-plcfVP8W.mp4

stdout: [generic] mSO67f60-plcfVP8W: Downloading webpage

child process exited with code 0
stdout: [generic] Extracting URL: https://assets-jpcust.jwpsrv.com/thumbnails/eajvtm5a-1920.jpg

stdout: [generic] eajvtm5a-1920: Downloading webpage

child process exited with code 0
child process exited with code 0
child process exited with code 0
stdout: [download] Destination: public/Video/Bvr7JpGq.jpeg

stdout: [download]   0.4% of  239.01KiB at   71.84KiB/s ETA 00:03
stdout: [generic] Extracting URL: https://assets-jpcust.jwpsrv.com/thumbnails/newym974-1920.jpg

stdout: [generic] newym974-1920: Downloading webpage

stdout: [download]   1.3% of  239.01KiB at  117.34KiB/s ETA 00:03
stdout: [download]   2.9% of  239.01KiB at  166.80KiB/s ETA 00:01
stdout: [download]   6.3% of  239.01KiB at  350.33KiB/s ETA 00:00
stdout: [download]  13.0% of  239.01KiB at  708.75KiB/s ETA 00:00
stdout: [download]  26.4% of  239.01KiB at    1.38MiB/s ETA 00:00
stdout: [generic] Extracting URL: https://cdn.jwplayer.com/videos/fEUvHS01-plcfVP8W.mp4

stdout: [generic] fEUvHS01-plcfVP8W: Downloading webpage

stdout: [info] 5girurdf-1920: Downloading 1 format(s): 0

stdout: [download]  53.1% of  239.01KiB at 1009.90KiB/s ETA 00:00
stdout: [generic] Extracting URL: https://cdn.jwplayer.com/videos/rwYUWj05-plcfVP8W.mp4

stdout: [generic] rwYUWj05-plcfVP8W: Downloading webpage

stdout: [download] public/Video/ErCBQBdA.jpeg has already been downloaded

stdout: [download] 100% of  253.89KiB
stdout: 

stdout: [download] 100.0% of  239.01KiB at    1.41MiB/s ETA 00:00
stdout: [download] 100% of  239.01KiB in 00:00:00 at 778.00KiB/s 
stdout: 

stdout: [generic] Extracting URL: https://cdn.jwplayer.com/videos/fEUvHS01-plcfVP8W.mp4

stdout: [generic] fEUvHS01-plcfVP8W: Downloading webpage

stdout: [info] 5girurdf-1920: Downloading 1 format(s): 0

stdout: [info] eajvtm5a-1920: Downloading 1 format(s): 0

stdout: [download] public/Video/6XMvq4m6.jpeg has already been downloaded

stdout: [download] 100% of  311.28KiB
stdout: 

stdout: [download] public/Video/ErCBQBdA.jpeg has already been downloaded

stdout: [download] 100% of  253.89KiB
child process exited with code 0
stdout: 

stdout: [generic] Extracting URL: https://assets-jpcust.jwpsrv.com/thumbnails/9m7uuuq9-1920.jpg

stdout: [generic] 9m7uuuq9-1920: Downloading webpage

stdout: [info] l6528jno-1920: Downloading 1 format(s): 0

child process exited with code 1
child process exited with code 1
stdout: [generic] Extracting URL: https://assets-jpcust.jwpsrv.com/thumbnails/l157b04t-1920.jpg

stdout: [generic] l157b04t-1920: Downloading webpage

stdout: [generic] Extracting URL: https://cdn.jwplayer.com/videos/rwYUWj05-plcfVP8W.mp4

stdout: [generic] rwYUWj05-plcfVP8W: Downloading webpage

stdout: [generic] Extracting URL: https://cdn.jwplayer.com/videos/GC4lnrua-plcfVP8W.mp4

stdout: [generic] GC4lnrua-plcfVP8W: Downloading webpage

stdout: [generic] Extracting URL: https://assets-jpcust.jwpsrv.com/thumbnails/6vrpwgba-1920.jpg

stdout: [generic] 6vrpwgba-1920: Downloading webpage

stdout: [download] public/Video/IcZIQPtz.jpeg has already been downloaded

stdout: [download] 100% of  263.61KiB
stdout: 

child process exited with code 0
child process exited with code 0
stdout: [generic] Extracting URL: https://assets-jpcust.jwpsrv.com/thumbnails/kyitvnl4-1920.jpg

stdout: [generic] kyitvnl4-1920: Downloading webpage

stdout: [generic] Extracting URL: https://assets-jpcust.jwpsrv.com/thumbnails/eajvtm5a-1920.jpg

stdout: [generic] eajvtm5a-1920: Downloading webpage

child process exited with code 0
stdout: [info] eajvtm5a-1920: Downloading 1 format(s): 0

stdout: [generic] Extracting URL: https://cdn.jwplayer.com/videos/xkgxlY1s-plcfVP8W.mp4

stdout: [generic] xkgxlY1s-plcfVP8W: Downloading webpage

stdout: [generic] Extracting URL: https://assets-jpcust.jwpsrv.com/thumbnails/aezed5rh-1920.jpg
[generic] aezed5rh-1920: Downloading webpage

stdout: [generic] Extracting URL: https://cdn.jwplayer.com/videos/EpgsvjRM-plcfVP8W.mp4

stdout: [generic] EpgsvjRM-plcfVP8W: Downloading webpage

child process exited with code 1
stdout: [info] newym974-1920: Downloading 1 format(s): 0

child process exited with code 1
stdout: [download] public/Video/6XMvq4m6.jpeg has already been downloaded

stdout: [download] 100% of  311.28KiB
stdout: [info] newym974-1920: Downloading 1 format(s): 0

stdout: 

stdout: [info] 6vrpwgba-1920: Downloading 1 format(s): 0

stdout: [info] eajvtm5a-1920: Downloading 1 format(s): 0

stdout: [download] public/Video/6XMvq4m6.jpeg has already been downloaded

stdout: [download] 100% of  311.28KiB
stdout: 

stdout: [download] public/Video/vbBfA4Pd.jpeg has already been downloaded

stdout: [download] 100% of  265.76KiB
child process exited with code 0
stdout: 

child process exited with code 1
stdout: [download] public/Video/PRmZEddJ.jpeg has already been downloaded

child process exited with code 0
child process exited with code 1
stdout: [download] public/Video/PRmZEddJ.jpeg has already been downloaded

stdout: [download] 100% of  295.56KiB
stdout: 

stdout: [download] 100% of  295.56KiB
stdout: 

stdout: [generic] Extracting URL: https://cdn.jwplayer.com/videos/9bqmDdjH-plcfVP8W.mp4

stdout: [generic] 9bqmDdjH-plcfVP8W: Downloading webpage

stdout: [info] l157b04t-1920: Downloading 1 format(s): 0

child process exited with code 0
stdout: [info] mi5kdv9m-1920: Downloading 1 format(s): 0

child process exited with code 1
stdout: [generic] Extracting URL: https://cdn.jwplayer.com/videos/1IzvhWMT-plcfVP8W.mp4

stdout: [generic] 1IzvhWMT-plcfVP8W: Downloading webpage

stdout: [generic] Extracting URL: https://assets-jpcust.jwpsrv.com/thumbnails/96xspyk0-1920.jpg

stdout: [generic] 96xspyk0-1920: Downloading webpage

stdout: [download] public/Video/m4G6ceFw.jpeg has already been downloaded

stdout: [download] 100% of  292.68KiB
stdout: 

stdout: [info] 9m7uuuq9-1920: Downloading 1 format(s): 0

stdout: [download] public/Video/9bqmDdjH.jpeg has already been downloaded

stdout: [download] 100% of  274.76KiB
child process exited with code 1
stdout: 

stdout: [generic] Extracting URL: https://assets-jpcust.jwpsrv.com/thumbnails/5tn8ybjw-1920.jpg

stdout: [generic] 5tn8ybjw-1920: Downloading webpage

child process exited with code 1
stdout: [download] public/Video/EpgsvjRM.jpeg has already been downloaded

stdout: [download] 100% of  273.70KiB
stdout: 

child process exited with code 1
stdout: [info] aezed5rh-1920: Downloading 1 format(s): 0

child process exited with code 0
stdout: [generic] Extracting URL: https://cdn.jwplayer.com/videos/6XMvq4m6-plcfVP8W.mp4

stdout: [generic] 6XMvq4m6-plcfVP8W: Downloading webpage

stdout: [download] Destination: public/Video/mSO67f60.jpeg

stdout: [download]   0.4% of  242.43KiB at   67.45KiB/s ETA 00:03
stdout: [download]   1.2% of  242.43KiB at  180.85KiB/s ETA 00:01
stdout: [download]   2.9% of  242.43KiB at  390.90KiB/s ETA 00:00
stdout: [download]   6.2% of  242.43KiB at  798.30KiB/s ETA 00:00
stdout: [download]  12.8% of  242.43KiB at    1.52MiB/s ETA 00:00
stdout: [download]  26.0% of  242.43KiB at    1.91MiB/s ETA 00:00
stdout: [generic] Extracting URL: https://cdn.jwplayer.com/videos/9tcIgshf-plcfVP8W.mp4

stdout: [generic] 9tcIgshf-plcfVP8W: Downloading webpage

stdout: [download]  52.4% of  242.43KiB at    2.61MiB/s ETA 00:00
stdout: [generic] Extracting URL: https://cdn.jwplayer.com/videos/hU1Z2wSs-plcfVP8W.mp4

stdout: [generic] hU1Z2wSs-plcfVP8W: Downloading webpage

child process exited with code 0
stdout: [generic] Extracting URL: https://cdn.jwplayer.com/videos/xkgxlY1s-plcfVP8W.mp4

stdout: [generic] xkgxlY1s-plcfVP8W: Downloading webpage

child process exited with code 1
child process exited with code 1
stdout: [download] 100.0% of  242.43KiB at    2.41MiB/s ETA 00:00
stdout: [download] 100% of  242.43KiB in 00:00:00 at 1.30MiB/s   
stdout: 

stdout: [generic] Extracting URL: https://assets-jpcust.jwpsrv.com/thumbnails/jbca3mav-1920.jpg

stdout: [generic] jbca3mav-1920: Downloading webpage

child process exited with code 1
stdout: [generic] Extracting URL: https://assets-jpcust.jwpsrv.com/thumbnails/mi5kdv9m-1920.jpg

stdout: [generic] mi5kdv9m-1920: Downloading webpage

stdout: [generic] Extracting URL: https://cdn.jwplayer.com/videos/PRmZEddJ-plcfVP8W.mp4

stdout: [generic] PRmZEddJ-plcfVP8W: Downloading webpage

stdout: [generic] Extracting URL: https://cdn.jwplayer.com/videos/F5qs7wb7-plcfVP8W.mp4

stdout: [generic] F5qs7wb7-plcfVP8W: Downloading webpage

child process exited with code 0
stdout: [generic] Extracting URL: https://assets-jpcust.jwpsrv.com/thumbnails/i776ey45-1920.jpg

stdout: [generic] i776ey45-1920: Downloading webpage

child process exited with code 0
stdout: [info] kyitvnl4-1920: Downloading 1 format(s): 0

stdout: [generic] Extracting URL: https://cdn.jwplayer.com/videos/GC4lnrua-plcfVP8W.mp4

stdout: [generic] GC4lnrua-plcfVP8W: Downloading webpage

stdout: [generic] Extracting URL: https://assets-jpcust.jwpsrv.com/thumbnails/96xspyk0-1920.jpg

stdout: [generic] 96xspyk0-1920: Downloading webpage

child process exited with code 1
child process exited with code 0
stdout: [generic] Extracting URL: https://assets-jpcust.jwpsrv.com/thumbnails/l157b04t-1920.jpg

stdout: [generic] l157b04t-1920: Downloading webpage

stdout: [generic] Extracting URL: https://assets-jpcust.jwpsrv.com/thumbnails/jbca3mav-1920.jpg

stdout: [generic] jbca3mav-1920: Downloading webpage

child process exited with code 1
stdout: [generic] Extracting URL: https://assets-jpcust.jwpsrv.com/thumbnails/9m7uuuq9-1920.jpg

stdout: [generic] 9m7uuuq9-1920: Downloading webpage

stdout: [generic] Extracting URL: https://cdn.jwplayer.com/videos/lebba41G-plcfVP8W.mp4

stdout: [generic] lebba41G-plcfVP8W: Downloading webpage

stdout: [generic] Extracting URL: https://cdn.jwplayer.com/videos/EpgsvjRM-plcfVP8W.mp4

stdout: [generic] EpgsvjRM-plcfVP8W: Downloading webpage

stdout: [generic] Extracting URL: https://assets-jpcust.jwpsrv.com/thumbnails/oeeu6ezx-1920.jpg

stdout: [generic] oeeu6ezx-1920: Downloading webpage

stdout: [generic] Extracting URL: https://cdn.jwplayer.com/videos/55fWSFZl-plcfVP8W.mp4

stdout: [generic] 55fWSFZl-plcfVP8W: Downloading webpage

stdout: [info] 96xspyk0-1920: Downloading 1 format(s): 0

stdout: [generic] Extracting URL: https://assets-jpcust.jwpsrv.com/thumbnails/l6528jno-1920.jpg

stdout: [generic] l6528jno-1920: Downloading webpage

child process exited with code 0
stdout: [download] Destination: public/Video/hU1Z2wSs.jpeg

stdout: [download]   0.4% of  247.08KiB at  279.64KiB/s ETA 00:00
stdout: [generic] Extracting URL: https://assets-jpcust.jwpsrv.com/thumbnails/i776ey45-1920.jpg

stdout: [generic] i776ey45-1920: Downloading webpage

stdout: [download]   1.2% of  247.08KiB at  643.36KiB/s ETA 00:00
stdout: [download]   2.8% of  247.08KiB at  415.32KiB/s ETA 00:00
stdout: [download]   6.1% of  247.08KiB at  844.39KiB/s ETA 00:00
stdout: [download]  12.5% of  247.08KiB at    1.62MiB/s ETA 00:00
stdout: [generic] Extracting URL: https://cdn.jwplayer.com/videos/6XMvq4m6-plcfVP8W.mp4

stdout: [generic] 6XMvq4m6-plcfVP8W: Downloading webpage

stdout: [generic] Extracting URL: https://assets-jpcust.jwpsrv.com/thumbnails/aezed5rh-1920.jpg

stdout: [generic] aezed5rh-1920: Downloading webpage

stdout: [download] public/Video/rwYUWj05.jpeg has already been downloaded

stdout: [download] 100% of  253.20KiB
stdout: 

stdout: [generic] Extracting URL: https://cdn.jwplayer.com/videos/rwYUWj05-plcfVP8W.mp4

stdout: [generic] rwYUWj05-plcfVP8W: Downloading webpage

stdout: [download]  25.5% of  247.08KiB at  573.65KiB/s ETA 00:00
stdout: [generic] Extracting URL: https://assets-jpcust.jwpsrv.com/thumbnails/9m7uuuq9-1920.jpg

stdout: [generic] 9m7uuuq9-1920: Downloading webpage

stdout: [generic] Extracting URL: https://assets-jpcust.jwpsrv.com/thumbnails/a1aemlo6-1920.jpg

stdout: [generic] a1aemlo6-1920: Downloading webpage

stdout: [download]  51.4% of  247.08KiB at    1.00MiB/s ETA 00:00
stdout: [generic] Extracting URL: https://assets-jpcust.jwpsrv.com/thumbnails/w0xezvcj-1920.jpg
[generic] w0xezvcj-1920: Downloading webpage

stdout: [download] 100.0% of  247.08KiB at    1.70MiB/s ETA 00:00
stdout: [download] 100% of  247.08KiB in 00:00:00 at 891.29KiB/s 
stdout: 

stdout: [generic] Extracting URL: https://assets-jpcust.jwpsrv.com/thumbnails/6vrpwgba-1920.jpg

stdout: [generic] 6vrpwgba-1920: Downloading webpage

child process exited with code 1
stdout: [generic] Extracting URL: https://cdn.jwplayer.com/videos/PRmZEddJ-plcfVP8W.mp4

stdout: [generic] PRmZEddJ-plcfVP8W: Downloading webpage

child process exited with code 0
child process exited with code 1
stdout: [info] 5tn8ybjw-1920: Downloading 1 format(s): 0

stdout: [generic] Extracting URL: https://assets-jpcust.jwpsrv.com/thumbnails/mi5kdv9m-1920.jpg

stdout: [generic] mi5kdv9m-1920: Downloading webpage

child process exited with code 1
stdout: [download] public/Video/xkgxlY1s.jpeg has already been downloaded

stdout: [download] 100% of  251.53KiB
stdout: 

stdout: [info] mi5kdv9m-1920: Downloading 1 format(s): 0

stdout: [download] public/Video/m4G6ceFw.jpeg has already been downloaded

stdout: [download] 100% of  292.68KiB
stdout: 

stdout: [info] i776ey45-1920: Downloading 1 format(s): 0

stdout: [generic] Extracting URL: https://cdn.jwplayer.com/videos/ErCBQBdA-plcfVP8W.mp4

stdout: [generic] ErCBQBdA-plcfVP8W: Downloading webpage

stdout: [generic] Extracting URL: https://assets-jpcust.jwpsrv.com/thumbnails/5girurdf-1920.jpg

stdout: [generic] 5girurdf-1920: Downloading webpage

stdout: [generic] Extracting URL: https://assets-jpcust.jwpsrv.com/thumbnails/5tn8ybjw-1920.jpg

stdout: [generic] 5tn8ybjw-1920: Downloading webpage

child process exited with code 1
stdout: [info] jbca3mav-1920: Downloading 1 format(s): 0

stdout: [download] Destination: public/Video/7Ijsex8L.jpeg
[download]   0.4% of  265.13KiB at   73.81KiB/s ETA 00:03[download]   1.1% of  265.13KiB at  203.99KiB/s ETA 00:01[download]   2.6% of  265.13KiB at  451.82KiB/s ETA 00:00[download]   5.7% of  265.13KiB at  918.55KiB/s ETA 00:00
stdout: [download]  11.7% of  265.13KiB at    1.68MiB/s ETA 00:00
child process exited with code 0
stdout: [download]  23.8% of  265.13KiB at    1.85MiB/s ETA 00:00
stdout: [generic] Extracting URL: https://cdn.jwplayer.com/videos/mSO67f60-plcfVP8W.mp4

stdout: [generic] mSO67f60-plcfVP8W: Downloading webpage

stdout: [download]  47.9% of  265.13KiB at    2.72MiB/s ETA 00:00
child process exited with code 1
child process exited with code 1
stdout: [info] 96xspyk0-1920: Downloading 1 format(s): 0

stdout: [download]  96.2% of  265.13KiB at    4.37MiB/s ETA 00:00[download] 100.0% of  265.13KiB at    4.43MiB/s ETA 00:00
stdout: [download] 100% of  265.13KiB in 00:00:00 at 2.23MiB/s   

stdout: [generic] Extracting URL: https://assets-jpcust.jwpsrv.com/thumbnails/tbmc49t9-1920.jpg

stdout: [generic] tbmc49t9-1920: Downloading webpage

stdout: [download] public/Video/7z5CciPK.jpeg has already been downloaded

stdout: [download] 100% of  282.77KiB
stdout: 

stdout: [generic] Extracting URL: https://assets-jpcust.jwpsrv.com/thumbnails/l6528jno-1920.jpg

stdout: [generic] l6528jno-1920: Downloading webpage

stdout: [download] public/Video/rwYUWj05.jpeg has already been downloaded

stdout: [download] 100% of  253.20KiB
stdout: 

stdout: [generic] Extracting URL: https://assets-jpcust.jwpsrv.com/thumbnails/aezed5rh-1920.jpg

stdout: [generic] aezed5rh-1920: Downloading webpage

stdout: [info] l6528jno-1920: Downloading 1 format(s): 0

stdout: [info] oeeu6ezx-1920: Downloading 1 format(s): 0

stdout: [generic] Extracting URL: https://assets-jpcust.jwpsrv.com/thumbnails/tbmc49t9-1920.jpg

stdout: [generic] tbmc49t9-1920: Downloading webpage

stdout: [info] aezed5rh-1920: Downloading 1 format(s): 0

stdout: [generic] Extracting URL: https://cdn.jwplayer.com/videos/EpgsvjRM-plcfVP8W.mp4

stdout: [generic] EpgsvjRM-plcfVP8W: Downloading webpage

stdout: [generic] Extracting URL: https://assets-jpcust.jwpsrv.com/thumbnails/06u1ej0c-1920.jpg

stdout: [generic] 06u1ej0c-1920: Downloading webpage

stdout: [generic] Extracting URL: https://cdn.jwplayer.com/videos/F5qs7wb7-plcfVP8W.mp4
[generic] F5qs7wb7-plcfVP8W: Downloading webpage

stdout: [download] public/Video/IcZIQPtz.jpeg has already been downloaded

stdout: [download] 100% of  263.61KiB
stdout: [generic] Extracting URL: https://cdn.jwplayer.com/videos/xkgxlY1s-plcfVP8W.mp4
[generic] xkgxlY1s-plcfVP8W: Downloading webpage

stdout: 

stdout: [generic] Extracting URL: https://assets-jpcust.jwpsrv.com/thumbnails/w0xezvcj-1920.jpg

stdout: [generic] w0xezvcj-1920: Downloading webpage

stdout: [download] public/Video/mSO67f60.jpeg has already been downloaded

stdout: [download] 100% of  242.43KiB
stdout: 

stdout: [info] jbca3mav-1920: Downloading 1 format(s): 0

stdout: [generic] Extracting URL: https://cdn.jwplayer.com/videos/GC4lnrua-plcfVP8W.mp4

stdout: [generic] GC4lnrua-plcfVP8W: Downloading webpage

stdout: [info] 5tn8ybjw-1920: Downloading 1 format(s): 0

stdout: [download] public/Video/xkgxlY1s.jpeg has already been downloaded

stdout: [info] l157b04t-1920: Downloading 1 format(s): 0

stdout: [download] 100% of  251.53KiB
stdout: 

stdout: [generic] Extracting URL: https://cdn.jwplayer.com/videos/PRmZEddJ-plcfVP8W.mp4

stdout: [generic] PRmZEddJ-plcfVP8W: Downloading webpage

stdout: [generic] Extracting URL: https://cdn.jwplayer.com/videos/F5qs7wb7-plcfVP8W.mp4

stdout: [generic] F5qs7wb7-plcfVP8W: Downloading webpage

stdout: [generic] Extracting URL: https://cdn.jwplayer.com/videos/xkgxlY1s-plcfVP8W.mp4
[generic] xkgxlY1s-plcfVP8W: Downloading webpage

stdout: [info] i776ey45-1920: Downloading 1 format(s): 0

stdout: [info] 9m7uuuq9-1920: Downloading 1 format(s): 0

stdout: [download] public/Video/9bqmDdjH.jpeg has already been downloaded

stdout: [download] public/Video/7z5CciPK.jpeg has already been downloaded

stdout: [download] public/Video/9tcIgshf.jpeg has already been downloaded

stdout: [download] 100% of  246.29KiB
stdout: 

stdout: [generic] Extracting URL: https://cdn.jwplayer.com/videos/EpgsvjRM-plcfVP8W.mp4

stdout: [generic] EpgsvjRM-plcfVP8W: Downloading webpage

stdout: [download] 100% of  282.77KiB
stdout: 

child process exited with code 0
child process exited with code 1
stdout: [generic] Extracting URL: https://assets-jpcust.jwpsrv.com/thumbnails/a1aemlo6-1920.jpg
[generic] a1aemlo6-1920: Downloading webpage

child process exited with code 0
child process exited with code 1
child process exited with code 0
stdout: [info] a1aemlo6-1920: Downloading 1 format(s): 0

stdout: [download] 100% of  274.76KiB
stdout: 

stdout: [info] w0xezvcj-1920: Downloading 1 format(s): 0

child process exited with code 1
child process exited with code 1
stdout: [generic] Extracting URL: https://cdn.jwplayer.com/videos/GC4lnrua-plcfVP8W.mp4

stdout: [generic] GC4lnrua-plcfVP8W: Downloading webpage

stdout: [info] 6vrpwgba-1920: Downloading 1 format(s): 0

stdout: [download] public/Video/EpgsvjRM.jpeg has already been downloaded

stdout: [download] public/Video/GC4lnrua.jpeg has already been downloaded

child process exited with code 0
stdout: [download] 100% of  255.27KiB
stdout: 

stdout: [download] public/Video/vbBfA4Pd.jpeg has already been downloaded

stdout: [download] public/Video/7Ijsex8L.jpeg has already been downloaded

stdout: [download] 100% of  265.13KiB
stdout: 

stdout: [generic] Extracting URL: https://assets-jpcust.jwpsrv.com/thumbnails/tbmc49t9-1920.jpg

stdout: [generic] tbmc49t9-1920: Downloading webpage

stdout: [generic] Extracting URL: https://cdn.jwplayer.com/videos/m4G6ceFw-plcfVP8W.mp4

stdout: [generic] m4G6ceFw-plcfVP8W: Downloading webpage

stdout: [generic] Extracting URL: https://assets-jpcust.jwpsrv.com/thumbnails/newym974-1920.jpg

stdout: [generic] newym974-1920: Downloading webpage

stdout: [download] 100% of  265.76KiB
stdout: [download] 100% of  273.70KiB
stdout: 

stdout: 

stdout: [generic] Extracting URL: https://cdn.jwplayer.com/videos/1IzvhWMT-plcfVP8W.mp4

stdout: [generic] 1IzvhWMT-plcfVP8W: Downloading webpage

stdout: [download] public/Video/fEUvHS01.jpeg has already been downloaded

stdout: [download] 100% of  306.99KiB
stdout: 

child process exited with code 1
stdout: [generic] Extracting URL: https://cdn.jwplayer.com/videos/9bqmDdjH-plcfVP8W.mp4

stdout: [generic] 9bqmDdjH-plcfVP8W: Downloading webpage

stdout: [info] w0xezvcj-1920: Downloading 1 format(s): 0

stdout: [generic] Extracting URL: https://cdn.jwplayer.com/videos/ErCBQBdA-plcfVP8W.mp4

stdout: [generic] ErCBQBdA-plcfVP8W: Downloading webpage

child process exited with code 0
stdout: [generic] Extracting URL: https://cdn.jwplayer.com/videos/vbBfA4Pd-plcfVP8W.mp4

stdout: [generic] vbBfA4Pd-plcfVP8W: Downloading webpage

child process exited with code 1
child process exited with code 0
stdout: [generic] Extracting URL: https://cdn.jwplayer.com/videos/7Ijsex8L-plcfVP8W.mp4
[generic] 7Ijsex8L-plcfVP8W: Downloading webpage

child process exited with code 1
stdout: [info] tbmc49t9-1920: Downloading 1 format(s): 0

child process exited with code 0
stdout: [generic] Extracting URL: https://cdn.jwplayer.com/videos/9tcIgshf-plcfVP8W.mp4

stdout: [generic] 9tcIgshf-plcfVP8W: Downloading webpage

stdout: [download] public/Video/55fWSFZl.jpeg has already been downloaded

stdout: [download] 100% of  237.12KiB
stdout: 

stdout: [generic] Extracting URL: https://cdn.jwplayer.com/videos/9tcIgshf-plcfVP8W.mp4

stdout: [generic] 9tcIgshf-plcfVP8W: Downloading webpage

stdout: [generic] Extracting URL: https://assets-jpcust.jwpsrv.com/thumbnails/w0xezvcj-1920.jpg

stdout: [generic] w0xezvcj-1920: Downloading webpage

stdout: [download] public/Video/GC4lnrua.jpeg has already been downloaded

stdout: [download] 100% of  255.27KiB
stdout: 

stdout: [info] 9m7uuuq9-1920: Downloading 1 format(s): 0

stdout: [generic] Extracting URL: https://assets-jpcust.jwpsrv.com/thumbnails/9m7uuuq9-1920.jpg

child process exited with code 1
stdout: [generic] Extracting URL: https://cdn.jwplayer.com/videos/mSO67f60-plcfVP8W.mp4

child process exited with code 1
child process exited with code 1
child process exited with code 1
stdout: [generic] 9m7uuuq9-1920: Downloading webpage

stdout: [generic] mSO67f60-plcfVP8W: Downloading webpage

stdout: [download] public/Video/EpgsvjRM.jpeg has already been downloaded

stdout: [download] 100% of  273.70KiB
stdout: 

stdout: [info] mi5kdv9m-1920: Downloading 1 format(s): 0

child process exited with code 1
child process exited with code 0
stdout: [generic] Extracting URL: https://assets-jpcust.jwpsrv.com/thumbnails/5girurdf-1920.jpg

stdout: [generic] 5girurdf-1920: Downloading webpage

stdout: [generic] Extracting URL: https://cdn.jwplayer.com/videos/F5qs7wb7-plcfVP8W.mp4

stdout: [generic] F5qs7wb7-plcfVP8W: Downloading webpage

stdout: [generic] Extracting URL: https://cdn.jwplayer.com/videos/7z5CciPK-plcfVP8W.mp4

stdout: [generic] 7z5CciPK-plcfVP8W: Downloading webpage

stdout: [download] public/Video/m4G6ceFw.jpeg has already been downloaded

stdout: [download] 100% of  292.68KiB
stdout: 

stdout: [info] tbmc49t9-1920: Downloading 1 format(s): 0

stdout: [generic] Extracting URL: https://assets-jpcust.jwpsrv.com/thumbnails/pzvazx3v-1920.jpg

stdout: [generic] pzvazx3v-1920: Downloading webpage

stdout: [generic] Extracting URL: https://assets-jpcust.jwpsrv.com/thumbnails/oeeu6ezx-1920.jpg

stdout: [generic] oeeu6ezx-1920: Downloading webpage

stdout: [info] 5girurdf-1920: Downloading 1 format(s): 0

stdout: [generic] Extracting URL: https://cdn.jwplayer.com/videos/vbBfA4Pd-plcfVP8W.mp4
[generic] vbBfA4Pd-plcfVP8W: Downloading webpage

stdout: [download] public/Video/55fWSFZl.jpeg has already been downloaded

stdout: [download] 100% of  237.12KiB
stdout: 

stdout: [generic] Extracting URL: https://assets-jpcust.jwpsrv.com/thumbnails/jbca3mav-1920.jpg

stdout: [generic] jbca3mav-1920: Downloading webpage

stdout: [generic] Extracting URL: https://assets-jpcust.jwpsrv.com/thumbnails/l6528jno-1920.jpg
[generic] l6528jno-1920: Downloading webpage

stdout: [info] l6528jno-1920: Downloading 1 format(s): 0

child process exited with code 0
stdout: [info] 06u1ej0c-1920: Downloading 1 format(s): 0

stdout: [info] 9m7uuuq9-1920: Downloading 1 format(s): 0

stdout: [info] tbmc49t9-1920: Downloading 1 format(s): 0

stdout: [download] public/Video/IcZIQPtz.jpeg has already been downloaded

stdout: [download] 100% of  263.61KiB
stdout: 

stdout: [generic] Extracting URL: https://assets-jpcust.jwpsrv.com/thumbnails/l157b04t-1920.jpg

stdout: [generic] l157b04t-1920: Downloading webpage

stdout: [info] aezed5rh-1920: Downloading 1 format(s): 0

stdout: [download] public/Video/ErCBQBdA.jpeg has already been downloaded

stdout: [download] 100% of  253.89KiB
stdout: 

stdout: [generic] Extracting URL: https://cdn.jwplayer.com/videos/IcZIQPtz-plcfVP8W.mp4

stdout: [generic] IcZIQPtz-plcfVP8W: Downloading webpage

stdout: [info] 5girurdf-1920: Downloading 1 format(s): 0

stdout: [download] public/Video/EpgsvjRM.jpeg has already been downloaded

stdout: [download] 100% of  273.70KiB
stdout: 

child process exited with code 1
stdout: [download] public/Video/ErCBQBdA.jpeg has already been downloaded

stdout: [download] 100% of  253.89KiB
stdout: 

stdout: [generic] Extracting URL: https://assets-jpcust.jwpsrv.com/thumbnails/a1aemlo6-1920.jpg

stdout: [generic] a1aemlo6-1920: Downloading webpage

stdout: [download] public/Video/lebba41G.jpeg has already been downloaded

stdout: [download] 100% of  248.03KiB
stdout: 

child process exited with code 0
stdout: [generic] Extracting URL: https://cdn.jwplayer.com/videos/PRmZEddJ-plcfVP8W.mp4
[generic] PRmZEddJ-plcfVP8W: Downloading webpage

child process exited with code 0
stdout: [info] l6528jno-1920: Downloading 1 format(s): 0

child process exited with code 1
stdout: [generic] Extracting URL: https://cdn.jwplayer.com/videos/m4G6ceFw-plcfVP8W.mp4

stdout: [generic] m4G6ceFw-plcfVP8W: Downloading webpage

stdout: [download] public/Video/mSO67f60.jpeg has already been downloaded

stdout: [download] 100% of  242.43KiB

stdout: [download] public/Video/IcZIQPtz.jpeg has already been downloaded

stdout: [download] 100% of  263.61KiB
stdout: 

stdout: [download] public/Video/55fWSFZl.jpeg has already been downloaded

stdout: [download] 100% of  237.12KiB
stdout: 

child process exited with code 0
child process exited with code 1
child process exited with code 1
stdout: [generic] Extracting URL: https://assets-jpcust.jwpsrv.com/thumbnails/5girurdf-1920.jpg

stdout: [generic] 5girurdf-1920: Downloading webpage

child process exited with code 1
child process exited with code 0
stdout: [info] newym974-1920: Downloading 1 format(s): 0

stdout: [generic] Extracting URL: https://cdn.jwplayer.com/videos/F5qs7wb7-plcfVP8W.mp4

stdout: [generic] F5qs7wb7-plcfVP8W: Downloading webpage

stdout: [generic] Extracting URL: https://assets-jpcust.jwpsrv.com/thumbnails/umczh6tn-1920.jpg

stdout: [generic] umczh6tn-1920: Downloading webpage

stdout: [download] public/Video/PRmZEddJ.jpeg has already been downloaded

stdout: [download] 100% of  295.56KiB
stdout: 

child process exited with code 1
child process exited with code 1
stdout: [info] a1aemlo6-1920: Downloading 1 format(s): 0

stdout: [info] 5girurdf-1920: Downloading 1 format(s): 0

stdout: [download] public/Video/ErCBQBdA.jpeg has already been downloaded

stdout: [download] 100% of  253.89KiB
stdout: 

child process exited with code 0
stdout: [generic] Extracting URL: https://assets-jpcust.jwpsrv.com/thumbnails/kyitvnl4-1920.jpg

stdout: [generic] kyitvnl4-1920: Downloading webpage

child process exited with code 0
stdout: [generic] Extracting URL: https://assets-jpcust.jwpsrv.com/thumbnails/umczh6tn-1920.jpg

stdout: [generic] umczh6tn-1920: Downloading webpage

stdout: [generic] Extracting URL: https://assets-jpcust.jwpsrv.com/thumbnails/tbmc49t9-1920.jpg

stdout: [generic] tbmc49t9-1920: Downloading webpage

child process exited with code 1
stdout: [download] public/Video/fEUvHS01.jpeg has already been downloaded

stdout: [download] 100% of  306.99KiB
stdout: 

child process exited with code 0
child process exited with code 0
child process exited with code 0
stdout: [info] jbca3mav-1920: Downloading 1 format(s): 0

stdout: [generic] Extracting URL: https://cdn.jwplayer.com/videos/vbBfA4Pd-plcfVP8W.mp4

stdout: [generic] vbBfA4Pd-plcfVP8W: Downloading webpage

stdout: [info] umczh6tn-1920: Downloading 1 format(s): 0

stdout: [info] l157b04t-1920: Downloading 1 format(s): 0

stdout: [download] public/Video/F5qs7wb7.jpeg has already been downloaded

stdout: [download] 100% of  276.92KiB
stdout: 

child process exited with code 0
stdout: [generic] Extracting URL: https://cdn.jwplayer.com/videos/EpgsvjRM-plcfVP8W.mp4

stdout: [generic] EpgsvjRM-plcfVP8W: Downloading webpage

stdout: [info] a1aemlo6-1920: Downloading 1 format(s): 0

stdout: [download] public/Video/7z5CciPK.jpeg has already been downloaded

stdout: [download] 100% of  282.77KiB
stdout: 

stdout: [info] pzvazx3v-1920: Downloading 1 format(s): 0

stdout: [download] public/Video/9bqmDdjH.jpeg has already been downloaded

stdout: [download] 100% of  274.76KiB
stdout: 

stdout: [info] oeeu6ezx-1920: Downloading 1 format(s): 0

stdout: [generic] Extracting URL: https://assets-jpcust.jwpsrv.com/thumbnails/5tn8ybjw-1920.jpg

stdout: [generic] 5tn8ybjw-1920: Downloading webpage

child process exited with code 0
stdout: [download] public/Video/fEUvHS01.jpeg has already been downloaded

stdout: [download] 100% of  306.99KiB
stdout: 

stdout: [generic] Extracting URL: https://assets-jpcust.jwpsrv.com/thumbnails/l6528jno-1920.jpg

stdout: [generic] l6528jno-1920: Downloading webpage

stdout: [download] public/Video/1IzvhWMT.jpeg has already been downloaded

child process exited with code 0
stdout: [generic] Extracting URL: https://assets-jpcust.jwpsrv.com/thumbnails/pzvazx3v-1920.jpg

stdout: [generic] pzvazx3v-1920: Downloading webpage

stdout: [download] 100% of  350.43KiB
stdout: 

stdout: [generic] Extracting URL: https://assets-jpcust.jwpsrv.com/thumbnails/96xspyk0-1920.jpg

stdout: [generic] 96xspyk0-1920: Downloading webpage

child process exited with code 1
stdout: [download] public/Video/9tcIgshf.jpeg has already been downloaded

stdout: [download] 100% of  246.29KiB
stdout: 

stdout: [generic] Extracting URL: https://cdn.jwplayer.com/videos/1IzvhWMT-plcfVP8W.mp4

stdout: [generic] 1IzvhWMT-plcfVP8W: Downloading webpage

stdout: [generic] Extracting URL: https://cdn.jwplayer.com/videos/vbBfA4Pd-plcfVP8W.mp4

stdout: [generic] vbBfA4Pd-plcfVP8W: Downloading webpage

stdout: [info] w0xezvcj-1920: Downloading 1 format(s): 0

stdout: [generic] Extracting URL: https://cdn.jwplayer.com/videos/7z5CciPK-plcfVP8W.mp4

stdout: [generic] Extracting URL: https://assets-jpcust.jwpsrv.com/thumbnails/w0xezvcj-1920.jpg

stdout: [generic] w0xezvcj-1920: Downloading webpage

stdout: [generic] Extracting URL: https://assets-jpcust.jwpsrv.com/thumbnails/a1aemlo6-1920.jpg

stdout: [generic] a1aemlo6-1920: Downloading webpage

child process exited with code 0
stdout: [generic] 7z5CciPK-plcfVP8W: Downloading webpage

stdout: [generic] Extracting URL: https://assets-jpcust.jwpsrv.com/thumbnails/06u1ej0c-1920.jpg

stdout: [generic] 06u1ej0c-1920: Downloading webpage

child process exited with code 0
stdout: [download] public/Video/GC4lnrua.jpeg has already been downloaded

stdout: [download] 100% of  255.27KiB
stdout: 

child process exited with code 0
stdout: [generic] Extracting URL: https://assets-jpcust.jwpsrv.com/thumbnails/l157b04t-1920.jpg

stdout: [generic] l157b04t-1920: Downloading webpage

child process exited with code 0
stdout: [info] a1aemlo6-1920: Downloading 1 format(s): 0

stdout: [generic] Extracting URL: https://cdn.jwplayer.com/videos/EpgsvjRM-plcfVP8W.mp4

stdout: [generic] EpgsvjRM-plcfVP8W: Downloading webpage

stdout: [download] public/Video/fEUvHS01.jpeg has already been downloaded

stdout: [download] 100% of  306.99KiB
stdout: 

stdout: [info] kyitvnl4-1920: Downloading 1 format(s): 0

stdout: [generic] Extracting URL: https://cdn.jwplayer.com/videos/1IzvhWMT-plcfVP8W.mp4

stdout: [generic] 1IzvhWMT-plcfVP8W: Downloading webpage

stdout: [generic] Extracting URL: https://assets-jpcust.jwpsrv.com/thumbnails/06u1ej0c-1920.jpg

stdout: [generic] 06u1ej0c-1920: Downloading webpage

stdout: [generic] Extracting URL: https://cdn.jwplayer.com/videos/mSO67f60-plcfVP8W.mp4

stdout: [generic] mSO67f60-plcfVP8W: Downloading webpage

stdout: [generic] Extracting URL: https://assets-jpcust.jwpsrv.com/thumbnails/96xspyk0-1920.jpg

stdout: [generic] 96xspyk0-1920: Downloading webpage

child process exited with code 1
child process exited with code 0
child process exited with code 0
stdout: [generic] Extracting URL: https://cdn.jwplayer.com/videos/7z5CciPK-plcfVP8W.mp4

stdout: [generic] 7z5CciPK-plcfVP8W: Downloading webpage

stdout: [download] public/Video/hU1Z2wSs.jpeg has already been downloaded

stdout: [download] 100% of  247.08KiB
stdout: 

child process exited with code 1
child process exited with code 0
child process exited with code 0
stdout: [generic] Extracting URL: https://cdn.jwplayer.com/videos/IcZIQPtz-plcfVP8W.mp4

stdout: [generic] IcZIQPtz-plcfVP8W: Downloading webpage

child process exited with code 1
stdout: [generic] Extracting URL: https://assets-jpcust.jwpsrv.com/thumbnails/eajvtm5a-1920.jpg

stdout: [generic] eajvtm5a-1920: Downloading webpage

stdout: [info] umczh6tn-1920: Downloading 1 format(s): 0

child process exited with code 1
child process exited with code 0
stdout: [generic] Extracting URL: https://assets-jpcust.jwpsrv.com/thumbnails/oeeu6ezx-1920.jpg

stdout: [generic] oeeu6ezx-1920: Downloading webpage

stdout: [info] l6528jno-1920: Downloading 1 format(s): 0

child process exited with code 0
child process exited with code 1
stdout: [generic] Extracting URL: https://cdn.jwplayer.com/videos/PRmZEddJ-plcfVP8W.mp4

stdout: [info] tbmc49t9-1920: Downloading 1 format(s): 0

stdout: [download] public/Video/F5qs7wb7.jpeg has already been downloaded

child process exited with code 0
child process exited with code 1
stdout: [generic] PRmZEddJ-plcfVP8W: Downloading webpage

stdout: [generic] Extracting URL: https://assets-jpcust.jwpsrv.com/thumbnails/tbmc49t9-1920.jpg
[generic] tbmc49t9-1920: Downloading webpage

child process exited with code 0
stdout: [download] 100% of  276.92KiB
stdout: 

stdout: [generic] Extracting URL: https://cdn.jwplayer.com/videos/55fWSFZl-plcfVP8W.mp4

stdout: [generic] 55fWSFZl-plcfVP8W: Downloading webpage

stdout: [download] public/Video/IcZIQPtz.jpeg has already been downloaded

stdout: [download] 100% of  263.61KiB
stdout: [download] public/Video/55fWSFZl.jpeg has already been downloaded

stdout: [download] 100% of  237.12KiB
stdout: 

child process exited with code 1
stdout: [generic] Extracting URL: https://assets-jpcust.jwpsrv.com/thumbnails/mi5kdv9m-1920.jpg

stdout: [generic] mi5kdv9m-1920: Downloading webpage

stdout: 

stdout: [generic] Extracting URL: https://cdn.jwplayer.com/videos/9bqmDdjH-plcfVP8W.mp4
[generic] 9bqmDdjH-plcfVP8W: Downloading webpage

stdout: [info] 96xspyk0-1920: Downloading 1 format(s): 0

child process exited with code 1
stdout: [download] public/Video/rwYUWj05.jpeg has already been downloaded

stdout: [download] 100% of  253.20KiB
stdout: 

stdout: [generic] Extracting URL: https://cdn.jwplayer.com/videos/9tcIgshf-plcfVP8W.mp4

stdout: [generic] 9tcIgshf-plcfVP8W: Downloading webpage

child process exited with code 1
child process exited with code 1
child process exited with code 1
child process exited with code 1
stdout: [generic] Extracting URL: https://assets-jpcust.jwpsrv.com/thumbnails/5tn8ybjw-1920.jpg

stdout: [generic] 5tn8ybjw-1920: Downloading webpage

child process exited with code 0
stdout: [generic] Extracting URL: https://cdn.jwplayer.com/videos/6XMvq4m6-plcfVP8W.mp4
[generic] 6XMvq4m6-plcfVP8W: Downloading webpage

stdout: [generic] Extracting URL: https://cdn.jwplayer.com/videos/9bqmDdjH-plcfVP8W.mp4

stdout: [generic] 9bqmDdjH-plcfVP8W: Downloading webpage

stdout: [generic] Extracting URL: https://cdn.jwplayer.com/videos/fEUvHS01-plcfVP8W.mp4

stdout: [generic] fEUvHS01-plcfVP8W: Downloading webpage

stdout: [info] 5tn8ybjw-1920: Downloading 1 format(s): 0

stdout: [generic] Extracting URL: https://assets-jpcust.jwpsrv.com/thumbnails/06u1ej0c-1920.jpg

stdout: [generic] 06u1ej0c-1920: Downloading webpage

child process exited with code 0
child process exited with code 0
stdout: [generic] Extracting URL: https://cdn.jwplayer.com/videos/IcZIQPtz-plcfVP8W.mp4

stdout: [generic] IcZIQPtz-plcfVP8W: Downloading webpage

child process exited with code 1
child process exited with code 1
child process exited with code 0
child process exited with code 0
child process exited with code 1
stdout: [info] mi5kdv9m-1920: Downloading 1 format(s): 0

stdout: [info] pzvazx3v-1920: Downloading 1 format(s): 0

stdout: [download] public/Video/m4G6ceFw.jpeg has already been downloaded

stdout: [download] 100% of  292.68KiB
stdout: 

stdout: [generic] Extracting URL: https://cdn.jwplayer.com/videos/6XMvq4m6-plcfVP8W.mp4

stdout: [generic] Extracting URL: https://cdn.jwplayer.com/videos/xkgxlY1s-plcfVP8W.mp4

stdout: [generic] xkgxlY1s-plcfVP8W: Downloading webpage

stdout: [generic] 6XMvq4m6-plcfVP8W: Downloading webpage

stdout: [download] public/Video/xkgxlY1s.jpeg has already been downloaded

stdout: [download] 100% of  251.53KiB
stdout: 

child process exited with code 1
stdout: [info] 06u1ej0c-1920: Downloading 1 format(s): 0

stdout: [generic] Extracting URL: https://assets-jpcust.jwpsrv.com/thumbnails/jbca3mav-1920.jpg
[generic] jbca3mav-1920: Downloading webpage

stdout: [info] w0xezvcj-1920: Downloading 1 format(s): 0

stdout: [generic] Extracting URL: https://cdn.jwplayer.com/videos/mSO67f60-plcfVP8W.mp4

stdout: [generic] mSO67f60-plcfVP8W: Downloading webpage

child process exited with code 0
child process exited with code 1
stdout: [info] 96xspyk0-1920: Downloading 1 format(s): 0

child process exited with code 1
stdout: [download] public/Video/1IzvhWMT.jpeg has already been downloaded

stdout: [download] public/Video/lebba41G.jpeg has already been downloaded

stdout: [download] 100% of  248.03KiB
stdout: 

stdout: [info] oeeu6ezx-1920: Downloading 1 format(s): 0

child process exited with code 0
stdout: [download] 100% of  350.43KiB
stdout: 

stdout: [download] public/Video/GC4lnrua.jpeg has already been downloaded

stdout: [download] 100% of  255.27KiB
stdout: 

stdout: [download] public/Video/9tcIgshf.jpeg has already been downloaded

stdout: [download] 100% of  246.29KiB
stdout: 

stdout: [info] l157b04t-1920: Downloading 1 format(s): 0

stdout: [download] public/Video/rwYUWj05.jpeg has already been downloaded

stdout: [download] 100% of  253.20KiB
stdout: 

stdout: [info] 06u1ej0c-1920: Downloading 1 format(s): 0

stdout: [generic] Extracting URL: https://assets-jpcust.jwpsrv.com/thumbnails/oeeu6ezx-1920.jpg

stdout: [generic] oeeu6ezx-1920: Downloading webpage

child process exited with code 0
stdout: [download] public/Video/lebba41G.jpeg has already been downloaded

stdout: [generic] Extracting URL: https://cdn.jwplayer.com/videos/9bqmDdjH-plcfVP8W.mp4

stdout: [generic] 9bqmDdjH-plcfVP8W: Downloading webpage

child process exited with code 0
stdout: [download] public/Video/9bqmDdjH.jpeg has already been downloaded

stdout: [download] 100% of  274.76KiB
stdout: [info] 06u1ej0c-1920: Downloading 1 format(s): 0

stdout: 

stdout: [download] 100% of  248.03KiB
stdout: 

stdout: [generic] Extracting URL: https://cdn.jwplayer.com/videos/IcZIQPtz-plcfVP8W.mp4

stdout: [generic] IcZIQPtz-plcfVP8W: Downloading webpage

child process exited with code 0
child process exited with code 0
stdout: [download] public/Video/lebba41G.jpeg has already been downloaded

stdout: [download] 100% of  248.03KiB
stdout: 

child process exited with code 1
child process exited with code 1
stdout: [info] tbmc49t9-1920: Downloading 1 format(s): 0

stdout: [generic] Extracting URL: https://assets-jpcust.jwpsrv.com/thumbnails/pzvazx3v-1920.jpg

stdout: [generic] pzvazx3v-1920: Downloading webpage

stdout: [info] eajvtm5a-1920: Downloading 1 format(s): 0

stdout: [generic] Extracting URL: https://assets-jpcust.jwpsrv.com/thumbnails/6vrpwgba-1920.jpg

stdout: [generic] Extracting URL: https://cdn.jwplayer.com/videos/xkgxlY1s-plcfVP8W.mp4

stdout: [generic] xkgxlY1s-plcfVP8W: Downloading webpage

stdout: [generic] 6vrpwgba-1920: Downloading webpage

child process exited with code 0
stdout: [generic] Extracting URL: https://assets-jpcust.jwpsrv.com/thumbnails/l157b04t-1920.jpg

stdout: [generic] l157b04t-1920: Downloading webpage

stdout: [generic] Extracting URL: https://assets-jpcust.jwpsrv.com/thumbnails/pzvazx3v-1920.jpg

stdout: [generic] pzvazx3v-1920: Downloading webpage

stdout: [download] public/Video/55fWSFZl.jpeg has already been downloaded

stdout: [download] 100% of  237.12KiB
stdout: 

stdout: [download] public/Video/6XMvq4m6.jpeg has already been downloaded

child process exited with code 0
child process exited with code 0
stdout: [generic] Extracting URL: https://assets-jpcust.jwpsrv.com/thumbnails/eajvtm5a-1920.jpg

stdout: [generic] eajvtm5a-1920: Downloading webpage

stdout: [download] 100% of  311.28KiB
stdout: 

child process exited with code 1
stdout: [generic] Extracting URL: https://assets-jpcust.jwpsrv.com/thumbnails/umczh6tn-1920.jpg

stdout: [generic] umczh6tn-1920: Downloading webpage

child process exited with code 1
child process exited with code 1
child process exited with code 0
stdout: [generic] Extracting URL: https://assets-jpcust.jwpsrv.com/thumbnails/mi5kdv9m-1920.jpg
[generic] mi5kdv9m-1920: Downloading webpage

child process exited with code 0
child process exited with code 1
stdout: [info] 5tn8ybjw-1920: Downloading 1 format(s): 0

child process exited with code 1
stdout: [download] public/Video/xkgxlY1s.jpeg has already been downloaded

stdout: [download] 100% of  251.53KiB
stdout: 

stdout: [generic] Extracting URL: https://cdn.jwplayer.com/videos/hU1Z2wSs-plcfVP8W.mp4

stdout: [generic] hU1Z2wSs-plcfVP8W: Downloading webpage

stdout: [info] l157b04t-1920: Downloading 1 format(s): 0

stdout: [generic] Extracting URL: https://assets-jpcust.jwpsrv.com/thumbnails/umczh6tn-1920.jpg

stdout: [generic] umczh6tn-1920: Downloading webpage

stdout: [generic] Extracting URL: https://assets-jpcust.jwpsrv.com/thumbnails/newym974-1920.jpg

stdout: [generic] newym974-1920: Downloading webpage

stdout: [info] jbca3mav-1920: Downloading 1 format(s): 0

child process exited with code 1
child process exited with code 0
child process exited with code 0
child process exited with code 1
stdout: [download] public/Video/9bqmDdjH.jpeg has already been downloaded

stdout: [generic] Extracting URL: https://cdn.jwplayer.com/videos/rwYUWj05-plcfVP8W.mp4

stdout: [generic] rwYUWj05-plcfVP8W: Downloading webpage

stdout: [generic] Extracting URL: https://cdn.jwplayer.com/videos/hU1Z2wSs-plcfVP8W.mp4

stdout: [generic] hU1Z2wSs-plcfVP8W: Downloading webpage

stdout: [download] 100% of  274.76KiB
stdout: 

child process exited with code 0
stdout: [info] 6vrpwgba-1920: Downloading 1 format(s): 0

stdout: [download] public/Video/7z5CciPK.jpeg has already been downloaded

stdout: [info] mi5kdv9m-1920: Downloading 1 format(s): 0

child process exited with code 1
stdout: [download] 100% of  282.77KiB
stdout: 

child process exited with code 0
stdout: [download] public/Video/vbBfA4Pd.jpeg has already been downloaded
[download] 100% of  265.76KiB
stdout: 

stdout: [download] public/Video/m4G6ceFw.jpeg has already been downloaded

stdout: [download] 100% of  292.68KiB
stdout: 

stdout: [generic] Extracting URL: https://assets-jpcust.jwpsrv.com/thumbnails/l6528jno-1920.jpg

stdout: [generic] l6528jno-1920: Downloading webpage

child process exited with code 0
stdout: [generic] Extracting URL: https://cdn.jwplayer.com/videos/mSO67f60-plcfVP8W.mp4

stdout: [generic] Extracting URL: https://assets-jpcust.jwpsrv.com/thumbnails/kyitvnl4-1920.jpg

stdout: [generic] kyitvnl4-1920: Downloading webpage

stdout: [info] newym974-1920: Downloading 1 format(s): 0

stdout: [generic] mSO67f60-plcfVP8W: Downloading webpage

stdout: [download] public/Video/PRmZEddJ.jpeg has already been downloaded

stdout: [download] 100% of  295.56KiB
stdout: 

stdout: [info] pzvazx3v-1920: Downloading 1 format(s): 0

child process exited with code 1
stdout: [info] oeeu6ezx-1920: Downloading 1 format(s): 0

child process exited with code 0
stdout: [download] public/Video/1IzvhWMT.jpeg has already been downloaded

stdout: [download] 100% of  350.43KiB
stdout: 

stdout: [generic] Extracting URL: https://cdn.jwplayer.com/videos/7Ijsex8L-plcfVP8W.mp4

stdout: [generic] 7Ijsex8L-plcfVP8W: Downloading webpage

child process exited with code 0
stdout: [info] pzvazx3v-1920: Downloading 1 format(s): 0

stdout: [download] public/Video/9tcIgshf.jpeg has already been downloaded

stdout: [download] 100% of  246.29KiB
stdout: 

child process exited with code 1
child process exited with code 1
child process exited with code 0
child process exited with code 1
stdout: [generic] Extracting URL: https://cdn.jwplayer.com/videos/lebba41G-plcfVP8W.mp4

stdout: [generic] lebba41G-plcfVP8W: Downloading webpage

child process exited with code 0
child process exited with code 1
child process exited with code 0
child process exited with code 0
stdout: [download] public/Video/1IzvhWMT.jpeg has already been downloaded

stdout: [download] 100% of  350.43KiB
stdout: 

child process exited with code 0
stdout: [generic] Extracting URL: https://assets-jpcust.jwpsrv.com/thumbnails/kyitvnl4-1920.jpg

stdout: [generic] kyitvnl4-1920: Downloading webpage

stdout: [generic] Extracting URL: https://assets-jpcust.jwpsrv.com/thumbnails/vwchvh4u-1920.jpg

stdout: [generic] vwchvh4u-1920: Downloading webpage

child process exited with code 1
child process exited with code 1
stdout: [info] umczh6tn-1920: Downloading 1 format(s): 0

stdout: [info] eajvtm5a-1920: Downloading 1 format(s): 0

stdout: [download] public/Video/F5qs7wb7.jpeg has already been downloaded

child process exited with code 0
child process exited with code 0
stdout: [generic] Extracting URL: https://assets-jpcust.jwpsrv.com/thumbnails/9m7uuuq9-1920.jpg

stdout: [generic] 9m7uuuq9-1920: Downloading webpage

stdout: [generic] Extracting URL: https://assets-jpcust.jwpsrv.com/thumbnails/aezed5rh-1920.jpg

stdout: [generic] aezed5rh-1920: Downloading webpage

stdout: [download] public/Video/6XMvq4m6.jpeg has already been downloaded

stdout: [download] 100% of  276.92KiB
stdout: 

child process exited with code 1
stdout: [info] kyitvnl4-1920: Downloading 1 format(s): 0

stdout: [download] 100% of  311.28KiB
stdout: 

stdout: [info] l6528jno-1920: Downloading 1 format(s): 0

stdout: [info] kyitvnl4-1920: Downloading 1 format(s): 0

stdout: [info] umczh6tn-1920: Downloading 1 format(s): 0

stdout: [download] public/Video/hU1Z2wSs.jpeg has already been downloaded

stdout: [download] 100% of  247.08KiB
stdout: 

child process exited with code 0
child process exited with code 1
stdout: [download] public/Video/hU1Z2wSs.jpeg has already been downloaded

stdout: [download] 100% of  247.08KiB
stdout: [generic] Extracting URL: https://cdn.jwplayer.com/videos/1IzvhWMT-plcfVP8W.mp4

child process exited with code 0
stdout: 

child process exited with code 1
stdout: [download] public/Video/F5qs7wb7.jpeg has already been downloaded

stdout: [download] 100% of  276.92KiB
stdout: 

stdout: [generic] Extracting URL: https://cdn.jwplayer.com/videos/55fWSFZl-plcfVP8W.mp4

stdout: [download] public/Video/IcZIQPtz.jpeg has already been downloaded

stdout: [generic] 55fWSFZl-plcfVP8W: Downloading webpage

stdout: [download] 100% of  263.61KiB
stdout: 

stdout: [generic] 1IzvhWMT-plcfVP8W: Downloading webpage

stdout: [generic] Extracting URL: https://assets-jpcust.jwpsrv.com/thumbnails/a1aemlo6-1920.jpg

stdout: [generic] Extracting URL: https://cdn.jwplayer.com/videos/9bqmDdjH-plcfVP8W.mp4

child process exited with code 1
stdout: [generic] 9bqmDdjH-plcfVP8W: Downloading webpage

stdout: [generic] Extracting URL: https://cdn.jwplayer.com/videos/vbBfA4Pd-plcfVP8W.mp4

stdout: [generic] vbBfA4Pd-plcfVP8W: Downloading webpage

stdout: [generic] a1aemlo6-1920: Downloading webpage

child process exited with code 1
child process exited with code 0
child process exited with code 1
child process exited with code 0
child process exited with code 1
stdout: [generic] Extracting URL: https://assets-jpcust.jwpsrv.com/thumbnails/6vrpwgba-1920.jpg

stdout: [generic] 6vrpwgba-1920: Downloading webpage

child process exited with code 0
child process exited with code 0
child process exited with code 1
child process exited with code 1
child process exited with code 0
stdout: [generic] Extracting URL: https://cdn.jwplayer.com/videos/hU1Z2wSs-plcfVP8W.mp4

child process exited with code 0
stdout: [generic] Extracting URL: https://assets-jpcust.jwpsrv.com/thumbnails/eajvtm5a-1920.jpg

stdout: [generic] Extracting URL: https://cdn.jwplayer.com/videos/55fWSFZl-plcfVP8W.mp4
[generic] 55fWSFZl-plcfVP8W: Downloading webpage

child process exited with code 1
stdout: [generic] eajvtm5a-1920: Downloading webpage

stdout: [generic] Extracting URL: https://cdn.jwplayer.com/videos/ErCBQBdA-plcfVP8W.mp4

stdout: [generic] ErCBQBdA-plcfVP8W: Downloading webpage

child process exited with code 0
child process exited with code 0
stdout: [generic] hU1Z2wSs-plcfVP8W: Downloading webpage

child process exited with code 0
stdout: [info] vwchvh4u-1920: Downloading 1 format(s): 0

child process exited with code 0
child process exited with code 1
stdout: [generic] Extracting URL: https://assets-jpcust.jwpsrv.com/thumbnails/6vrpwgba-1920.jpg

stdout: [generic] 6vrpwgba-1920: Downloading webpage

stdout: [download] public/Video/Bvr7JpGq.jpeg has already been downloaded

stdout: [download] 100% of  239.01KiB
stdout: 

stdout: [info] eajvtm5a-1920: Downloading 1 format(s): 0

stdout: [info] 9m7uuuq9-1920: Downloading 1 format(s): 0

stdout: [generic] Extracting URL: https://cdn.jwplayer.com/videos/Bvr7JpGq-plcfVP8W.mp4
[generic] Bvr7JpGq-plcfVP8W: Downloading webpage

child process exited with code 0
stdout: [download] public/Video/6XMvq4m6.jpeg has already been downloaded

child process exited with code 0
stdout: [download] 100% of  311.28KiB
stdout: 

stdout: [generic] Extracting URL: https://assets-jpcust.jwpsrv.com/thumbnails/aezed5rh-1920.jpg

stdout: [info] a1aemlo6-1920: Downloading 1 format(s): 0

stdout: [generic] aezed5rh-1920: Downloading webpage

stdout: [info] aezed5rh-1920: Downloading 1 format(s): 0

child process exited with code 1
stdout: [download] public/Video/EpgsvjRM.jpeg has already been downloaded

stdout: [download] 100% of  273.70KiB
stdout: [generic] Extracting URL: https://cdn.jwplayer.com/videos/lebba41G-plcfVP8W.mp4

stdout: [download] public/Video/fEUvHS01.jpeg has already been downloaded

stdout: [download] 100% of  306.99KiB
stdout: 

stdout: [generic] lebba41G-plcfVP8W: Downloading webpage

stdout: 

stdout: [generic] Extracting URL: https://cdn.jwplayer.com/videos/Bvr7JpGq-plcfVP8W.mp4

stdout: [generic] Bvr7JpGq-plcfVP8W: Downloading webpage

child process exited with code 1
stdout: [download] public/Video/mSO67f60.jpeg has already been downloaded

stdout: [download] 100% of  242.43KiB
stdout: 

child process exited with code 1
stdout: [info] 6vrpwgba-1920: Downloading 1 format(s): 0

child process exited with code 0
stdout: [download] public/Video/vbBfA4Pd.jpeg has already been downloaded

stdout: [download] 100% of  265.76KiB
stdout: 

stdout: [generic] Extracting URL: https://assets-jpcust.jwpsrv.com/thumbnails/oeeu6ezx-1920.jpg

stdout: [generic] oeeu6ezx-1920: Downloading webpage

child process exited with code 1
stdout: [generic] Extracting URL: https://cdn.jwplayer.com/videos/m4G6ceFw-plcfVP8W.mp4

stdout: [generic] Extracting URL: https://assets-jpcust.jwpsrv.com/thumbnails/w0xezvcj-1920.jpg

stdout: [generic] Extracting URL: https://cdn.jwplayer.com/videos/IcZIQPtz-plcfVP8W.mp4
[generic] IcZIQPtz-plcfVP8W: Downloading webpage

child process exited with code 0
stdout: [generic] m4G6ceFw-plcfVP8W: Downloading webpage

stdout: [generic] w0xezvcj-1920: Downloading webpage

stdout: [info] 6vrpwgba-1920: Downloading 1 format(s): 0

stdout: [generic] Extracting URL: https://assets-jpcust.jwpsrv.com/thumbnails/oeeu6ezx-1920.jpg
[generic] oeeu6ezx-1920: Downloading webpage

child process exited with code 0
stdout: [download] public/Video/vbBfA4Pd.jpeg has already been downloaded

stdout: [download] 100% of  265.76KiB
stdout: 

child process exited with code 1
child process exited with code 1
stdout: [generic] Extracting URL: https://cdn.jwplayer.com/videos/GC4lnrua-plcfVP8W.mp4

stdout: [generic] GC4lnrua-plcfVP8W: Downloading webpage

child process exited with code 0
stdout: [info] aezed5rh-1920: Downloading 1 format(s): 0

child process exited with code 1
stdout: [download] public/Video/mSO67f60.jpeg has already been downloaded

stdout: [download] 100% of  242.43KiB
stdout: 

child process exited with code 1
stdout: [info] oeeu6ezx-1920: Downloading 1 format(s): 0

stdout: [info] w0xezvcj-1920: Downloading 1 format(s): 0

stdout: [download] public/Video/9tcIgshf.jpeg has already been downloaded

stdout: [download] 100% of  246.29KiB
stdout: 

stdout: [download] public/Video/GC4lnrua.jpeg has already been downloaded

stdout: [download] 100% of  255.27KiB
stdout: 

stdout: [generic] Extracting URL: https://cdn.jwplayer.com/videos/rwYUWj05-plcfVP8W.mp4

stdout: [generic] rwYUWj05-plcfVP8W: Downloading webpage

stdout: [generic] Extracting URL: https://cdn.jwplayer.com/videos/55fWSFZl-plcfVP8W.mp4

stdout: [generic] 55fWSFZl-plcfVP8W: Downloading webpage

stdout: [info] oeeu6ezx-1920: Downloading 1 format(s): 0

child process exited with code 1
child process exited with code 0
child process exited with code 0
stdout: [download] public/Video/9tcIgshf.jpeg has already been downloaded

stdout: [download] 100% of  246.29KiB
stdout: 

child process exited with code 0
child process exited with code 0
child process exited with code 1
child process exited with code 0
child process exited with code 1
child process exited with code 0
stdout: [generic] Extracting URL: https://cdn.jwplayer.com/videos/d2y9IYSQ-plcfVP8W.mp4

stdout: [generic] d2y9IYSQ-plcfVP8W: Downloading webpage

child process exited with code 1
child process exited with code 1
child process exited with code 0
child process exited with code 1
stdout: [generic] Extracting URL: https://cdn.jwplayer.com/videos/7Ijsex8L-plcfVP8W.mp4
[generic] 7Ijsex8L-plcfVP8W: Downloading webpage

child process exited with code 1
stdout: [generic] Extracting URL: https://assets-jpcust.jwpsrv.com/thumbnails/5girurdf-1920.jpg

stdout: [generic] 5girurdf-1920: Downloading webpage

child process exited with code 1
stdout: [generic] Extracting URL: https://assets-jpcust.jwpsrv.com/thumbnails/tbmc49t9-1920.jpg

stdout: [generic] tbmc49t9-1920: Downloading webpage

child process exited with code 0
child process exited with code 1
stdout: [generic] Extracting URL: https://assets-jpcust.jwpsrv.com/thumbnails/jbca3mav-1920.jpg

child process exited with code 0
stdout: [generic] jbca3mav-1920: Downloading webpage

child process exited with code 0
stdout: [generic] Extracting URL: https://cdn.jwplayer.com/videos/fEUvHS01-plcfVP8W.mp4

stdout: [generic] fEUvHS01-plcfVP8W: Downloading webpage

stdout: [generic] Extracting URL: https://assets-jpcust.jwpsrv.com/thumbnails/aezed5rh-1920.jpg

stdout: [generic] aezed5rh-1920: Downloading webpage

stdout: [generic] Extracting URL: https://assets-jpcust.jwpsrv.com/thumbnails/i776ey45-1920.jpg

stdout: [generic] i776ey45-1920: Downloading webpage

child process exited with code 1
stdout: [info] 5girurdf-1920: Downloading 1 format(s): 0

stdout: [download] public/Video/ErCBQBdA.jpeg has already been downloaded

stdout: [download] 100% of  253.89KiB
stdout: 

stdout: [generic] Extracting URL: https://assets-jpcust.jwpsrv.com/thumbnails/5tn8ybjw-1920.jpg

stdout: [generic] 5tn8ybjw-1920: Downloading webpage

stdout: [generic] Extracting URL: https://assets-jpcust.jwpsrv.com/thumbnails/96xspyk0-1920.jpg

stdout: [generic] 96xspyk0-1920: Downloading webpage

stdout: [generic] Extracting URL: https://cdn.jwplayer.com/videos/6XMvq4m6-plcfVP8W.mp4

stdout: [generic] 6XMvq4m6-plcfVP8W: Downloading webpage

stdout: [info] tbmc49t9-1920: Downloading 1 format(s): 0

stdout: [download] public/Video/55fWSFZl.jpeg has already been downloaded

stdout: [download] 100% of  237.12KiB
stdout: 

stdout: [info] jbca3mav-1920: Downloading 1 format(s): 0

stdout: [download] public/Video/7z5CciPK.jpeg has already been downloaded

stdout: [download] 100% of  282.77KiB
stdout: 

child process exited with code 1
stdout: [generic] Extracting URL: https://cdn.jwplayer.com/videos/vbBfA4Pd-plcfVP8W.mp4

stdout: [generic] vbBfA4Pd-plcfVP8W: Downloading webpage

stdout: [generic] Extracting URL: https://cdn.jwplayer.com/videos/F5qs7wb7-plcfVP8W.mp4

stdout: [generic] F5qs7wb7-plcfVP8W: Downloading webpage

stdout: [info] i776ey45-1920: Downloading 1 format(s): 0

stdout: [download] public/Video/7Ijsex8L.jpeg has already been downloaded

stdout: [download] 100% of  265.13KiB
stdout: 

stdout: [generic] Extracting URL: https://assets-jpcust.jwpsrv.com/thumbnails/c0n1193b-1920.jpg

stdout: [generic] c0n1193b-1920: Downloading webpage

stdout: [info] 5tn8ybjw-1920: Downloading 1 format(s): 0

stdout: [info] aezed5rh-1920: Downloading 1 format(s): 0

stdout: [download] public/Video/xkgxlY1s.jpeg has already been downloaded

stdout: [download] 100% of  251.53KiB
stdout: 

child process exited with code 0
stdout: [info] 96xspyk0-1920: Downloading 1 format(s): 0

stdout: [download] public/Video/mSO67f60.jpeg has already been downloaded

stdout: [download] 100% of  242.43KiB
stdout: 

stdout: [download] public/Video/rwYUWj05.jpeg has already been downloaded

stdout: [download] 100% of  253.20KiB
stdout: 

stdout: [generic] Extracting URL: https://assets-jpcust.jwpsrv.com/thumbnails/newym974-1920.jpg

stdout: [generic] newym974-1920: Downloading webpage

child process exited with code 0
stdout: [generic] Extracting URL: https://cdn.jwplayer.com/videos/7z5CciPK-plcfVP8W.mp4
[generic] 7z5CciPK-plcfVP8W: Downloading webpage

child process exited with code 1
child process exited with code 0
child process exited with code 1
child process exited with code 0
child process exited with code 0
child process exited with code 0
stdout: [info] newym974-1920: Downloading 1 format(s): 0

stdout: [download] public/Video/PRmZEddJ.jpeg has already been downloaded

stdout: [download] 100% of  295.56KiB
stdout: 

child process exited with code 1
child process exited with code 0
child process exited with code 1
child process exited with code 1
child process exited with code 1
child process exited with code 0
stdout: [info] c0n1193b-1920: Downloading 1 format(s): 0

stdout: [download] Destination: public/Video/d2y9IYSQ.jpeg

stdout: [download]   0.4% of  248.34KiB at  Unknown B/s ETA Unknown
stdout: [download]   1.2% of  248.34KiB at    1.52MiB/s ETA 00:00  
stdout: [download]   2.8% of  248.34KiB at    2.39MiB/s ETA 00:00
stdout: [download]   6.0% of  248.34KiB at    1.08MiB/s ETA 00:00
stdout: [download]  12.5% of  248.34KiB at    1.62MiB/s ETA 00:00
stdout: [download]  25.4% of  248.34KiB at    1.95MiB/s ETA 00:00
stdout: [download]  51.1% of  248.34KiB at    2.84MiB/s ETA 00:00
stdout: [download] 100.0% of  248.34KiB at    4.22MiB/s ETA 00:00
stdout: [download] 100% of  248.34KiB in 00:00:00 at 2.12MiB/s   
stdout: 

child process exited with code 0
