eachPlaylistData length: 0
siteId is: S41JwTap
mediaId: n7VXCMP9
Media found for: n7VXCMP9  header:  video/mp4
mediaId: UwSbT4bF
Media found for: UwSbT4bF  header:  video/mp4
mediaId: jEHx2o9R
Media found for: jEHx2o9R  header:  video/mp4
mediaId: O93SsEHk
Media found for: O93SsEHk  header:  video/mp4
mediaId: UCGHRpMp
Media found for: UCGHRpMp  header:  video/mp4
mediaId: jTRUtQhq
Media found for: jTRUtQhq  header:  video/mp4
mediaId: zToEMwH4
Media found for: zToEMwH4  header:  video/mp4
mediaId: H3R4B5nU
Media found for: H3R4B5nU  header:  video/mp4
mediaId: PdRJxAED
Media found for: PdRJxAED  header:  video/mp4
mediaId: Curj8jj8
Media found for: Curj8jj8  header:  video/mp4
mediaId: 2yO4CxF4
Media found for: 2yO4CxF4  header:  video/mp4
mediaId: m4G6ceFw
Media NOT FOUND FOR ID: m4G6ceFw
url: https://cdn.jwplayer.com/v2/sites/S41JwTap/media/m4G6ceFw/playback.json?token=eyJhbGciOiJIUzI1NiIsInR5cCI6IkpXVCJ9.eyJyZXNvdXJjZSI6Ii92Mi9zaXRlcy9TNDFKd1RhcC9tZWRpYS9tNEc2Y2VGdy9wbGF5YmFjay5qc29uIiwiZXhwIjoxNzc0NjQwNDAwfQ.KalXO3bf3_mo80b3lqkyJBIARS-995Va9P-Dszd9k2E
videoUrl:: https://videos-cloudfront.jwpsrv.com/69c7788a_ddfae7c5848bb584516227ff7335689e376890f2/content/conversions/S41JwTap/videos/m4G6ceFw-25175562.mp4
imageUrl:: https://assets-jpcust.jwpsrv.com/thumbnails/mi5kdv9m-1920.jpg
notFoundMediaUrls: [
  {
    id: 'm4G6ceFw',
    videoUrl: 'https://videos-cloudfront.jwpsrv.com/69c7788a_ddfae7c5848bb584516227ff7335689e376890f2/content/conversions/S41JwTap/videos/m4G6ceFw-25175562.mp4'
  },
  {
    id: 'm4G6ceFw',
    imageUrl: 'https://assets-jpcust.jwpsrv.com/thumbnails/mi5kdv9m-1920.jpg'
  }
]
mediaId: 1IzvhWMT
Media NOT FOUND FOR ID: 1IzvhWMT
url: https://cdn.jwplayer.com/v2/sites/S41JwTap/media/1IzvhWMT/playback.json?token=eyJhbGciOiJIUzI1NiIsInR5cCI6IkpXVCJ9.eyJyZXNvdXJjZSI6Ii92Mi9zaXRlcy9TNDFKd1RhcC9tZWRpYS8xSXp2aFdNVC9wbGF5YmFjay5qc29uIiwiZXhwIjoxNzc0NjQwNDAwfQ.wuduTYiQ50ocZ1Wz9NwJ6GO2SV2swhpsp-seU9NPQU8
videoUrl:: https://videos-cloudfront.jwpsrv.com/69c777fd_6892589538199c544b408033233036ef58d81de8/content/conversions/S41JwTap/videos/1IzvhWMT-25175562.mp4
imageUrl:: https://assets-jpcust.jwpsrv.com/thumbnails/pzvazx3v-1920.jpg
notFoundMediaUrls: [
  {
    id: '1IzvhWMT',
    videoUrl: 'https://videos-cloudfront.jwpsrv.com/69c777fd_6892589538199c544b408033233036ef58d81de8/content/conversions/S41JwTap/videos/1IzvhWMT-25175562.mp4'
  },
  {
    id: '1IzvhWMT',
    imageUrl: 'https://assets-jpcust.jwpsrv.com/thumbnails/pzvazx3v-1920.jpg'
  }
]
mediaId: ksQ2XVKX
Media found for: ksQ2XVKX  header:  video/mp4
mediaId: GC4lnrua
Media NOT FOUND FOR ID: GC4lnrua
url: https://cdn.jwplayer.com/v2/sites/S41JwTap/media/GC4lnrua/playback.json?token=eyJhbGciOiJIUzI1NiIsInR5cCI6IkpXVCJ9.eyJyZXNvdXJjZSI6Ii92Mi9zaXRlcy9TNDFKd1RhcC9tZWRpYS9HQzRsbnJ1YS9wbGF5YmFjay5qc29uIiwiZXhwIjoxNzc0NjQwNDAwfQ.hP6T_Yypw6GnsYz8aklUWQkncxRI5OXOubx9BLJvii8
videoUrl:: https://videos-cloudfront.jwpsrv.com/69c778c1_30e55e5fb953ad8986ef5f131207acfdcd383995/content/conversions/S41JwTap/videos/GC4lnrua-25175562.mp4
imageUrl:: https://assets-jpcust.jwpsrv.com/thumbnails/w0xezvcj-1920.jpg
notFoundMediaUrls: [
  {
    id: 'GC4lnrua',
    videoUrl: 'https://videos-cloudfront.jwpsrv.com/69c778c1_30e55e5fb953ad8986ef5f131207acfdcd383995/content/conversions/S41JwTap/videos/GC4lnrua-25175562.mp4'
  },
  {
    id: 'GC4lnrua',
    imageUrl: 'https://assets-jpcust.jwpsrv.com/thumbnails/w0xezvcj-1920.jpg'
  }
]
mediaId: PRmZEddJ
Media NOT FOUND FOR ID: PRmZEddJ
url: https://cdn.jwplayer.com/v2/sites/S41JwTap/media/PRmZEddJ/playback.json?token=eyJhbGciOiJIUzI1NiIsInR5cCI6IkpXVCJ9.eyJyZXNvdXJjZSI6Ii92Mi9zaXRlcy9TNDFKd1RhcC9tZWRpYS9QUm1aRWRkSi9wbGF5YmFjay5qc29uIiwiZXhwIjoxNzc0NjQwNDAwfQ.Q7Ms7TNNwOj3347Oo7ZNOltJaSVC4uEjwHZJyt21Tt8
videoUrl:: https://videos-cloudfront.jwpsrv.com/69c777d1_94aa2ed7d9856c03b4562950e41342783fe810f9/content/conversions/S41JwTap/videos/PRmZEddJ-25175562.mp4
imageUrl:: https://assets-jpcust.jwpsrv.com/thumbnails/newym974-1920.jpg
notFoundMediaUrls: [
  {
    id: 'PRmZEddJ',
    videoUrl: 'https://videos-cloudfront.jwpsrv.com/69c777d1_94aa2ed7d9856c03b4562950e41342783fe810f9/content/conversions/S41JwTap/videos/PRmZEddJ-25175562.mp4'
  },
  {
    id: 'PRmZEddJ',
    imageUrl: 'https://assets-jpcust.jwpsrv.com/thumbnails/newym974-1920.jpg'
  }
]
mediaId: ErCBQBdA
Media NOT FOUND FOR ID: ErCBQBdA
url: https://cdn.jwplayer.com/v2/sites/S41JwTap/media/ErCBQBdA/playback.json?token=eyJhbGciOiJIUzI1NiIsInR5cCI6IkpXVCJ9.eyJyZXNvdXJjZSI6Ii92Mi9zaXRlcy9TNDFKd1RhcC9tZWRpYS9FckNCUUJkQS9wbGF5YmFjay5qc29uIiwiZXhwIjoxNzc0NjQwNDAwfQ.Y4xjV-mR3iY3pGRrF4oO0fk2sybtM2e0N2Vh-IU8ees
videoUrl:: https://videos-cloudfront.jwpsrv.com/69c778e7_64b092dc458e6f50a040bb324873e22461eae0b1/content/conversions/S41JwTap/videos/ErCBQBdA-25175562.mp4
imageUrl:: https://assets-jpcust.jwpsrv.com/thumbnails/5girurdf-1920.jpg
notFoundMediaUrls: [
  {
    id: 'ErCBQBdA',
    videoUrl: 'https://videos-cloudfront.jwpsrv.com/69c778e7_64b092dc458e6f50a040bb324873e22461eae0b1/content/conversions/S41JwTap/videos/ErCBQBdA-25175562.mp4'
  },
  {
    id: 'ErCBQBdA',
    imageUrl: 'https://assets-jpcust.jwpsrv.com/thumbnails/5girurdf-1920.jpg'
  }
]
mediaId: 6XMvq4m6
Media NOT FOUND FOR ID: 6XMvq4m6
url: https://cdn.jwplayer.com/v2/sites/S41JwTap/media/6XMvq4m6/playback.json?token=eyJhbGciOiJIUzI1NiIsInR5cCI6IkpXVCJ9.eyJyZXNvdXJjZSI6Ii92Mi9zaXRlcy9TNDFKd1RhcC9tZWRpYS82WE12cTRtNi9wbGF5YmFjay5qc29uIiwiZXhwIjoxNzc0NjQwNzAwfQ.DK6IkwgQ5noZWQGv5I3Wqfl0ov_bVMgrp351iZa0kl4
videoUrl:: https://videos-cloudfront.jwpsrv.com/69c777f6_0746afc4611ea26b8420bad380a68bf7e5687dc5/content/conversions/S41JwTap/videos/6XMvq4m6-25175562.mp4
imageUrl:: https://assets-jpcust.jwpsrv.com/thumbnails/eajvtm5a-1920.jpg
notFoundMediaUrls: [
  {
    id: '6XMvq4m6',
    videoUrl: 'https://videos-cloudfront.jwpsrv.com/69c777f6_0746afc4611ea26b8420bad380a68bf7e5687dc5/content/conversions/S41JwTap/videos/6XMvq4m6-25175562.mp4'
  },
  {
    id: '6XMvq4m6',
    imageUrl: 'https://assets-jpcust.jwpsrv.com/thumbnails/eajvtm5a-1920.jpg'
  }
]
mediaId: yrqyfJp5
Media found for: yrqyfJp5  header:  video/mp4
mediaId: EpgsvjRM
Media NOT FOUND FOR ID: EpgsvjRM
url: https://cdn.jwplayer.com/v2/sites/S41JwTap/media/EpgsvjRM/playback.json?token=eyJhbGciOiJIUzI1NiIsInR5cCI6IkpXVCJ9.eyJyZXNvdXJjZSI6Ii92Mi9zaXRlcy9TNDFKd1RhcC9tZWRpYS9FcGdzdmpSTS9wbGF5YmFjay5qc29uIiwiZXhwIjoxNzc0NjQwNzAwfQ.qxyxSw3wjkDffqMsbrthF23I15Qe8o7YU6ypdZWk66A
videoUrl:: https://videos-cloudfront.jwpsrv.com/69c77859_e73a1572932b63e9b7edce6367baf99788a8b042/content/conversions/S41JwTap/videos/EpgsvjRM-25175562.mp4
imageUrl:: https://assets-jpcust.jwpsrv.com/thumbnails/9m7uuuq9-1920.jpg
notFoundMediaUrls: [
  {
    id: 'EpgsvjRM',
    videoUrl: 'https://videos-cloudfront.jwpsrv.com/69c77859_e73a1572932b63e9b7edce6367baf99788a8b042/content/conversions/S41JwTap/videos/EpgsvjRM-25175562.mp4'
  },
  {
    id: 'EpgsvjRM',
    imageUrl: 'https://assets-jpcust.jwpsrv.com/thumbnails/9m7uuuq9-1920.jpg'
  }
]
mediaId: 7z5CciPK
Media NOT FOUND FOR ID: 7z5CciPK
url: https://cdn.jwplayer.com/v2/sites/S41JwTap/media/7z5CciPK/playback.json?token=eyJhbGciOiJIUzI1NiIsInR5cCI6IkpXVCJ9.eyJyZXNvdXJjZSI6Ii92Mi9zaXRlcy9TNDFKd1RhcC9tZWRpYS83ejVDY2lQSy9wbGF5YmFjay5qc29uIiwiZXhwIjoxNzc0NjQwNzAwfQ.tqHfbc7kkKQkvPKkhcrG8iZ2U24TSHuvG4X2AbFWTrU
videoUrl:: https://videos-cloudfront.jwpsrv.com/69c77845_da44fbfea450108c90e7b96fffd1080cc9da110a/content/conversions/S41JwTap/videos/7z5CciPK-25175562.mp4
imageUrl:: https://assets-jpcust.jwpsrv.com/thumbnails/jbca3mav-1920.jpg
notFoundMediaUrls: [
  {
    id: '7z5CciPK',
    videoUrl: 'https://videos-cloudfront.jwpsrv.com/69c77845_da44fbfea450108c90e7b96fffd1080cc9da110a/content/conversions/S41JwTap/videos/7z5CciPK-25175562.mp4'
  },
  {
    id: '7z5CciPK',
    imageUrl: 'https://assets-jpcust.jwpsrv.com/thumbnails/jbca3mav-1920.jpg'
  }
]
mediaId: IcZIQPtz
Media NOT FOUND FOR ID: IcZIQPtz
url: https://cdn.jwplayer.com/v2/sites/S41JwTap/media/IcZIQPtz/playback.json?token=eyJhbGciOiJIUzI1NiIsInR5cCI6IkpXVCJ9.eyJyZXNvdXJjZSI6Ii92Mi9zaXRlcy9TNDFKd1RhcC9tZWRpYS9JY1pJUVB0ei9wbGF5YmFjay5qc29uIiwiZXhwIjoxNzc0NjQwNzAwfQ.pzEE670Qihv8h9LoQKA_qCxDdeeRxrV9fvID1XXF9EA
videoUrl:: https://videos-cloudfront.jwpsrv.com/69c778eb_9c05ab3ec4dda978f1c2ffd20a857145a31646a1/content/conversions/S41JwTap/videos/IcZIQPtz-25175562.mp4
imageUrl:: https://assets-jpcust.jwpsrv.com/thumbnails/l6528jno-1920.jpg
notFoundMediaUrls: [
  {
    id: 'IcZIQPtz',
    videoUrl: 'https://videos-cloudfront.jwpsrv.com/69c778eb_9c05ab3ec4dda978f1c2ffd20a857145a31646a1/content/conversions/S41JwTap/videos/IcZIQPtz-25175562.mp4'
  },
  {
    id: 'IcZIQPtz',
    imageUrl: 'https://assets-jpcust.jwpsrv.com/thumbnails/l6528jno-1920.jpg'
  }
]
mediaId: 6Y7BSHi0
Media found for: 6Y7BSHi0  header:  video/mp4
mediaId: lpZAEBEv
Media found for: lpZAEBEv  header:  video/mp4
mediaId: rwYUWj05
Media NOT FOUND FOR ID: rwYUWj05
url: https://cdn.jwplayer.com/v2/sites/S41JwTap/media/rwYUWj05/playback.json?token=eyJhbGciOiJIUzI1NiIsInR5cCI6IkpXVCJ9.eyJyZXNvdXJjZSI6Ii92Mi9zaXRlcy9TNDFKd1RhcC9tZWRpYS9yd1lVV2owNS9wbGF5YmFjay5qc29uIiwiZXhwIjoxNzc0NjQwNzAwfQ.uLdQ2YdqhacqKJ7MKKqcmq47Wnw8la6aSv35d8WpfhI
videoUrl:: https://videos-cloudfront.jwpsrv.com/69c778bb_3667328510ae66be7f23c418fd5c02e02d591056/content/conversions/S41JwTap/videos/rwYUWj05-25175562.mp4
imageUrl:: https://assets-jpcust.jwpsrv.com/thumbnails/96xspyk0-1920.jpg
notFoundMediaUrls: [
  {
    id: 'rwYUWj05',
    videoUrl: 'https://videos-cloudfront.jwpsrv.com/69c778bb_3667328510ae66be7f23c418fd5c02e02d591056/content/conversions/S41JwTap/videos/rwYUWj05-25175562.mp4'
  },
  {
    id: 'rwYUWj05',
    imageUrl: 'https://assets-jpcust.jwpsrv.com/thumbnails/96xspyk0-1920.jpg'
  }
]
mediaId: F5qs7wb7
Media NOT FOUND FOR ID: F5qs7wb7
url: https://cdn.jwplayer.com/v2/sites/S41JwTap/media/F5qs7wb7/playback.json?token=eyJhbGciOiJIUzI1NiIsInR5cCI6IkpXVCJ9.eyJyZXNvdXJjZSI6Ii92Mi9zaXRlcy9TNDFKd1RhcC9tZWRpYS9GNXFzN3diNy9wbGF5YmFjay5qc29uIiwiZXhwIjoxNzc0NjQwNzAwfQ.cRisB5_YCSwLKyq6DI5JYvVbpzlYrmPugkGeJ_xXGDY
videoUrl:: https://videos-cloudfront.jwpsrv.com/69c77825_3ff79b983f3bfcb4eee044203eab88470462d36c/content/conversions/S41JwTap/videos/F5qs7wb7-25175562.mp4
imageUrl:: https://assets-jpcust.jwpsrv.com/thumbnails/umczh6tn-1920.jpg
notFoundMediaUrls: [
  {
    id: 'F5qs7wb7',
    videoUrl: 'https://videos-cloudfront.jwpsrv.com/69c77825_3ff79b983f3bfcb4eee044203eab88470462d36c/content/conversions/S41JwTap/videos/F5qs7wb7-25175562.mp4'
  },
  {
    id: 'F5qs7wb7',
    imageUrl: 'https://assets-jpcust.jwpsrv.com/thumbnails/umczh6tn-1920.jpg'
  }
]
mediaId: xkgxlY1s
Media NOT FOUND FOR ID: xkgxlY1s
url: https://cdn.jwplayer.com/v2/sites/S41JwTap/media/xkgxlY1s/playback.json?token=eyJhbGciOiJIUzI1NiIsInR5cCI6IkpXVCJ9.eyJyZXNvdXJjZSI6Ii92Mi9zaXRlcy9TNDFKd1RhcC9tZWRpYS94a2d4bFkxcy9wbGF5YmFjay5qc29uIiwiZXhwIjoxNzc0NjQwNzAwfQ.MmSosmieev0SmffVC9Lvtm7H8m62WKWFNBQtg_a58D0
videoUrl:: https://videos-cloudfront.jwpsrv.com/69c778ec_1739c34ad59c39e64ede3db1c0026447d87ddab3/content/conversions/S41JwTap/videos/xkgxlY1s-25175562.mp4
imageUrl:: https://assets-jpcust.jwpsrv.com/thumbnails/5tn8ybjw-1920.jpg
notFoundMediaUrls: [
  {
    id: 'xkgxlY1s',
    videoUrl: 'https://videos-cloudfront.jwpsrv.com/69c778ec_1739c34ad59c39e64ede3db1c0026447d87ddab3/content/conversions/S41JwTap/videos/xkgxlY1s-25175562.mp4'
  },
  {
    id: 'xkgxlY1s',
    imageUrl: 'https://assets-jpcust.jwpsrv.com/thumbnails/5tn8ybjw-1920.jpg'
  }
]
mediaId: 9bqmDdjH
Media NOT FOUND FOR ID: 9bqmDdjH
url: https://cdn.jwplayer.com/v2/sites/S41JwTap/media/9bqmDdjH/playback.json?token=eyJhbGciOiJIUzI1NiIsInR5cCI6IkpXVCJ9.eyJyZXNvdXJjZSI6Ii92Mi9zaXRlcy9TNDFKd1RhcC9tZWRpYS85YnFtRGRqSC9wbGF5YmFjay5qc29uIiwiZXhwIjoxNzc0NjQwNzAwfQ.96l-Cj0P7DqnJnA8oxl9seXNpxkG2mkD5GxdU4h6Mkg
videoUrl:: https://videos-cloudfront.jwpsrv.com/69c77828_442149ce4407a1a795b6ed3039e8b016fd656a1a/content/conversions/S41JwTap/videos/9bqmDdjH-25175562.mp4
imageUrl:: https://assets-jpcust.jwpsrv.com/thumbnails/l157b04t-1920.jpg
notFoundMediaUrls: [
  {
    id: '9bqmDdjH',
    videoUrl: 'https://videos-cloudfront.jwpsrv.com/69c77828_442149ce4407a1a795b6ed3039e8b016fd656a1a/content/conversions/S41JwTap/videos/9bqmDdjH-25175562.mp4'
  },
  {
    id: '9bqmDdjH',
    imageUrl: 'https://assets-jpcust.jwpsrv.com/thumbnails/l157b04t-1920.jpg'
  }
]
mediaId: UwSbT4bF
Media found for: UwSbT4bF  header:  video/mp4
mediaId: O93SsEHk
Media found for: O93SsEHk  header:  video/mp4
mediaId: fEUvHS01
Media NOT FOUND FOR ID: fEUvHS01
url: https://cdn.jwplayer.com/v2/sites/S41JwTap/media/fEUvHS01/playback.json?token=eyJhbGciOiJIUzI1NiIsInR5cCI6IkpXVCJ9.eyJyZXNvdXJjZSI6Ii92Mi9zaXRlcy9TNDFKd1RhcC9tZWRpYS9mRVV2SFMwMS9wbGF5YmFjay5qc29uIiwiZXhwIjoxNzc0NjQwNzAwfQ.YeGP5mTJKuzP9AwTOu592dW_NO3SWP6H-8B8-HgIZkM
videoUrl:: https://videos-cloudfront.jwpsrv.com/69c7786e_18b64bc980622b1470ad0fb8927d4954e977d529/content/conversions/S41JwTap/videos/fEUvHS01-25175562.mp4
imageUrl:: https://assets-jpcust.jwpsrv.com/thumbnails/a1aemlo6-1920.jpg
notFoundMediaUrls: [
  {
    id: 'fEUvHS01',
    videoUrl: 'https://videos-cloudfront.jwpsrv.com/69c7786e_18b64bc980622b1470ad0fb8927d4954e977d529/content/conversions/S41JwTap/videos/fEUvHS01-25175562.mp4'
  },
  {
    id: 'fEUvHS01',
    imageUrl: 'https://assets-jpcust.jwpsrv.com/thumbnails/a1aemlo6-1920.jpg'
  }
]
mediaId: oiQM4jBe
Media found for: oiQM4jBe  header:  video/mp4
mediaId: 55fWSFZl
Media NOT FOUND FOR ID: 55fWSFZl
url: https://cdn.jwplayer.com/v2/sites/S41JwTap/media/55fWSFZl/playback.json?token=eyJhbGciOiJIUzI1NiIsInR5cCI6IkpXVCJ9.eyJyZXNvdXJjZSI6Ii92Mi9zaXRlcy9TNDFKd1RhcC9tZWRpYS81NWZXU0ZabC9wbGF5YmFjay5qc29uIiwiZXhwIjoxNzc0NjQwNzAwfQ.0v1Y9LCwx11phry9KcRw2xllc-cmg4bM5rUngWs_RQ4
videoUrl:: https://videos-cloudfront.jwpsrv.com/69c7782d_77fd0b63cbffc55f78771aca302ca672b22afa3c/content/conversions/S41JwTap/videos/55fWSFZl-25175562.mp4
imageUrl:: https://assets-jpcust.jwpsrv.com/thumbnails/tbmc49t9-1920.jpg
notFoundMediaUrls: [
  {
    id: '55fWSFZl',
    videoUrl: 'https://videos-cloudfront.jwpsrv.com/69c7782d_77fd0b63cbffc55f78771aca302ca672b22afa3c/content/conversions/S41JwTap/videos/55fWSFZl-25175562.mp4'
  },
  {
    id: '55fWSFZl',
    imageUrl: 'https://assets-jpcust.jwpsrv.com/thumbnails/tbmc49t9-1920.jpg'
  }
]
mediaId: vbBfA4Pd
Media NOT FOUND FOR ID: vbBfA4Pd
url: https://cdn.jwplayer.com/v2/sites/S41JwTap/media/vbBfA4Pd/playback.json?token=eyJhbGciOiJIUzI1NiIsInR5cCI6IkpXVCJ9.eyJyZXNvdXJjZSI6Ii92Mi9zaXRlcy9TNDFKd1RhcC9tZWRpYS92YkJmQTRQZC9wbGF5YmFjay5qc29uIiwiZXhwIjoxNzc0NjQwNzAwfQ.c6HiMkudpKimowAQ3NM8WqrMlR_euq0MTKLiiIO74Aw
videoUrl:: https://videos-cloudfront.jwpsrv.com/69c77881_e3bba1381272e3e5415350088f1fe17651b6763a/content/conversions/S41JwTap/videos/vbBfA4Pd-25175562.mp4
imageUrl:: https://assets-jpcust.jwpsrv.com/thumbnails/6vrpwgba-1920.jpg
notFoundMediaUrls: [
  {
    id: 'vbBfA4Pd',
    videoUrl: 'https://videos-cloudfront.jwpsrv.com/69c77881_e3bba1381272e3e5415350088f1fe17651b6763a/content/conversions/S41JwTap/videos/vbBfA4Pd-25175562.mp4'
  },
  {
    id: 'vbBfA4Pd',
    imageUrl: 'https://assets-jpcust.jwpsrv.com/thumbnails/6vrpwgba-1920.jpg'
  }
]
mediaId: mNxuQc4W
Media found for: mNxuQc4W  header:  video/mp4
mediaId: 9tcIgshf
Media NOT FOUND FOR ID: 9tcIgshf
url: https://cdn.jwplayer.com/v2/sites/S41JwTap/media/9tcIgshf/playback.json?token=eyJhbGciOiJIUzI1NiIsInR5cCI6IkpXVCJ9.eyJyZXNvdXJjZSI6Ii92Mi9zaXRlcy9TNDFKd1RhcC9tZWRpYS85dGNJZ3NoZi9wbGF5YmFjay5qc29uIiwiZXhwIjoxNzc0NjQwNzAwfQ.c37nTogW4KzIzYat0G2mfLIMbZpBL-ZlGF7vXzMwMrE
videoUrl:: https://videos-cloudfront.jwpsrv.com/69c777dd_6895f192915955c9f1f2a226e3d79a14b66d62e7/content/conversions/S41JwTap/videos/9tcIgshf-25175562.mp4
imageUrl:: https://assets-jpcust.jwpsrv.com/thumbnails/oeeu6ezx-1920.jpg
notFoundMediaUrls: [
  {
    id: '9tcIgshf',
    videoUrl: 'https://videos-cloudfront.jwpsrv.com/69c777dd_6895f192915955c9f1f2a226e3d79a14b66d62e7/content/conversions/S41JwTap/videos/9tcIgshf-25175562.mp4'
  },
  {
    id: '9tcIgshf',
    imageUrl: 'https://assets-jpcust.jwpsrv.com/thumbnails/oeeu6ezx-1920.jpg'
  }
]
mediaId: mSO67f60
Media NOT FOUND FOR ID: mSO67f60
url: https://cdn.jwplayer.com/v2/sites/S41JwTap/media/mSO67f60/playback.json?token=eyJhbGciOiJIUzI1NiIsInR5cCI6IkpXVCJ9.eyJyZXNvdXJjZSI6Ii92Mi9zaXRlcy9TNDFKd1RhcC9tZWRpYS9tU082N2Y2MC9wbGF5YmFjay5qc29uIiwiZXhwIjoxNzc0NjQwNzAwfQ.KcDxO29zR9KdQ0jWOz0Yth_E0Yd_hi996YflpeNYzBM
videoUrl:: https://videos-cloudfront.jwpsrv.com/69c778b2_8e30210129f56990d124448b33d7e7674e2f58ec/content/conversions/S41JwTap/videos/mSO67f60-25175562.mp4
imageUrl:: https://assets-jpcust.jwpsrv.com/thumbnails/aezed5rh-1920.jpg
notFoundMediaUrls: [
  {
    id: 'mSO67f60',
    videoUrl: 'https://videos-cloudfront.jwpsrv.com/69c778b2_8e30210129f56990d124448b33d7e7674e2f58ec/content/conversions/S41JwTap/videos/mSO67f60-25175562.mp4'
  },
  {
    id: 'mSO67f60',
    imageUrl: 'https://assets-jpcust.jwpsrv.com/thumbnails/aezed5rh-1920.jpg'
  }
]
mediaId: mB7W9hZ9
Media found for: mB7W9hZ9  header:  video/mp4
mediaId: lebba41G
Media NOT FOUND FOR ID: lebba41G
url: https://cdn.jwplayer.com/v2/sites/S41JwTap/media/lebba41G/playback.json?token=eyJhbGciOiJIUzI1NiIsInR5cCI6IkpXVCJ9.eyJyZXNvdXJjZSI6Ii92Mi9zaXRlcy9TNDFKd1RhcC9tZWRpYS9sZWJiYTQxRy9wbGF5YmFjay5qc29uIiwiZXhwIjoxNzc0NjQwNzAwfQ.tHKWH-XGCmlo-3_5c08pUz17JRKY0KQhkZkaVQ8pB0A
videoUrl:: https://videos-cloudfront.jwpsrv.com/69c778b7_bb854b191338f632647b91453ed7d206e3699828/content/conversions/S41JwTap/videos/lebba41G-25175562.mp4
imageUrl:: https://assets-jpcust.jwpsrv.com/thumbnails/06u1ej0c-1920.jpg
notFoundMediaUrls: [
  {
    id: 'lebba41G',
    videoUrl: 'https://videos-cloudfront.jwpsrv.com/69c778b7_bb854b191338f632647b91453ed7d206e3699828/content/conversions/S41JwTap/videos/lebba41G-25175562.mp4'
  },
  {
    id: 'lebba41G',
    imageUrl: 'https://assets-jpcust.jwpsrv.com/thumbnails/06u1ej0c-1920.jpg'
  }
]
mediaId: F9A8BsSN
Media found for: F9A8BsSN  header:  video/mp4
mediaId: hU1Z2wSs
Media NOT FOUND FOR ID: hU1Z2wSs
url: https://cdn.jwplayer.com/v2/sites/S41JwTap/media/hU1Z2wSs/playback.json?token=eyJhbGciOiJIUzI1NiIsInR5cCI6IkpXVCJ9.eyJyZXNvdXJjZSI6Ii92Mi9zaXRlcy9TNDFKd1RhcC9tZWRpYS9oVTFaMndTcy9wbGF5YmFjay5qc29uIiwiZXhwIjoxNzc0NjQwNzAwfQ.GGSzrXqVkXjO607vncmEW6zNjZ3raGSlmRFzH2fadsI
videoUrl:: https://videos-cloudfront.jwpsrv.com/69c7790e_60848c52f7387b8bfde727cf2d196b1bdec72cef/content/conversions/S41JwTap/videos/hU1Z2wSs-25175562.mp4
imageUrl:: https://assets-jpcust.jwpsrv.com/thumbnails/kyitvnl4-1920.jpg
notFoundMediaUrls: [
  {
    id: 'hU1Z2wSs',
    videoUrl: 'https://videos-cloudfront.jwpsrv.com/69c7790e_60848c52f7387b8bfde727cf2d196b1bdec72cef/content/conversions/S41JwTap/videos/hU1Z2wSs-25175562.mp4'
  },
  {
    id: 'hU1Z2wSs',
    imageUrl: 'https://assets-jpcust.jwpsrv.com/thumbnails/kyitvnl4-1920.jpg'
  }
]
mediaId: 7Ijsex8L
Media NOT FOUND FOR ID: 7Ijsex8L
url: https://cdn.jwplayer.com/v2/sites/S41JwTap/media/7Ijsex8L/playback.json?token=eyJhbGciOiJIUzI1NiIsInR5cCI6IkpXVCJ9.eyJyZXNvdXJjZSI6Ii92Mi9zaXRlcy9TNDFKd1RhcC9tZWRpYS83SWpzZXg4TC9wbGF5YmFjay5qc29uIiwiZXhwIjoxNzc0NjQwNzAwfQ.rKDplD8s2BYrq8nwDxBIqe5ovKFtH3IFQ5J2_A0Lu60
videoUrl:: https://videos-cloudfront.jwpsrv.com/69c77905_3617ca02248a263d73a497989631beaf8d92c96d/content/conversions/S41JwTap/videos/7Ijsex8L-25175562.mp4
imageUrl:: https://assets-jpcust.jwpsrv.com/thumbnails/i776ey45-1920.jpg
notFoundMediaUrls: [
  {
    id: '7Ijsex8L',
    videoUrl: 'https://videos-cloudfront.jwpsrv.com/69c77905_3617ca02248a263d73a497989631beaf8d92c96d/content/conversions/S41JwTap/videos/7Ijsex8L-25175562.mp4'
  },
  {
    id: '7Ijsex8L',
    imageUrl: 'https://assets-jpcust.jwpsrv.com/thumbnails/i776ey45-1920.jpg'
  }
]
mediaId: Bvr7JpGq
Media NOT FOUND FOR ID: Bvr7JpGq
url: https://cdn.jwplayer.com/v2/sites/S41JwTap/media/Bvr7JpGq/playback.json?token=eyJhbGciOiJIUzI1NiIsInR5cCI6IkpXVCJ9.eyJyZXNvdXJjZSI6Ii92Mi9zaXRlcy9TNDFKd1RhcC9tZWRpYS9CdnI3SnBHcS9wbGF5YmFjay5qc29uIiwiZXhwIjoxNzc0NjQwNzAwfQ.do215I4J742NQvuLg4HihnT1NXBOUZSrDkpYgTHwkB8
videoUrl:: https://videos-cloudfront.jwpsrv.com/69c777fe_b34bb76f368b17f917dad4570664bf657857fa14/content/conversions/S41JwTap/videos/Bvr7JpGq-25175562.mp4
imageUrl:: https://assets-jpcust.jwpsrv.com/thumbnails/vwchvh4u-1920.jpg
notFoundMediaUrls: [
  {
    id: 'Bvr7JpGq',
    videoUrl: 'https://videos-cloudfront.jwpsrv.com/69c777fe_b34bb76f368b17f917dad4570664bf657857fa14/content/conversions/S41JwTap/videos/Bvr7JpGq-25175562.mp4'
  },
  {
    id: 'Bvr7JpGq',
    imageUrl: 'https://assets-jpcust.jwpsrv.com/thumbnails/vwchvh4u-1920.jpg'
  }
]
mediaId: d2y9IYSQ
Media NOT FOUND FOR ID: d2y9IYSQ
url: https://cdn.jwplayer.com/v2/sites/S41JwTap/media/d2y9IYSQ/playback.json?token=eyJhbGciOiJIUzI1NiIsInR5cCI6IkpXVCJ9.eyJyZXNvdXJjZSI6Ii92Mi9zaXRlcy9TNDFKd1RhcC9tZWRpYS9kMnk5SVlTUS9wbGF5YmFjay5qc29uIiwiZXhwIjoxNzc0NjQwNzAwfQ.dt5167CC_DWTXyUiEHp38xX4VCSZsaG_VgIPmQVgxK0
videoUrl:: https://videos-cloudfront.jwpsrv.com/69c7785d_bf102e8ee596d3c11f7aa079de86757bbca8d14c/content/conversions/S41JwTap/videos/d2y9IYSQ-25175562.mp4
imageUrl:: https://assets-jpcust.jwpsrv.com/thumbnails/c0n1193b-1920.jpg
notFoundMediaUrls: [
  {
    id: 'd2y9IYSQ',
    videoUrl: 'https://videos-cloudfront.jwpsrv.com/69c7785d_bf102e8ee596d3c11f7aa079de86757bbca8d14c/content/conversions/S41JwTap/videos/d2y9IYSQ-25175562.mp4'
  },
  {
    id: 'd2y9IYSQ',
    imageUrl: 'https://assets-jpcust.jwpsrv.com/thumbnails/c0n1193b-1920.jpg'
  }
]
mediaId: 4Uw9tJm9
Media found for: 4Uw9tJm9  header:  video/mp4
mediaId: TajNwr3k
Media found for: TajNwr3k  header:  video/mp4
mediaId: oKa1rSlq
Media found for: oKa1rSlq  header:  video/mp4
mediaId: Jq64Kmcg
Media found for: Jq64Kmcg  header:  video/mp4
mediaId: hQWuMZvH
Media found for: hQWuMZvH  header:  video/mp4
mediaId: zhgu6OPL
Media found for: zhgu6OPL  header:  video/mp4
mediaId: 6U0XLHa3
Media NOT FOUND FOR ID: 6U0XLHa3
url: https://cdn.jwplayer.com/v2/sites/S41JwTap/media/6U0XLHa3/playback.json?token=eyJhbGciOiJIUzI1NiIsInR5cCI6IkpXVCJ9.eyJyZXNvdXJjZSI6Ii92Mi9zaXRlcy9TNDFKd1RhcC9tZWRpYS82VTBYTEhhMy9wbGF5YmFjay5qc29uIiwiZXhwIjoxNzc0NjQwNzAwfQ.247cYtrVJLZHsYHaZ3Y4xdyWRHngZl65l3Gfxmhsve4
videoUrl:: https://videos-cloudfront.jwpsrv.com/69c7785c_e0fb1dcd0c994abe00bc5da1e47d096ba2045ec5/content/conversions/S41JwTap/videos/6U0XLHa3-25175562.mp4
imageUrl:: https://assets-jpcust.jwpsrv.com/thumbnails/p5c9c4t4-1920.jpg
notFoundMediaUrls: [
  {
    id: '6U0XLHa3',
    videoUrl: 'https://videos-cloudfront.jwpsrv.com/69c7785c_e0fb1dcd0c994abe00bc5da1e47d096ba2045ec5/content/conversions/S41JwTap/videos/6U0XLHa3-25175562.mp4'
  },
  {
    id: '6U0XLHa3',
    imageUrl: 'https://assets-jpcust.jwpsrv.com/thumbnails/p5c9c4t4-1920.jpg'
  }
]
mediaId: 3f2MBcKh
Media NOT FOUND FOR ID: 3f2MBcKh
url: https://cdn.jwplayer.com/v2/sites/S41JwTap/media/3f2MBcKh/playback.json?token=eyJhbGciOiJIUzI1NiIsInR5cCI6IkpXVCJ9.eyJyZXNvdXJjZSI6Ii92Mi9zaXRlcy9TNDFKd1RhcC9tZWRpYS8zZjJNQmNLaC9wbGF5YmFjay5qc29uIiwiZXhwIjoxNzc0NjQwNzAwfQ.VHyOinWVZbc5xjVLRiTYxJoEG4MgXU4EKvf7tLH33I8
videoUrl:: https://videos-cloudfront.jwpsrv.com/69c778d3_36c06ed930fba1091885b2797309ef43e80990a4/content/conversions/S41JwTap/videos/3f2MBcKh-25175562.mp4
imageUrl:: https://assets-jpcust.jwpsrv.com/thumbnails/clrnpov6-1920.jpg
notFoundMediaUrls: [
  {
    id: '3f2MBcKh',
    videoUrl: 'https://videos-cloudfront.jwpsrv.com/69c778d3_36c06ed930fba1091885b2797309ef43e80990a4/content/conversions/S41JwTap/videos/3f2MBcKh-25175562.mp4'
  },
  {
    id: '3f2MBcKh',
    imageUrl: 'https://assets-jpcust.jwpsrv.com/thumbnails/clrnpov6-1920.jpg'
  }
]
mediaId: hH2frMMC
Media NOT FOUND FOR ID: hH2frMMC
url: https://cdn.jwplayer.com/v2/sites/S41JwTap/media/hH2frMMC/playback.json?token=eyJhbGciOiJIUzI1NiIsInR5cCI6IkpXVCJ9.eyJyZXNvdXJjZSI6Ii92Mi9zaXRlcy9TNDFKd1RhcC9tZWRpYS9oSDJmck1NQy9wbGF5YmFjay5qc29uIiwiZXhwIjoxNzc0NjQwNzAwfQ.nUOEIx6AMq4zEFJV6n2BNh1gSWQZR5FOFkd4kgkHGzo
videoUrl:: https://videos-cloudfront.jwpsrv.com/69c777f6_ee15902bf19502b793f5575653d5166651da9119/content/conversions/S41JwTap/videos/hH2frMMC-25175562.mp4
imageUrl:: https://assets-jpcust.jwpsrv.com/thumbnails/4ayqsngn-1920.jpg
notFoundMediaUrls: [
  {
    id: 'hH2frMMC',
    videoUrl: 'https://videos-cloudfront.jwpsrv.com/69c777f6_ee15902bf19502b793f5575653d5166651da9119/content/conversions/S41JwTap/videos/hH2frMMC-25175562.mp4'
  },
  {
    id: 'hH2frMMC',
    imageUrl: 'https://assets-jpcust.jwpsrv.com/thumbnails/4ayqsngn-1920.jpg'
  }
]
mediaId: dbW6MSQ0
Media NOT FOUND FOR ID: dbW6MSQ0
url: https://cdn.jwplayer.com/v2/sites/S41JwTap/media/dbW6MSQ0/playback.json?token=eyJhbGciOiJIUzI1NiIsInR5cCI6IkpXVCJ9.eyJyZXNvdXJjZSI6Ii92Mi9zaXRlcy9TNDFKd1RhcC9tZWRpYS9kYlc2TVNRMC9wbGF5YmFjay5qc29uIiwiZXhwIjoxNzc0NjQwNzAwfQ.Oag6M77tAT9keZpzcxFuJAwOvsBHGPjRCLLUsbqpF1w
videoUrl:: https://videos-cloudfront.jwpsrv.com/69c778b0_f4c45829cbd546061a554a9417c749d6052e9f38/content/conversions/S41JwTap/videos/dbW6MSQ0-25175562.mp4
imageUrl:: https://assets-jpcust.jwpsrv.com/thumbnails/kzrkivi1-1920.jpg
notFoundMediaUrls: [
  {
    id: 'dbW6MSQ0',
    videoUrl: 'https://videos-cloudfront.jwpsrv.com/69c778b0_f4c45829cbd546061a554a9417c749d6052e9f38/content/conversions/S41JwTap/videos/dbW6MSQ0-25175562.mp4'
  },
  {
    id: 'dbW6MSQ0',
    imageUrl: 'https://assets-jpcust.jwpsrv.com/thumbnails/kzrkivi1-1920.jpg'
  }
]
mediaId: AoVv2qco
Media NOT FOUND FOR ID: AoVv2qco
url: https://cdn.jwplayer.com/v2/sites/S41JwTap/media/AoVv2qco/playback.json?token=eyJhbGciOiJIUzI1NiIsInR5cCI6IkpXVCJ9.eyJyZXNvdXJjZSI6Ii92Mi9zaXRlcy9TNDFKd1RhcC9tZWRpYS9Bb1Z2MnFjby9wbGF5YmFjay5qc29uIiwiZXhwIjoxNzc0NjQwNzAwfQ.AFzZpVDZd1cD-El3JM58wuCbD4OUVrBvu16-pOzjXpM
videoUrl:: https://videos-cloudfront.jwpsrv.com/69c778e8_07ec08f4c365a1e24062e90721bc8f8eeb2ee6b9/content/conversions/S41JwTap/videos/AoVv2qco-25175562.mp4
imageUrl:: https://assets-jpcust.jwpsrv.com/thumbnails/wmnfs2wf-1920.jpg
notFoundMediaUrls: [
  {
    id: 'AoVv2qco',
    videoUrl: 'https://videos-cloudfront.jwpsrv.com/69c778e8_07ec08f4c365a1e24062e90721bc8f8eeb2ee6b9/content/conversions/S41JwTap/videos/AoVv2qco-25175562.mp4'
  },
  {
    id: 'AoVv2qco',
    imageUrl: 'https://assets-jpcust.jwpsrv.com/thumbnails/wmnfs2wf-1920.jpg'
  }
]
mediaId: xzlAuVyv
Media NOT FOUND FOR ID: xzlAuVyv
url: https://cdn.jwplayer.com/v2/sites/S41JwTap/media/xzlAuVyv/playback.json?token=eyJhbGciOiJIUzI1NiIsInR5cCI6IkpXVCJ9.eyJyZXNvdXJjZSI6Ii92Mi9zaXRlcy9TNDFKd1RhcC9tZWRpYS94emxBdVZ5di9wbGF5YmFjay5qc29uIiwiZXhwIjoxNzc0NjQwNzAwfQ.lG9J0bu_783OT5-c6_-cFRtruYnPY9vgr0EzyzIFkS8
videoUrl:: https://videos-cloudfront.jwpsrv.com/69c77898_e8d5204db35e5efe2b804470cefc2bee1bfa0b3b/content/conversions/S41JwTap/videos/xzlAuVyv-25175562.mp4
imageUrl:: https://assets-jpcust.jwpsrv.com/thumbnails/wx03r1ak-1920.jpg
notFoundMediaUrls: [
  {
    id: 'xzlAuVyv',
    videoUrl: 'https://videos-cloudfront.jwpsrv.com/69c77898_e8d5204db35e5efe2b804470cefc2bee1bfa0b3b/content/conversions/S41JwTap/videos/xzlAuVyv-25175562.mp4'
  },
  {
    id: 'xzlAuVyv',
    imageUrl: 'https://assets-jpcust.jwpsrv.com/thumbnails/wx03r1ak-1920.jpg'
  }
]
mediaId: HYA9NFa5
Media NOT FOUND FOR ID: HYA9NFa5
url: https://cdn.jwplayer.com/v2/sites/S41JwTap/media/HYA9NFa5/playback.json?token=eyJhbGciOiJIUzI1NiIsInR5cCI6IkpXVCJ9.eyJyZXNvdXJjZSI6Ii92Mi9zaXRlcy9TNDFKd1RhcC9tZWRpYS9IWUE5TkZhNS9wbGF5YmFjay5qc29uIiwiZXhwIjoxNzc0NjQwNzAwfQ.dw4vXkKZUtG2jjLi2YKNOu4mJ2Xr9RDTbaac6N9BNOk
videoUrl:: https://videos-cloudfront.jwpsrv.com/69c778e8_9c699148bb91e0b57743f889dbfeb55fb2a526ee/content/conversions/S41JwTap/videos/HYA9NFa5-25175562.mp4
imageUrl:: https://assets-jpcust.jwpsrv.com/thumbnails/1gtdnold-1920.jpg
notFoundMediaUrls: [
  {
    id: 'HYA9NFa5',
    videoUrl: 'https://videos-cloudfront.jwpsrv.com/69c778e8_9c699148bb91e0b57743f889dbfeb55fb2a526ee/content/conversions/S41JwTap/videos/HYA9NFa5-25175562.mp4'
  },
  {
    id: 'HYA9NFa5',
    imageUrl: 'https://assets-jpcust.jwpsrv.com/thumbnails/1gtdnold-1920.jpg'
  }
]
mediaId: OBXJGH42
Media found for: OBXJGH42  header:  video/mp4
mediaId: VnVjRvJm
Media NOT FOUND FOR ID: VnVjRvJm
url: https://cdn.jwplayer.com/v2/sites/S41JwTap/media/VnVjRvJm/playback.json?token=eyJhbGciOiJIUzI1NiIsInR5cCI6IkpXVCJ9.eyJyZXNvdXJjZSI6Ii92Mi9zaXRlcy9TNDFKd1RhcC9tZWRpYS9WblZqUnZKbS9wbGF5YmFjay5qc29uIiwiZXhwIjoxNzc0NjQwNzAwfQ.tcrvqyTBYsA5Y7mG5g8vPHFu-hWRBREPPa3QrMk4Cf0
videoUrl:: https://videos-cloudfront.jwpsrv.com/69c7791c_5aec2a593dbacbbbbf4164ff320858327de62c91/content/conversions/S41JwTap/videos/VnVjRvJm-25175562.mp4
imageUrl:: https://assets-jpcust.jwpsrv.com/thumbnails/a9wi18k1-1920.jpg
notFoundMediaUrls: [
  {
    id: 'VnVjRvJm',
    videoUrl: 'https://videos-cloudfront.jwpsrv.com/69c7791c_5aec2a593dbacbbbbf4164ff320858327de62c91/content/conversions/S41JwTap/videos/VnVjRvJm-25175562.mp4'
  },
  {
    id: 'VnVjRvJm',
    imageUrl: 'https://assets-jpcust.jwpsrv.com/thumbnails/a9wi18k1-1920.jpg'
  }
]
mediaId: dmiiWvBU
Media NOT FOUND FOR ID: dmiiWvBU
url: https://cdn.jwplayer.com/v2/sites/S41JwTap/media/dmiiWvBU/playback.json?token=eyJhbGciOiJIUzI1NiIsInR5cCI6IkpXVCJ9.eyJyZXNvdXJjZSI6Ii92Mi9zaXRlcy9TNDFKd1RhcC9tZWRpYS9kbWlpV3ZCVS9wbGF5YmFjay5qc29uIiwiZXhwIjoxNzc0NjQwNzAwfQ.YDuk9YjCCoyxMo0C5fjnmPEgPD_nvNURT4bDzZPe0X8
videoUrl:: https://videos-cloudfront.jwpsrv.com/69c778b7_16e6ea1d17153c6ff7dfd4651a93e4eae39318b5/content/conversions/S41JwTap/videos/dmiiWvBU-25175562.mp4
imageUrl:: https://assets-jpcust.jwpsrv.com/thumbnails/d49gr8a7-1920.jpg
notFoundMediaUrls: [
  {
    id: 'dmiiWvBU',
    videoUrl: 'https://videos-cloudfront.jwpsrv.com/69c778b7_16e6ea1d17153c6ff7dfd4651a93e4eae39318b5/content/conversions/S41JwTap/videos/dmiiWvBU-25175562.mp4'
  },
  {
    id: 'dmiiWvBU',
    imageUrl: 'https://assets-jpcust.jwpsrv.com/thumbnails/d49gr8a7-1920.jpg'
  }
]
mediaId: akSgRQU9
Media NOT FOUND FOR ID: akSgRQU9
url: https://cdn.jwplayer.com/v2/sites/S41JwTap/media/akSgRQU9/playback.json?token=eyJhbGciOiJIUzI1NiIsInR5cCI6IkpXVCJ9.eyJyZXNvdXJjZSI6Ii92Mi9zaXRlcy9TNDFKd1RhcC9tZWRpYS9ha1NnUlFVOS9wbGF5YmFjay5qc29uIiwiZXhwIjoxNzc0NjQwNzAwfQ.QVVepR9WbIKT-qNba2koHiDuO1kxW4QxlMA9zxDGAl4
videoUrl:: https://videos-cloudfront.jwpsrv.com/69c77822_1ed0bc5499ab45fc10357673916962eeb92bb2ca/content/conversions/S41JwTap/videos/akSgRQU9-25175562.mp4
imageUrl:: https://assets-jpcust.jwpsrv.com/thumbnails/t5vfo6g4-1920.jpg
notFoundMediaUrls: [
  {
    id: 'akSgRQU9',
    videoUrl: 'https://videos-cloudfront.jwpsrv.com/69c77822_1ed0bc5499ab45fc10357673916962eeb92bb2ca/content/conversions/S41JwTap/videos/akSgRQU9-25175562.mp4'
  },
  {
    id: 'akSgRQU9',
    imageUrl: 'https://assets-jpcust.jwpsrv.com/thumbnails/t5vfo6g4-1920.jpg'
  }
]
mediaId: qcU6AP0x
Media found for: qcU6AP0x  header:  video/mp4
mediaId: bohgzEP9
Media NOT FOUND FOR ID: bohgzEP9
url: https://cdn.jwplayer.com/v2/sites/S41JwTap/media/bohgzEP9/playback.json?token=eyJhbGciOiJIUzI1NiIsInR5cCI6IkpXVCJ9.eyJyZXNvdXJjZSI6Ii92Mi9zaXRlcy9TNDFKd1RhcC9tZWRpYS9ib2hnekVQOS9wbGF5YmFjay5qc29uIiwiZXhwIjoxNzc0NjQwNzAwfQ.Zw2V5zEOKWlD2Bwd5BIjnEPegeg0M3y2swA1ixSpl_0
videoUrl:: https://videos-cloudfront.jwpsrv.com/69c778ab_17663759901390bd784a2894a71336a09cf5d64e/content/conversions/S41JwTap/videos/bohgzEP9-25175562.mp4
imageUrl:: https://assets-jpcust.jwpsrv.com/thumbnails/9ibpy0wi-1920.jpg
notFoundMediaUrls: [
  {
    id: 'bohgzEP9',
    videoUrl: 'https://videos-cloudfront.jwpsrv.com/69c778ab_17663759901390bd784a2894a71336a09cf5d64e/content/conversions/S41JwTap/videos/bohgzEP9-25175562.mp4'
  },
  {
    id: 'bohgzEP9',
    imageUrl: 'https://assets-jpcust.jwpsrv.com/thumbnails/9ibpy0wi-1920.jpg'
  }
]
mediaId: ITnrK2Ng
Media NOT FOUND FOR ID: ITnrK2Ng
url: https://cdn.jwplayer.com/v2/sites/S41JwTap/media/ITnrK2Ng/playback.json?token=eyJhbGciOiJIUzI1NiIsInR5cCI6IkpXVCJ9.eyJyZXNvdXJjZSI6Ii92Mi9zaXRlcy9TNDFKd1RhcC9tZWRpYS9JVG5ySzJOZy9wbGF5YmFjay5qc29uIiwiZXhwIjoxNzc0NjQwNzAwfQ.TFUp7-ndBDJWLYxJz4MRxNHbQtwRRxkCZlHeNG2V9ss
videoUrl:: https://videos-cloudfront.jwpsrv.com/69c778f9_c060028afdfb0d33dd8ceb4b4bc14b6baefcfed1/content/conversions/S41JwTap/videos/ITnrK2Ng-25175562.mp4
imageUrl:: https://assets-jpcust.jwpsrv.com/thumbnails/1ewf2juq-1920.jpg
notFoundMediaUrls: [
  {
    id: 'ITnrK2Ng',
    videoUrl: 'https://videos-cloudfront.jwpsrv.com/69c778f9_c060028afdfb0d33dd8ceb4b4bc14b6baefcfed1/content/conversions/S41JwTap/videos/ITnrK2Ng-25175562.mp4'
  },
  {
    id: 'ITnrK2Ng',
    imageUrl: 'https://assets-jpcust.jwpsrv.com/thumbnails/1ewf2juq-1920.jpg'
  }
]
mediaId: cqFEJKmL
Media NOT FOUND FOR ID: cqFEJKmL
url: https://cdn.jwplayer.com/v2/sites/S41JwTap/media/cqFEJKmL/playback.json?token=eyJhbGciOiJIUzI1NiIsInR5cCI6IkpXVCJ9.eyJyZXNvdXJjZSI6Ii92Mi9zaXRlcy9TNDFKd1RhcC9tZWRpYS9jcUZFSkttTC9wbGF5YmFjay5qc29uIiwiZXhwIjoxNzc0NjQwNzAwfQ.Rl9HPSXhi14Hj42tIkvVR3NpEbFQE2Lx2qDzQXafgfQ
videoUrl:: https://videos-cloudfront.jwpsrv.com/69c77885_37fad2dce31d2080d8f49a77ca0ecb5ea4695834/content/conversions/S41JwTap/videos/cqFEJKmL-25175562.mp4
imageUrl:: https://assets-jpcust.jwpsrv.com/thumbnails/q98vbu9n-1920.jpg
notFoundMediaUrls: [
  {
    id: 'cqFEJKmL',
    videoUrl: 'https://videos-cloudfront.jwpsrv.com/69c77885_37fad2dce31d2080d8f49a77ca0ecb5ea4695834/content/conversions/S41JwTap/videos/cqFEJKmL-25175562.mp4'
  },
  {
    id: 'cqFEJKmL',
    imageUrl: 'https://assets-jpcust.jwpsrv.com/thumbnails/q98vbu9n-1920.jpg'
  }
]
mediaId: 4LmWIaPM
Media NOT FOUND FOR ID: 4LmWIaPM
url: https://cdn.jwplayer.com/v2/sites/S41JwTap/media/4LmWIaPM/playback.json?token=eyJhbGciOiJIUzI1NiIsInR5cCI6IkpXVCJ9.eyJyZXNvdXJjZSI6Ii92Mi9zaXRlcy9TNDFKd1RhcC9tZWRpYS80TG1XSWFQTS9wbGF5YmFjay5qc29uIiwiZXhwIjoxNzc0NjQwNzAwfQ.aS8ytSD0BD9L-cw3-0jX4aj_gOIurqoicVWEvzMddE4
videoUrl:: https://videos-cloudfront.jwpsrv.com/69c77882_eaf8fc9c080be1f6b135c55e8bc77666271b48ae/content/conversions/S41JwTap/videos/4LmWIaPM-25175562.mp4
imageUrl:: https://assets-jpcust.jwpsrv.com/thumbnails/0mha4k6q-1920.jpg
notFoundMediaUrls: [
  {
    id: '4LmWIaPM',
    videoUrl: 'https://videos-cloudfront.jwpsrv.com/69c77882_eaf8fc9c080be1f6b135c55e8bc77666271b48ae/content/conversions/S41JwTap/videos/4LmWIaPM-25175562.mp4'
  },
  {
    id: '4LmWIaPM',
    imageUrl: 'https://assets-jpcust.jwpsrv.com/thumbnails/0mha4k6q-1920.jpg'
  }
]
mediaId: l6GdRXwI
Media NOT FOUND FOR ID: l6GdRXwI
url: https://cdn.jwplayer.com/v2/sites/S41JwTap/media/l6GdRXwI/playback.json?token=eyJhbGciOiJIUzI1NiIsInR5cCI6IkpXVCJ9.eyJyZXNvdXJjZSI6Ii92Mi9zaXRlcy9TNDFKd1RhcC9tZWRpYS9sNkdkUlh3SS9wbGF5YmFjay5qc29uIiwiZXhwIjoxNzc0NjQwNzAwfQ.5MJCLb53zamRIq5ITZY7BEiZB3ShQbsNNVBW5p8zb7M
videoUrl:: https://videos-cloudfront.jwpsrv.com/69c77849_dfa3437eb5854a27d9c36e1a388f0e561e008217/content/conversions/S41JwTap/videos/l6GdRXwI-25175562.mp4
imageUrl:: https://assets-jpcust.jwpsrv.com/thumbnails/46u419aj-1920.jpg
notFoundMediaUrls: [
  {
    id: 'l6GdRXwI',
    videoUrl: 'https://videos-cloudfront.jwpsrv.com/69c77849_dfa3437eb5854a27d9c36e1a388f0e561e008217/content/conversions/S41JwTap/videos/l6GdRXwI-25175562.mp4'
  },
  {
    id: 'l6GdRXwI',
    imageUrl: 'https://assets-jpcust.jwpsrv.com/thumbnails/46u419aj-1920.jpg'
  }
]
mediaId: Zlq49d3l
Media found for: Zlq49d3l  header:  video/mp4
mediaId: zhgu6OPL
Media found for: zhgu6OPL  header:  video/mp4
mediaId: UwSbT4bF
Media found for: UwSbT4bF  header:  video/mp4
mediaId: 2yO4CxF4
Media found for: 2yO4CxF4  header:  video/mp4
mediaId: TK9yBhxI
Media found for: TK9yBhxI  header:  video/mp4
mediaId: kqz5HWem
Media found for: kqz5HWem  header:  video/mp4
mediaId: zRSGGFQZ
Media found for: zRSGGFQZ  header:  video/mp4
mediaId: qvjthoZO
Media found for: qvjthoZO  header:  video/mp4
mediaId: 2aQFU1Mw
Media found for: 2aQFU1Mw  header:  video/mp4
mediaId: jmJqfXiN
Media found for: jmJqfXiN  header:  video/mp4
mediaId: i09XiU8J
Media found for: i09XiU8J  header:  video/mp4
mediaId: b3e81oAl
Media found for: b3e81oAl  header:  video/mp4
mediaId: 9p6bq8Tf
Media found for: 9p6bq8Tf  header:  video/mp4
mediaId: 3cEwEg5K
Media found for: 3cEwEg5K  header:  video/mp4
mediaId: 7ifuIU7J
Media found for: 7ifuIU7J  header:  video/mp4
mediaId: oLqN8dP1
Media found for: oLqN8dP1  header:  video/mp4
mediaId: ToX7He5c
Media found for: ToX7He5c  header:  video/mp4
mediaId: zDMoEK2J
Media found for: zDMoEK2J  header:  video/mp4
mediaId: Xq2tAPpa
Media found for: Xq2tAPpa  header:  video/mp4
mediaId: yvmVGk4P
Media found for: yvmVGk4P  header:  video/mp4
mediaId: 85sRVC31
Media found for: 85sRVC31  header:  video/mp4
mediaId: PdRJxAED
Media found for: PdRJxAED  header:  video/mp4
mediaId: 4hCEnL4p
Media found for: 4hCEnL4p  header:  video/mp4
mediaId: EKc6twYy
Media found for: EKc6twYy  header:  video/mp4
mediaId: 2cGMO264
Media found for: 2cGMO264  header:  video/mp4
mediaId: cUYd21xM
Media found for: cUYd21xM  header:  video/mp4
mediaId: ninFlJAq
Media found for: ninFlJAq  header:  video/mp4
mediaId: RMuN6KGb
Media found for: RMuN6KGb  header:  video/mp4
mediaId: AO57eKUN
Media found for: AO57eKUN  header:  video/mp4
mediaId: EPqB83RP
Media found for: EPqB83RP  header:  video/mp4
mediaId: dA3rOtRH
Media found for: dA3rOtRH  header:  video/mp4
mediaId: XM3BdgNr
Media found for: XM3BdgNr  header:  video/mp4
mediaId: yDEkSg2e
Media found for: yDEkSg2e  header:  video/mp4
mediaId: Z9g7okSS
Media found for: Z9g7okSS  header:  video/mp4
mediaId: 3bac3y3F
Media found for: 3bac3y3F  header:  video/mp4
mediaId: oKa1rSlq
Media found for: oKa1rSlq  header:  video/mp4
mediaId: Rg4k8tNb
Media found for: Rg4k8tNb  header:  video/mp4
mediaId: 7Y0QUflf
Media found for: 7Y0QUflf  header:  video/mp4
mediaId: wurqqQec
Media found for: wurqqQec  header:  video/mp4
mediaId: ypg0ScnW
Media found for: ypg0ScnW  header:  video/mp4
mediaId: P86IauCL
Media found for: P86IauCL  header:  video/mp4
mediaId: hUA22fAR
Media found for: hUA22fAR  header:  video/mp4
mediaId: WeF8D1x7
Media found for: WeF8D1x7  header:  video/mp4
mediaId: I2FuaOSK
Media found for: I2FuaOSK  header:  video/mp4
mediaId: uqwneU6A
Media found for: uqwneU6A  header:  video/mp4
mediaId: YcQ8fDSx
Media found for: YcQ8fDSx  header:  video/mp4
mediaId: 7BLoSQDK
Media found for: 7BLoSQDK  header:  video/mp4
mediaId: boX889qx
Media found for: boX889qx  header:  video/mp4
mediaId: qKNpnSdN
Media found for: qKNpnSdN  header:  video/mp4
mediaId: jAGMNBH1
Media found for: jAGMNBH1  header:  video/mp4
mediaId: e4ESlyTk
Media found for: e4ESlyTk  header:  video/mp4
mediaId: TK9yBhxI
Media found for: TK9yBhxI  header:  video/mp4
mediaId: kqz5HWem
Media found for: kqz5HWem  header:  video/mp4
mediaId: zRSGGFQZ
Media found for: zRSGGFQZ  header:  video/mp4
mediaId: qvjthoZO
Media found for: qvjthoZO  header:  video/mp4
mediaId: 2aQFU1Mw
Media found for: 2aQFU1Mw  header:  video/mp4
mediaId: jmJqfXiN
Media found for: jmJqfXiN  header:  video/mp4
mediaId: i09XiU8J
Media found for: i09XiU8J  header:  video/mp4
mediaId: b3e81oAl
Media found for: b3e81oAl  header:  video/mp4
mediaId: 9p6bq8Tf
Media found for: 9p6bq8Tf  header:  video/mp4
mediaId: 3cEwEg5K
Media found for: 3cEwEg5K  header:  video/mp4
mediaId: 7ifuIU7J
Media found for: 7ifuIU7J  header:  video/mp4
mediaId: oLqN8dP1
Media found for: oLqN8dP1  header:  video/mp4
mediaId: ToX7He5c
Media found for: ToX7He5c  header:  video/mp4
mediaId: zDMoEK2J
Media found for: zDMoEK2J  header:  video/mp4
mediaId: Xq2tAPpa
Media found for: Xq2tAPpa  header:  video/mp4
mediaId: yvmVGk4P
Media found for: yvmVGk4P  header:  video/mp4
mediaId: 85sRVC31
Media found for: 85sRVC31  header:  video/mp4
mediaId: PdRJxAED
Media found for: PdRJxAED  header:  video/mp4
mediaId: 4hCEnL4p
Media found for: 4hCEnL4p  header:  video/mp4
mediaId: EKc6twYy
Media found for: EKc6twYy  header:  video/mp4
mediaId: 2cGMO264
Media found for: 2cGMO264  header:  video/mp4
mediaId: cUYd21xM
Media found for: cUYd21xM  header:  video/mp4
mediaId: ninFlJAq
Media found for: ninFlJAq  header:  video/mp4
mediaId: RMuN6KGb
Media found for: RMuN6KGb  header:  video/mp4
mediaId: AO57eKUN
Media found for: AO57eKUN  header:  video/mp4
mediaId: EPqB83RP
Media found for: EPqB83RP  header:  video/mp4
mediaId: dA3rOtRH
Media found for: dA3rOtRH  header:  video/mp4
mediaId: XM3BdgNr
Media found for: XM3BdgNr  header:  video/mp4
mediaId: yDEkSg2e
Media found for: yDEkSg2e  header:  video/mp4
mediaId: Z9g7okSS
Media found for: Z9g7okSS  header:  video/mp4
mediaId: HHRT3v7E
Media found for: HHRT3v7E  header:  video/mp4
mediaId: hQWuMZvH
Media found for: hQWuMZvH  header:  video/mp4
mediaId: fSt3rrqv
Media found for: fSt3rrqv  header:  video/mp4
mediaId: dR7zwJpL
Media found for: dR7zwJpL  header:  video/mp4
mediaId: 5OoEkhNc
Media found for: 5OoEkhNc  header:  video/mp4
mediaId: ADqwJRdG
Media found for: ADqwJRdG  header:  video/mp4
mediaId: qwkQ0Rpb
Media found for: qwkQ0Rpb  header:  video/mp4
mediaId: kRG5ejOz
Media found for: kRG5ejOz  header:  video/mp4
mediaId: Yl3kLHf6
Media found for: Yl3kLHf6  header:  video/mp4
mediaId: tlRqzssB
Media found for: tlRqzssB  header:  video/mp4
mediaId: IKm6sdvP
Media found for: IKm6sdvP  header:  video/mp4
mediaId: LvqIgGIp
Media found for: LvqIgGIp  header:  video/mp4
mediaId: dLQcrjtK
Media found for: dLQcrjtK  header:  video/mp4
mediaId: 46TnEjfh
Media found for: 46TnEjfh  header:  video/mp4
mediaId: JCfDUlyc
Media found for: JCfDUlyc  header:  video/mp4
mediaId: Xp8yWBYZ
Media found for: Xp8yWBYZ  header:  video/mp4
mediaId: FZkzwQrg
Media found for: FZkzwQrg  header:  video/mp4
mediaId: tuxHnKuF
Media found for: tuxHnKuF  header:  video/mp4
mediaId: YV7VLEaL
Media found for: YV7VLEaL  header:  video/mp4
mediaId: 7ty2vdqv
Media found for: 7ty2vdqv  header:  video/mp4
mediaId: qQ7iQMnh
Media found for: qQ7iQMnh  header:  video/mp4
mediaId: WVBxvuuB
Media found for: WVBxvuuB  header:  video/mp4
mediaId: BvO0DGKx
Media found for: BvO0DGKx  header:  video/mp4
mediaId: oNXIN6o7
Media found for: oNXIN6o7  header:  video/mp4
mediaId: KsNGVhDC
Media found for: KsNGVhDC  header:  video/mp4
mediaId: lRHa169A
Media found for: lRHa169A  header:  video/mp4
mediaId: bhYOD2lh
Media found for: bhYOD2lh  header:  video/mp4
mediaId: GpCO2xuz
Media found for: GpCO2xuz  header:  video/mp4
mediaId: 9UADz6Qb
Media found for: 9UADz6Qb  header:  video/mp4
mediaId: a3VObsWz
Media found for: a3VObsWz  header:  video/mp4
mediaId: ifmEehac
Media found for: ifmEehac  header:  video/mp4
mediaId: Z1njjhxI
Media found for: Z1njjhxI  header:  video/mp4
mediaId: LBgmUfoi
Media found for: LBgmUfoi  header:  video/mp4
mediaId: gnuko5m5
Media found for: gnuko5m5  header:  video/mp4
mediaId: J4ichn8V
Media found for: J4ichn8V  header:  video/mp4
mediaId: dGGAAB8K
Media found for: dGGAAB8K  header:  video/mp4
mediaId: SiwKGqYw
Media found for: SiwKGqYw  header:  video/mp4
mediaId: RnHpBoPM
Media found for: RnHpBoPM  header:  video/mp4
mediaId: 5XTTWF9G
Media found for: 5XTTWF9G  header:  video/mp4
mediaId: aqoF3CEa
Media found for: aqoF3CEa  header:  video/mp4
mediaId: ShsIhtjD
Media found for: ShsIhtjD  header:  video/mp4
mediaId: NaeI0WU9
Media found for: NaeI0WU9  header:  video/mp4
mediaId: WA2YRETv
Media found for: WA2YRETv  header:  video/mp4
mediaId: 2DguMbbN
Media found for: 2DguMbbN  header:  video/mp4
mediaId: J6YVXB0m
Media found for: J6YVXB0m  header:  video/mp4
mediaId: NQWo2jg3
Media found for: NQWo2jg3  header:  video/mp4
mediaId: ZOZezC65
Media found for: ZOZezC65  header:  video/mp4
mediaId: YqBl4VcH
Media found for: YqBl4VcH  header:  video/mp4
mediaId: eyPNAAJm
Media found for: eyPNAAJm  header:  video/mp4
mediaId: h5y9r45K
Media found for: h5y9r45K  header:  video/mp4
mediaId: f2JwY9l4
Media found for: f2JwY9l4  header:  video/mp4
mediaId: 83NuHC33
Media found for: 83NuHC33  header:  video/mp4
mediaId: laiG57nW
Media NOT FOUND FOR ID: laiG57nW
url: https://cdn.jwplayer.com/v2/sites/S41JwTap/media/laiG57nW/playback.json?token=eyJhbGciOiJIUzI1NiIsInR5cCI6IkpXVCJ9.eyJyZXNvdXJjZSI6Ii92Mi9zaXRlcy9TNDFKd1RhcC9tZWRpYS9sYWlHNTduVy9wbGF5YmFjay5qc29uIiwiZXhwIjoxNzc0NjQwNzAwfQ.wjPU40BIL1vyxRc0HE1Iu7i_wKkle131fmKluf9wbGA
videoUrl:: https://videos-cloudfront.jwpsrv.com/69c7791a_db20fdb5ffa47a454385e0a19cc33f2b28c7efeb/content/conversions/S41JwTap/videos/laiG57nW-25175562.mp4
imageUrl:: https://assets-jpcust.jwpsrv.com/thumbnails/9y2rrr5i-1920.jpg
notFoundMediaUrls: [
  {
    id: 'laiG57nW',
    videoUrl: 'https://videos-cloudfront.jwpsrv.com/69c7791a_db20fdb5ffa47a454385e0a19cc33f2b28c7efeb/content/conversions/S41JwTap/videos/laiG57nW-25175562.mp4'
  },
  {
    id: 'laiG57nW',
    imageUrl: 'https://assets-jpcust.jwpsrv.com/thumbnails/9y2rrr5i-1920.jpg'
  }
]
mediaId: VhqeghVu
Media found for: VhqeghVu  header:  video/mp4
mediaId: URSSjLMW
Media found for: URSSjLMW  header:  video/mp4
mediaId: ypg0ScnW
Media found for: ypg0ScnW  header:  video/mp4
mediaId: W1wRyY9j
Media found for: W1wRyY9j  header:  video/mp4
mediaId: zX80bDPe
Media found for: zX80bDPe  header:  video/mp4
mediaId: d7RdO2Vl
Media found for: d7RdO2Vl  header:  video/mp4
mediaId: JaFfE2Sy
Media found for: JaFfE2Sy  header:  video/mp4
mediaId: GaQ0ULPY
Media found for: GaQ0ULPY  header:  video/mp4
mediaId: A6PUqvuP
Media found for: A6PUqvuP  header:  video/mp4
mediaId: SU9KoopR
Media found for: SU9KoopR  header:  video/mp4
mediaId: wurqqQec
Media found for: wurqqQec  header:  video/mp4
mediaId: QTGVosfL
Media found for: QTGVosfL  header:  video/mp4
mediaId: 9jyKR7My
Media found for: 9jyKR7My  header:  video/mp4
mediaId: qElzBN5U
Media found for: qElzBN5U  header:  video/mp4
mediaId: Ihu0Wtho
Media found for: Ihu0Wtho  header:  video/mp4
mediaId: yCIn3bHC
Media found for: yCIn3bHC  header:  video/mp4
mediaId: czQvoI3m
Media found for: czQvoI3m  header:  video/mp4
mediaId: 9Qgp0L53
Media found for: 9Qgp0L53  header:  video/mp4
mediaId: Li4z1J2j
Media found for: Li4z1J2j  header:  video/mp4
mediaId: Rg4k8tNb
Media found for: Rg4k8tNb  header:  video/mp4
mediaId: wYmZPHTA
Media found for: wYmZPHTA  header:  video/mp4
mediaId: dT4RjBSo
Media found for: dT4RjBSo  header:  video/mp4
mediaId: PKygJWno
Media found for: PKygJWno  header:  video/mp4
mediaId: Lw6yvi9p
Media found for: Lw6yvi9p  header:  video/mp4
mediaId: sHCeQEoQ
Media found for: sHCeQEoQ  header:  video/mp4
mediaId: b0QMfJeQ
Media found for: b0QMfJeQ  header:  video/mp4
mediaId: s82lyskr
Media found for: s82lyskr  header:  video/mp4
mediaId: gIv8FRPd
Media found for: gIv8FRPd  header:  video/mp4
mediaId: sSRrkUCz
Media found for: sSRrkUCz  header:  video/mp4
mediaId: xfmL1n3a
Media found for: xfmL1n3a  header:  video/mp4
mediaId: WkRmvz1T
Media found for: WkRmvz1T  header:  video/mp4
mediaId: WvQ7N6Hs
Media found for: WvQ7N6Hs  header:  video/mp4
mediaId: P86IauCL
Media found for: P86IauCL  header:  video/mp4
mediaId: iyasHFQG
Media found for: iyasHFQG  header:  video/mp4
mediaId: R6RtgXHq
Media found for: R6RtgXHq  header:  video/mp4
mediaId: e1Kl8SB3
Media found for: e1Kl8SB3  header:  video/mp4
mediaId: TtRvpOeW
Media found for: TtRvpOeW  header:  video/mp4
mediaId: cvIzaEly
Media found for: cvIzaEly  header:  video/mp4
mediaId: HHhO0fRS
Media found for: HHhO0fRS  header:  video/mp4
mediaId: PPhVvdAi
Media found for: PPhVvdAi  header:  video/mp4
mediaId: 2Wm3MgGt
Media found for: 2Wm3MgGt  header:  video/mp4
mediaId: oKa1rSlq
Media found for: oKa1rSlq  header:  video/mp4
mediaId: PttGbdIb
Media found for: PttGbdIb  header:  video/mp4
mediaId: Q7Ipfkha
Media found for: Q7Ipfkha  header:  video/mp4
mediaId: FJbkSVpb
Media found for: FJbkSVpb  header:  video/mp4
mediaId: dKPk22aQ
Media found for: dKPk22aQ  header:  video/mp4
mediaId: kYw4r7GQ
Media found for: kYw4r7GQ  header:  video/mp4
mediaId: taf3cqUX
Media found for: taf3cqUX  header:  video/mp4
mediaId: xTvGsZmk
Media found for: xTvGsZmk  header:  video/mp4
mediaId: dq3uSs6R
Media found for: dq3uSs6R  header:  video/mp4
mediaId: ULlrD6jj
Media found for: ULlrD6jj  header:  video/mp4
mediaId: OeVreK2R
Media found for: OeVreK2R  header:  video/mp4
mediaId: 4Itd9ppU
Media found for: 4Itd9ppU  header:  video/mp4
mediaId: lPCehtdq
Media found for: lPCehtdq  header:  video/mp4
mediaId: 3bac3y3F
Media found for: 3bac3y3F  header:  video/mp4
mediaId: Y0uV6BoN
Media found for: Y0uV6BoN  header:  video/mp4
mediaId: B8OytW6O
Media found for: B8OytW6O  header:  video/mp4
mediaId: ds3ymefr
Media found for: ds3ymefr  header:  video/mp4
mediaId: ScPrE25b
Media found for: ScPrE25b  header:  video/mp4
mediaId: cjmGnLjO
Media found for: cjmGnLjO  header:  video/mp4
mediaId: VqYU8MEb
Media found for: VqYU8MEb  header:  video/mp4
mediaId: CzVf7Yn6
Media found for: CzVf7Yn6  header:  video/mp4
mediaId: Hax3EHi4
Media found for: Hax3EHi4  header:  video/mp4
mediaId: quyDmcRx
Media found for: quyDmcRx  header:  video/mp4
mediaId: RTf39XMy
Media found for: RTf39XMy  header:  video/mp4
mediaId: M70z9Gcv
Media found for: M70z9Gcv  header:  video/mp4
mediaId: ZSltGL8j
Media found for: ZSltGL8j  header:  video/mp4
mediaId: vpnZLIMk
Media found for: vpnZLIMk  header:  video/mp4
mediaId: QkmNzhul
Media found for: QkmNzhul  header:  video/mp4
mediaId: iAIdaSQM
Media found for: iAIdaSQM  header:  video/mp4
mediaId: ZxfPNKJt
Media found for: ZxfPNKJt  header:  video/mp4
mediaId: wLQ7eipW
Media found for: wLQ7eipW  header:  video/mp4
mediaId: qahTFk7a
Media found for: qahTFk7a  header:  video/mp4
mediaId: ZRLIsMBx
Media found for: ZRLIsMBx  header:  video/mp4
mediaId: z7LeOSy3
Media found for: z7LeOSy3  header:  video/mp4
siteId is: ct3h32mJ
mediaId: B1x2s1z9
Media found for: B1x2s1z9  header:  video/mp4
mediaId: 2wB9azqx
Media found for: 2wB9azqx  header:  video/mp4
mediaId: RXhncROW
Media found for: RXhncROW  header:  video/mp4
mediaId: ApjiLMRn
Media found for: ApjiLMRn  header:  video/mp4
mediaId: KV9C4Zhn
Media found for: KV9C4Zhn  header:  video/mp4
mediaId: GhaLBRIG
Media found for: GhaLBRIG  header:  video/mp4
mediaId: PdLfR9zQ
Media found for: PdLfR9zQ  header:  video/mp4
mediaId: yj5CcgN6
Media found for: yj5CcgN6  header:  video/mp4
mediaId: OLHS1wLm
Media found for: OLHS1wLm  header:  video/mp4
mediaId: d4b21plI
Media found for: d4b21plI  header:  video/mp4
siteId is: lMcJkJek
mediaId: jQvJhV1Z
Media found for: jQvJhV1Z  header:  video/mp4
mediaId: I6X4jQjW
Media found for: I6X4jQjW  header:  video/mp4
mediaId: bObNe5E2
Media found for: bObNe5E2  header:  video/mp4
mediaId: kWwyeKAZ
Media found for: kWwyeKAZ  header:  video/mp4
mediaId: tbxNV6sH
Media found for: tbxNV6sH  header:  video/mp4
mediaId: 4RtfA2HL
Media found for: 4RtfA2HL  header:  video/mp4
mediaId: xNAdQHV1
Media found for: xNAdQHV1  header:  video/mp4
mediaId: GgbVUoxC
Media found for: GgbVUoxC  header:  video/mp4
mediaId: Mgt1d2ju
Media found for: Mgt1d2ju  header:  video/mp4
mediaId: I1pTHzU2
Media found for: I1pTHzU2  header:  video/mp4
siteId is: NPYshimq
mediaId: mj0650wj
Media found for: mj0650wj  header:  video/mp4
mediaId: fhmDjb8h
Media found for: fhmDjb8h  header:  video/mp4
mediaId: 1bhdkRsP
Media found for: 1bhdkRsP  header:  video/mp4
mediaId: aS97btkS
Media found for: aS97btkS  header:  video/mp4
mediaId: Y2ANSmkl
Media found for: Y2ANSmkl  header:  video/mp4
mediaId: QW3etTsp
Media found for: QW3etTsp  header:  video/mp4
mediaId: oNa2SuJM
Media found for: oNa2SuJM  header:  video/mp4
mediaId: QrHO997N
Media found for: QrHO997N  header:  video/mp4
mediaId: PpQIEeQe
Media found for: PpQIEeQe  header:  video/mp4
mediaId: rLicwBAT
Media found for: rLicwBAT  header:  video/mp4
mediaId: w9jj5kv1
Media found for: w9jj5kv1  header:  video/mp4
mediaId: rJz9g1bD
Media found for: rJz9g1bD  header:  video/mp4
mediaId: bQyydIbM
Media found for: bQyydIbM  header:  video/mp4
mediaId: XVMh9iR1
Media found for: XVMh9iR1  header:  video/mp4
mediaId: GUdA65Xn
Media found for: GUdA65Xn  header:  video/mp4
mediaId: vwxs5Gto
Media found for: vwxs5Gto  header:  video/mp4
mediaId: FPPj2WlI
Media found for: FPPj2WlI  header:  video/mp4
mediaId: kKnXBoLj
Media found for: kKnXBoLj  header:  video/mp4
mediaId: xzOkwwnY
Media found for: xzOkwwnY  header:  video/mp4
mediaId: YjEeo42G
Media found for: YjEeo42G  header:  video/mp4
mediaId: ksKJdRAo
Media found for: ksKJdRAo  header:  video/mp4
mediaId: NgdQu0aX
Media found for: NgdQu0aX  header:  video/mp4
mediaId: AK5PuRzW
Media found for: AK5PuRzW  header:  video/mp4
mediaId: hq7S9Tkq
Media found for: hq7S9Tkq  header:  video/mp4
mediaId: awm0qgEb
Media found for: awm0qgEb  header:  video/mp4
mediaId: x4fFlrlb
Media found for: x4fFlrlb  header:  video/mp4
mediaId: q4kYwb9F
Media found for: q4kYwb9F  header:  video/mp4
mediaId: lqt6LDU8
Media found for: lqt6LDU8  header:  video/mp4
mediaId: zIHz2sYY
Media found for: zIHz2sYY  header:  video/mp4
mediaId: WCxuQq75
Media found for: WCxuQq75  header:  video/mp4
mediaId: 9eTWXV8y
Media found for: 9eTWXV8y  header:  video/mp4
mediaId: rpGorbf5
Media found for: rpGorbf5  header:  video/mp4
mediaId: vmcCeFts
Media found for: vmcCeFts  header:  video/mp4
mediaId: oYw0C5ER
Media found for: oYw0C5ER  header:  video/mp4
mediaId: XU1c8z5Y
Media found for: XU1c8z5Y  header:  video/mp4
mediaId: hFZZyqrp
Media found for: hFZZyqrp  header:  video/mp4
mediaId: Z84VzzFq
Media found for: Z84VzzFq  header:  video/mp4
mediaId: 2ZZJZykT
Media found for: 2ZZJZykT  header:  video/mp4
mediaId: aS97btkS
Media found for: aS97btkS  header:  video/mp4
mediaId: 1fzxSXDL
Media found for: 1fzxSXDL  header:  video/mp4
mediaId: Y2ANSmkl
Media found for: Y2ANSmkl  header:  video/mp4
mediaId: PHWWIawE
Media found for: PHWWIawE  header:  video/mp4
mediaId: B3m8V3kk
Media found for: B3m8V3kk  header:  video/mp4
mediaId: PpQIEeQe
Media found for: PpQIEeQe  header:  video/mp4
mediaId: QrHO997N
Media found for: QrHO997N  header:  video/mp4
mediaId: Ni2Klzrc
Media found for: Ni2Klzrc  header:  video/mp4
mediaId: 1bhdkRsP
Media found for: 1bhdkRsP  header:  video/mp4
mediaId: h8iHr9i6
Media found for: h8iHr9i6  header:  video/mp4
mediaId: alBci7lJ
Media found for: alBci7lJ  header:  video/mp4
mediaId: ejgFTx7D
Media found for: ejgFTx7D  header:  video/mp4
mediaId: ZhRtadbD
Media found for: ZhRtadbD  header:  video/mp4
mediaId: ykTodjCl
Media found for: ykTodjCl  header:  video/mp4
mediaId: 4lAsLxi4
Media found for: 4lAsLxi4  header:  video/mp4
mediaId: vxdIRDOl
Media found for: vxdIRDOl  header:  video/mp4
mediaId: SzVUQgqx
Media found for: SzVUQgqx  header:  video/mp4
mediaId: 0Jrhq0zj
Media found for: 0Jrhq0zj  header:  video/mp4
mediaId: fhmDjb8h
Media found for: fhmDjb8h  header:  video/mp4
mediaId: IZvyBz1Y
Media found for: IZvyBz1Y  header:  video/mp4
mediaId: oNa2SuJM
Media found for: oNa2SuJM  header:  video/mp4
mediaId: iJo7hzVS
Media found for: iJo7hzVS  header:  video/mp4
mediaId: rLicwBAT
Media found for: rLicwBAT  header:  video/mp4
mediaId: 3iau34GX
Media found for: 3iau34GX  header:  video/mp4
mediaId: eJNI9aEg
Media found for: eJNI9aEg  header:  video/mp4
mediaId: hBapiyvl
Media found for: hBapiyvl  header:  video/mp4
mediaId: mj0650wj
Media found for: mj0650wj  header:  video/mp4
mediaId: 0GVLG3DR
Media found for: 0GVLG3DR  header:  video/mp4
mediaId: 1Z1FuLrN
Media found for: 1Z1FuLrN  header:  video/mp4
mediaId: nZpaBeUO
Media found for: nZpaBeUO  header:  video/mp4
mediaId: FqMGBYV9
Media found for: FqMGBYV9  header:  video/mp4
mediaId: GorrHou3
Media found for: GorrHou3  header:  video/mp4
siteId is: a7WRo0m6
mediaId: L5elMCCT
Media found for: L5elMCCT  header:  video/mp4
mediaId: UniUBXe5
Media found for: UniUBXe5  header:  video/mp4
mediaId: ZPqvY7UL
Media found for: ZPqvY7UL  header:  video/mp4
mediaId: HBha3Pyb
Media found for: HBha3Pyb  header:  video/mp4
mediaId: clXP1OR9
Media found for: clXP1OR9  header:  video/mp4
mediaId: AcBF35HE
Media found for: AcBF35HE  header:  video/mp4
mediaId: pYY6Eywh
Media found for: pYY6Eywh  header:  video/mp4
mediaId: 0Pf99GPh
Media found for: 0Pf99GPh  header:  video/mp4
mediaId: aupQTFXB
Media found for: aupQTFXB  header:  video/mp4
mediaId: EqF2svY2
Media found for: EqF2svY2  header:  video/mp4
mediaId: L5elMCCT
Media found for: L5elMCCT  header:  video/mp4
mediaId: UniUBXe5
Media found for: UniUBXe5  header:  video/mp4
mediaId: ZPqvY7UL
Media found for: ZPqvY7UL  header:  video/mp4
mediaId: HBha3Pyb
Media found for: HBha3Pyb  header:  video/mp4
mediaId: clXP1OR9
Media found for: clXP1OR9  header:  video/mp4
mediaId: AcBF35HE
Media found for: AcBF35HE  header:  video/mp4
mediaId: pYY6Eywh
Media found for: pYY6Eywh  header:  video/mp4
mediaId: 0Pf99GPh
Media found for: 0Pf99GPh  header:  video/mp4
mediaId: aupQTFXB
Media found for: aupQTFXB  header:  video/mp4
mediaId: EqF2svY2
Media found for: EqF2svY2  header:  video/mp4
mediaId: L5elMCCT
Media found for: L5elMCCT  header:  video/mp4
mediaId: UniUBXe5
Media found for: UniUBXe5  header:  video/mp4
mediaId: ZPqvY7UL
Media found for: ZPqvY7UL  header:  video/mp4
mediaId: HBha3Pyb
Media found for: HBha3Pyb  header:  video/mp4
mediaId: clXP1OR9
Media found for: clXP1OR9  header:  video/mp4
mediaId: AcBF35HE
Media found for: AcBF35HE  header:  video/mp4
mediaId: pYY6Eywh
Media found for: pYY6Eywh  header:  video/mp4
mediaId: 0Pf99GPh
Media found for: 0Pf99GPh  header:  video/mp4
mediaId: aupQTFXB
Media found for: aupQTFXB  header:  video/mp4
mediaId: EqF2svY2
Media found for: EqF2svY2  header:  video/mp4
mediaId: XOCb1OwK
Media found for: XOCb1OwK  header:  video/mp4
mediaId: o7bslHGW
Media found for: o7bslHGW  header:  video/mp4
mediaId: HUx1PwTP
Media found for: HUx1PwTP  header:  video/mp4
mediaId: syKpTiNS
Media found for: syKpTiNS  header:  video/mp4
mediaId: saFgwmid
Media found for: saFgwmid  header:  video/mp4
mediaId: uw9tSEYT
Media found for: uw9tSEYT  header:  video/mp4
mediaId: 4DFiylGk
Media found for: 4DFiylGk  header:  video/mp4
mediaId: 1GHtQoZM
Media found for: 1GHtQoZM  header:  video/mp4
mediaId: 5uXYrR58
Media found for: 5uXYrR58  header:  video/mp4
mediaId: a1zYO857
Media found for: a1zYO857  header:  video/mp4
mediaId: OdiWNaYS
Media found for: OdiWNaYS  header:  video/mp4
mediaId: D93XLxyh
Media found for: D93XLxyh  header:  video/mp4
mediaId: ARkH1McH
Media found for: ARkH1McH  header:  video/mp4
mediaId: CrSxcoBU
Media found for: CrSxcoBU  header:  video/mp4
mediaId: C6fn1ICI
Media found for: C6fn1ICI  header:  video/mp4
mediaId: LePXDdFi
Media found for: LePXDdFi  header:  video/mp4
mediaId: lcg5shSe
Media found for: lcg5shSe  header:  video/mp4
mediaId: WFIw6eVI
Media found for: WFIw6eVI  header:  video/mp4
mediaId: jMnniT0N
Media found for: jMnniT0N  header:  video/mp4
mediaId: Euh2q19Y
Media found for: Euh2q19Y  header:  video/mp4
mediaId: HSECgcpU
Media found for: HSECgcpU  header:  video/mp4
mediaId: PneshwLF
Media found for: PneshwLF  header:  video/mp4
mediaId: MfQ5cDYh
Media found for: MfQ5cDYh  header:  video/mp4
mediaId: fcDWPeGu
Media found for: fcDWPeGu  header:  video/mp4
mediaId: BrlIX4JY
Media found for: BrlIX4JY  header:  video/mp4
mediaId: RLNylhtF
Media found for: RLNylhtF  header:  video/mp4
mediaId: pYuLWcVR
Media found for: pYuLWcVR  header:  video/mp4
mediaId: oBK8sr6S
Media found for: oBK8sr6S  header:  video/mp4
mediaId: 5cIP0Ow0
Media found for: 5cIP0Ow0  header:  video/mp4
mediaId: PEPsRlqf
Media found for: PEPsRlqf  header:  video/mp4
mediaId: JID1lBd1
Media found for: JID1lBd1  header:  video/mp4
mediaId: eJ2tUXxi
Media found for: eJ2tUXxi  header:  video/mp4
mediaId: j3jZteZ5
Media found for: j3jZteZ5  header:  video/mp4
mediaId: 6INiVmj8
Media found for: 6INiVmj8  header:  video/mp4
mediaId: 4GAL56Bv
Media found for: 4GAL56Bv  header:  video/mp4
mediaId: Rj9i3wX5
Media found for: Rj9i3wX5  header:  video/mp4
mediaId: n3sxlZ5C
Media found for: n3sxlZ5C  header:  video/mp4
mediaId: b8AUrmTG
Media found for: b8AUrmTG  header:  video/mp4
mediaId: jVL4SHQe
Media found for: jVL4SHQe  header:  video/mp4
mediaId: EZ9Lv8SF
Media found for: EZ9Lv8SF  header:  video/mp4
mediaId: RfhucXly
Media found for: RfhucXly  header:  video/mp4
mediaId: N7XtIxni
Media found for: N7XtIxni  header:  video/mp4
mediaId: r6hIlDuz
Media found for: r6hIlDuz  header:  video/mp4
mediaId: 8352tQ6U
Media found for: 8352tQ6U  header:  video/mp4
mediaId: 4BDzQywJ
Media found for: 4BDzQywJ  header:  video/mp4
mediaId: U5TdN5Ma
Media found for: U5TdN5Ma  header:  video/mp4
mediaId: U6UnQFik
Media found for: U6UnQFik  header:  video/mp4
mediaId: Q0ED4TDC
Media found for: Q0ED4TDC  header:  video/mp4
mediaId: n4QQraW9
Media found for: n4QQraW9  header:  video/mp4
mediaId: WXmCAfGL
Media found for: WXmCAfGL  header:  video/mp4
mediaId: gZEKQLpR
Media found for: gZEKQLpR  header:  video/mp4
mediaId: eQK6COvv
Media found for: eQK6COvv  header:  video/mp4
mediaId: C3bYZ7XN
Media found for: C3bYZ7XN  header:  video/mp4
mediaId: DyulyeTv
Media found for: DyulyeTv  header:  video/mp4
mediaId: YHtB8ynr
Media found for: YHtB8ynr  header:  video/mp4
mediaId: lH1nvkig
Media found for: lH1nvkig  header:  video/mp4
mediaId: HKjqVuGr
Media found for: HKjqVuGr  header:  video/mp4
mediaId: xdfthCeN
Media found for: xdfthCeN  header:  video/mp4
mediaId: KdiLQwDy
Media found for: KdiLQwDy  header:  video/mp4
mediaId: Y7EfYltt
Media found for: Y7EfYltt  header:  video/mp4
mediaId: 211g6xXf
Media found for: 211g6xXf  header:  video/mp4
mediaId: CoK2UkuC
Media found for: CoK2UkuC  header:  video/mp4
mediaId: BnsKPG8O
Media found for: BnsKPG8O  header:  video/mp4
mediaId: zvqbN28S
Media found for: zvqbN28S  header:  video/mp4
mediaId: 8iPMqopC
Media found for: 8iPMqopC  header:  video/mp4
mediaId: xOa8p98Y
Media found for: xOa8p98Y  header:  video/mp4
mediaId: ZWbaWC0I
Media found for: ZWbaWC0I  header:  video/mp4
mediaId: b6Il9w0T
Media found for: b6Il9w0T  header:  video/mp4
mediaId: O7t6ogYR
Media found for: O7t6ogYR  header:  video/mp4
mediaId: DBf58Rpk
Media found for: DBf58Rpk  header:  video/mp4
mediaId: GDGw75db
Media found for: GDGw75db  header:  video/mp4
mediaId: NjxSRhbs
Media found for: NjxSRhbs  header:  video/mp4
mediaId: AOPRaFWY
Media found for: AOPRaFWY  header:  video/mp4
mediaId: Q0zmv9he
Media found for: Q0zmv9he  header:  video/mp4
mediaId: Hnbew9uM
Media found for: Hnbew9uM  header:  video/mp4
mediaId: WMyJPlBr
Media found for: WMyJPlBr  header:  video/mp4
mediaId: DgG0cbpg
Media found for: DgG0cbpg  header:  video/mp4
mediaId: usDLXzgB
Media found for: usDLXzgB  header:  video/mp4
mediaId: 9WXMQXby
Media found for: 9WXMQXby  header:  video/mp4
mediaId: GzZpIHks
Media found for: GzZpIHks  header:  video/mp4
mediaId: o1XREsYR
Media found for: o1XREsYR  header:  video/mp4
mediaId: TYrd0NHU
Media found for: TYrd0NHU  header:  video/mp4
mediaId: 8DuJoCKz
Media found for: 8DuJoCKz  header:  video/mp4
mediaId: wBUHYRWp
Media found for: wBUHYRWp  header:  video/mp4
mediaId: WSQrJDQQ
Media found for: WSQrJDQQ  header:  video/mp4
mediaId: MKUku38h
Media found for: MKUku38h  header:  video/mp4
mediaId: OeDK0dAE
Media found for: OeDK0dAE  header:  video/mp4
mediaId: 6Gl7JnhN
Media found for: 6Gl7JnhN  header:  video/mp4
mediaId: PTXVFY9m
Media found for: PTXVFY9m  header:  video/mp4
mediaId: vr0ZNAAN
Media found for: vr0ZNAAN  header:  video/mp4
mediaId: GlJWmxRX
Media found for: GlJWmxRX  header:  video/mp4
mediaId: bKzWHUBr
Media found for: bKzWHUBr  header:  video/mp4
mediaId: rv1sBB8v
Media found for: rv1sBB8v  header:  video/mp4
mediaId: AVo7IST5
Media found for: AVo7IST5  header:  video/mp4
mediaId: BriijyXb
Media found for: BriijyXb  header:  video/mp4
mediaId: M7cyzHBl
Media found for: M7cyzHBl  header:  video/mp4
mediaId: OvsP1Tfu
Media found for: OvsP1Tfu  header:  video/mp4
mediaId: Kc5qAPKp
Media found for: Kc5qAPKp  header:  video/mp4
mediaId: 5Jdft3dS
Media found for: 5Jdft3dS  header:  video/mp4
mediaId: dS8yD3Ly
Media found for: dS8yD3Ly  header:  video/mp4
mediaId: WO9YJAzj
Media found for: WO9YJAzj  header:  video/mp4
mediaId: QlCVQmPt
Media found for: QlCVQmPt  header:  video/mp4
mediaId: o0iYAR3l
Media found for: o0iYAR3l  header:  video/mp4
mediaId: 1pF241BF
Media found for: 1pF241BF  header:  video/mp4
mediaId: RgR1B1jY
Media found for: RgR1B1jY  header:  video/mp4
mediaId: lucgFQS3
Media found for: lucgFQS3  header:  video/mp4
mediaId: C8HLneiD
Media found for: C8HLneiD  header:  video/mp4
mediaId: wqnR7JUN
Media found for: wqnR7JUN  header:  video/mp4
mediaId: 4TYLwP44
Media found for: 4TYLwP44  header:  video/mp4
mediaId: zULr66Qp
Media found for: zULr66Qp  header:  video/mp4
mediaId: z237BHBX
Media found for: z237BHBX  header:  video/mp4
mediaId: UC1khWg1
Media found for: UC1khWg1  header:  video/mp4
mediaId: 1BtQgQhj
Media found for: 1BtQgQhj  header:  video/mp4
mediaId: ru6mmlH2
Media found for: ru6mmlH2  header:  video/mp4
mediaId: hxeWR738
Media found for: hxeWR738  header:  video/mp4
mediaId: neHD03ja
Media found for: neHD03ja  header:  video/mp4
mediaId: Zl61wrS1
Media found for: Zl61wrS1  header:  video/mp4
mediaId: EAO7lZpE
Media found for: EAO7lZpE  header:  video/mp4
mediaId: AG50RaDn
Media found for: AG50RaDn  header:  video/mp4
mediaId: KA6iApBy
Media found for: KA6iApBy  header:  video/mp4
mediaId: liR5Xipg
Media found for: liR5Xipg  header:  video/mp4
mediaId: GZ2YCHYo
Media found for: GZ2YCHYo  header:  video/mp4
mediaId: HghIEopc
Media found for: HghIEopc  header:  video/mp4
mediaId: tuJRxrhi
Media found for: tuJRxrhi  header:  video/mp4
mediaId: VZH7fzCy
Media found for: VZH7fzCy  header:  video/mp4
mediaId: veUFtdnI
Media found for: veUFtdnI  header:  video/mp4
mediaId: wdb8Y9aJ
Media found for: wdb8Y9aJ  header:  video/mp4
mediaId: PIKIrJZr
Media found for: PIKIrJZr  header:  video/mp4
mediaId: zcaq4L46
Media found for: zcaq4L46  header:  video/mp4
mediaId: 81Th5KRo
Media found for: 81Th5KRo  header:  video/mp4
mediaId: pDDlOMlE
Media found for: pDDlOMlE  header:  video/mp4
mediaId: SWivk5y0
Media found for: SWivk5y0  header:  video/mp4
mediaId: isW5a3Ss
Media found for: isW5a3Ss  header:  video/mp4
mediaId: LG4bicmX
Media found for: LG4bicmX  header:  video/mp4
mediaId: tOFva2Y9
Media found for: tOFva2Y9  header:  video/mp4
mediaId: oZ6u4mEm
Media found for: oZ6u4mEm  header:  video/mp4
mediaId: 2t1cv5ik
Media found for: 2t1cv5ik  header:  video/mp4
mediaId: NHaDdrtZ
Media found for: NHaDdrtZ  header:  video/mp4
mediaId: ZuqnHkF1
Media found for: ZuqnHkF1  header:  video/mp4
mediaId: aNacHPrJ
Media found for: aNacHPrJ  header:  video/mp4
mediaId: E4DkoSkB
Media found for: E4DkoSkB  header:  video/mp4
mediaId: MZWff2sP
Media found for: MZWff2sP  header:  video/mp4
mediaId: IGj3h0zK
Media found for: IGj3h0zK  header:  video/mp4
mediaId: QfwNj49p
Media found for: QfwNj49p  header:  video/mp4
mediaId: cqrqTBTr
Media found for: cqrqTBTr  header:  video/mp4
mediaId: rn614owK
Media found for: rn614owK  header:  video/mp4
mediaId: YPGVd0bQ
Media found for: YPGVd0bQ  header:  video/mp4
mediaId: h74gS2Fw
Media found for: h74gS2Fw  header:  video/mp4
mediaId: NtFq9Qr3
Media found for: NtFq9Qr3  header:  video/mp4
mediaId: MDdXZmvH
Media found for: MDdXZmvH  header:  video/mp4
mediaId: YGyjpGfz
Media found for: YGyjpGfz  header:  video/mp4
mediaId: dJaBJlHR
Media found for: dJaBJlHR  header:  video/mp4
mediaId: iXRGtieA
Media found for: iXRGtieA  header:  video/mp4
mediaId: XDRjqKfQ
Media found for: XDRjqKfQ  header:  video/mp4
mediaId: YqEZYGc5
Media found for: YqEZYGc5  header:  video/mp4
mediaId: tMcnY3jA
Media found for: tMcnY3jA  header:  video/mp4
mediaId: h3f9x614
Media found for: h3f9x614  header:  video/mp4
mediaId: 3sEbI318
Media found for: 3sEbI318  header:  video/mp4
mediaId: sG7YiPir
Media found for: sG7YiPir  header:  video/mp4
mediaId: 6A1BdXDo
Media found for: 6A1BdXDo  header:  video/mp4
mediaId: HE2rFU9p
Media found for: HE2rFU9p  header:  video/mp4
mediaId: aJUnXr49
Media found for: aJUnXr49  header:  video/mp4
mediaId: gD5wudjz
Media found for: gD5wudjz  header:  video/mp4
mediaId: 8I3Bl6E2
Media found for: 8I3Bl6E2  header:  video/mp4
mediaId: wyHOYHti
Media found for: wyHOYHti  header:  video/mp4
mediaId: JiFU6tD9
Media found for: JiFU6tD9  header:  video/mp4
mediaId: yGR5CKWh
Media found for: yGR5CKWh  header:  video/mp4
mediaId: mJRbuqLG
Media found for: mJRbuqLG  header:  video/mp4
mediaId: fVOaGgIB
Media found for: fVOaGgIB  header:  video/mp4
mediaId: GAn63H12
Media found for: GAn63H12  header:  video/mp4
mediaId: 1BRh8rcZ
Media found for: 1BRh8rcZ  header:  video/mp4
mediaId: CRWZgZC3
Media found for: CRWZgZC3  header:  video/mp4
mediaId: 1G7XAkSi
Media found for: 1G7XAkSi  header:  video/mp4
mediaId: 9NQa8X3d
Media found for: 9NQa8X3d  header:  video/mp4
mediaId: pGun1RP1
Media found for: pGun1RP1  header:  video/mp4
mediaId: grIzJPyr
Media found for: grIzJPyr  header:  video/mp4
mediaId: Xr2kYXeU
Media found for: Xr2kYXeU  header:  video/mp4
mediaId: HnZn8miL
Media found for: HnZn8miL  header:  video/mp4
mediaId: QpiI4omJ
Media found for: QpiI4omJ  header:  video/mp4
mediaId: FoL9L5bi
Media found for: FoL9L5bi  header:  video/mp4
mediaId: f8KpDipp
Media found for: f8KpDipp  header:  video/mp4
mediaId: SBtPEFzG
Media found for: SBtPEFzG  header:  video/mp4
mediaId: C3mp1XZ1
Media found for: C3mp1XZ1  header:  video/mp4
mediaId: Drdk2KKI
Media found for: Drdk2KKI  header:  video/mp4
mediaId: bOTt6RGQ
Media found for: bOTt6RGQ  header:  video/mp4
mediaId: 5O57vXed
Media found for: 5O57vXed  header:  video/mp4
mediaId: VMgItfMq
Media found for: VMgItfMq  header:  video/mp4
mediaId: NfaCCQ4P
Media found for: NfaCCQ4P  header:  video/mp4
mediaId: Oe4LHvDo
Media found for: Oe4LHvDo  header:  video/mp4
mediaId: VO5JbtpX
Media found for: VO5JbtpX  header:  video/mp4
mediaId: nHCPDwJd
Media found for: nHCPDwJd  header:  video/mp4
mediaId: yJVEh2Co
Media found for: yJVEh2Co  header:  video/mp4
mediaId: XZ1ozkr7
Media found for: XZ1ozkr7  header:  video/mp4
mediaId: AE3CaCTt
Media found for: AE3CaCTt  header:  video/mp4
mediaId: YpPDy9uX
Media found for: YpPDy9uX  header:  video/mp4
mediaId: AplsfbqP
Media found for: AplsfbqP  header:  video/mp4
mediaId: EqpeExO5
Media found for: EqpeExO5  header:  video/mp4
mediaId: AH5TaOhd
Media found for: AH5TaOhd  header:  video/mp4
mediaId: gKbMbARj
Media found for: gKbMbARj  header:  video/mp4
mediaId: 9WNBqhFq
Media found for: 9WNBqhFq  header:  video/mp4
mediaId: NIMphMKl
Media found for: NIMphMKl  header:  video/mp4
mediaId: U5vlI0q9
Media found for: U5vlI0q9  header:  video/mp4
mediaId: aOLedRIk
Media found for: aOLedRIk  header:  video/mp4
mediaId: 2owzGxdo
Media found for: 2owzGxdo  header:  video/mp4
mediaId: xzhtTI5n
Media found for: xzhtTI5n  header:  video/mp4
mediaId: XZNOOCCl
Media found for: XZNOOCCl  header:  video/mp4
mediaId: hfT3Uxp2
Media found for: hfT3Uxp2  header:  video/mp4
mediaId: jhEFF4tF
Media found for: jhEFF4tF  header:  video/mp4
mediaId: 3T80W66u
Media found for: 3T80W66u  header:  video/mp4
mediaId: mVas03gU
Media found for: mVas03gU  header:  video/mp4
mediaId: KoOMIEQS
Media found for: KoOMIEQS  header:  video/mp4
mediaId: qWwrwOku
Media found for: qWwrwOku  header:  video/mp4
mediaId: fSxjEAsz
Media NOT FOUND FOR ID: fSxjEAsz
url: https://cdn.jwplayer.com/v2/sites/a7WRo0m6/media/fSxjEAsz/playback.json?token=eyJhbGciOiJIUzI1NiIsInR5cCI6IkpXVCJ9.eyJyZXNvdXJjZSI6Ii92Mi9zaXRlcy9hN1dSbzBtNi9tZWRpYS9mU3hqRUFzei9wbGF5YmFjay5qc29uIiwiZXhwIjoxNzc0NjQwNzAwfQ.pVBrjkfz6dEhu1LSxR05yguNekxQIFUVcTeL7YYF2Lg
videoUrl:: https://videos-cloudfront.jwpsrv.com/69c77914_63bf6888fec1921e590d58f2f9ea3813a1ecf0ce/content/conversions/a7WRo0m6/videos/fSxjEAsz-26910841.mp4
imageUrl:: https://assets-jpcust.jwpsrv.com/thumbnails/e3bqjhxx-1920.jpg
notFoundMediaUrls: [
  {
    id: 'fSxjEAsz',
    videoUrl: 'https://videos-cloudfront.jwpsrv.com/69c77914_63bf6888fec1921e590d58f2f9ea3813a1ecf0ce/content/conversions/a7WRo0m6/videos/fSxjEAsz-26910841.mp4'
  },
  {
    id: 'fSxjEAsz',
    imageUrl: 'https://assets-jpcust.jwpsrv.com/thumbnails/e3bqjhxx-1920.jpg'
  }
]
mediaId: CxeOaCeL
Media found for: CxeOaCeL  header:  video/mp4
mediaId: P39JNcRm
Media found for: P39JNcRm  header:  video/mp4
mediaId: 2hdAVMmR
Media found for: 2hdAVMmR  header:  video/mp4
mediaId: WUuJvd7D
Media NOT FOUND FOR ID: WUuJvd7D
url: https://cdn.jwplayer.com/v2/sites/a7WRo0m6/media/WUuJvd7D/playback.json?token=eyJhbGciOiJIUzI1NiIsInR5cCI6IkpXVCJ9.eyJyZXNvdXJjZSI6Ii92Mi9zaXRlcy9hN1dSbzBtNi9tZWRpYS9XVXVKdmQ3RC9wbGF5YmFjay5qc29uIiwiZXhwIjoxNzc0NjQwNzAwfQ.zcbBetwM-rxR5c1CVG20V_-YdwZab6W_6OoqHnj2bCY
videoUrl:: https://videos-cloudfront.jwpsrv.com/69c778a3_1d82a9c040e96c6c537e7f7efec01b102ba6c28c/content/conversions/a7WRo0m6/videos/WUuJvd7D-26910841.mp4
imageUrl:: https://assets-jpcust.jwpsrv.com/thumbnails/l1wat7uu-1920.jpg
notFoundMediaUrls: [
  {
    id: 'WUuJvd7D',
    videoUrl: 'https://videos-cloudfront.jwpsrv.com/69c778a3_1d82a9c040e96c6c537e7f7efec01b102ba6c28c/content/conversions/a7WRo0m6/videos/WUuJvd7D-26910841.mp4'
  },
  {
    id: 'WUuJvd7D',
    imageUrl: 'https://assets-jpcust.jwpsrv.com/thumbnails/l1wat7uu-1920.jpg'
  }
]
mediaId: nRBufDDm
Media NOT FOUND FOR ID: nRBufDDm
url: https://cdn.jwplayer.com/v2/sites/a7WRo0m6/media/nRBufDDm/playback.json?token=eyJhbGciOiJIUzI1NiIsInR5cCI6IkpXVCJ9.eyJyZXNvdXJjZSI6Ii92Mi9zaXRlcy9hN1dSbzBtNi9tZWRpYS9uUkJ1ZkREbS9wbGF5YmFjay5qc29uIiwiZXhwIjoxNzc0NjQwNzAwfQ.NJCVXqxJYo-R542ET2jyBRSmzmx0zqN6hY9VS0HncM4
videoUrl:: https://videos-cloudfront.jwpsrv.com/69c77883_fe3d32d865aaa9fcdaf5e7416c9263f997df8cf6/content/conversions/a7WRo0m6/videos/nRBufDDm-26910841.mp4
imageUrl:: https://assets-jpcust.jwpsrv.com/thumbnails/6izq41ep-1920.jpg
notFoundMediaUrls: [
  {
    id: 'nRBufDDm',
    videoUrl: 'https://videos-cloudfront.jwpsrv.com/69c77883_fe3d32d865aaa9fcdaf5e7416c9263f997df8cf6/content/conversions/a7WRo0m6/videos/nRBufDDm-26910841.mp4'
  },
  {
    id: 'nRBufDDm',
    imageUrl: 'https://assets-jpcust.jwpsrv.com/thumbnails/6izq41ep-1920.jpg'
  }
]
mediaId: o6u2Cpvf
Media NOT FOUND FOR ID: o6u2Cpvf
url: https://cdn.jwplayer.com/v2/sites/a7WRo0m6/media/o6u2Cpvf/playback.json?token=eyJhbGciOiJIUzI1NiIsInR5cCI6IkpXVCJ9.eyJyZXNvdXJjZSI6Ii92Mi9zaXRlcy9hN1dSbzBtNi9tZWRpYS9vNnUyQ3B2Zi9wbGF5YmFjay5qc29uIiwiZXhwIjoxNzc0NjQwNzAwfQ.oL1V7fyVTJy68ALkJDroURrpUhbFySWAciyMIv11d0Q
videoUrl:: https://videos-cloudfront.jwpsrv.com/69c778ed_85d629573a89f651dd64d88514c1796820a855f5/content/conversions/a7WRo0m6/videos/o6u2Cpvf-26910841.mp4
imageUrl:: https://assets-jpcust.jwpsrv.com/thumbnails/k8xsf1yt-1920.jpg
notFoundMediaUrls: [
  {
    id: 'o6u2Cpvf',
    videoUrl: 'https://videos-cloudfront.jwpsrv.com/69c778ed_85d629573a89f651dd64d88514c1796820a855f5/content/conversions/a7WRo0m6/videos/o6u2Cpvf-26910841.mp4'
  },
  {
    id: 'o6u2Cpvf',
    imageUrl: 'https://assets-jpcust.jwpsrv.com/thumbnails/k8xsf1yt-1920.jpg'
  }
]
mediaId: xezNURC5
Media NOT FOUND FOR ID: xezNURC5
url: https://cdn.jwplayer.com/v2/sites/a7WRo0m6/media/xezNURC5/playback.json?token=eyJhbGciOiJIUzI1NiIsInR5cCI6IkpXVCJ9.eyJyZXNvdXJjZSI6Ii92Mi9zaXRlcy9hN1dSbzBtNi9tZWRpYS94ZXpOVVJDNS9wbGF5YmFjay5qc29uIiwiZXhwIjoxNzc0NjQwNzAwfQ.9o_QfUDB2tvZDcytuqVNm6X91JKgJKxHY3K63ODNdJ8
videoUrl:: https://videos-cloudfront.jwpsrv.com/69c7796d_a206a80c4e7b2d200b248214ffd698f0d8a744c4/content/conversions/a7WRo0m6/videos/xezNURC5-26910841.mp4
imageUrl:: https://assets-jpcust.jwpsrv.com/thumbnails/i8s2vmrf-1920.jpg
notFoundMediaUrls: [
  {
    id: 'xezNURC5',
    videoUrl: 'https://videos-cloudfront.jwpsrv.com/69c7796d_a206a80c4e7b2d200b248214ffd698f0d8a744c4/content/conversions/a7WRo0m6/videos/xezNURC5-26910841.mp4'
  },
  {
    id: 'xezNURC5',
    imageUrl: 'https://assets-jpcust.jwpsrv.com/thumbnails/i8s2vmrf-1920.jpg'
  }
]
mediaId: YKVQv3Pv
Media NOT FOUND FOR ID: YKVQv3Pv
url: https://cdn.jwplayer.com/v2/sites/a7WRo0m6/media/YKVQv3Pv/playback.json?token=eyJhbGciOiJIUzI1NiIsInR5cCI6IkpXVCJ9.eyJyZXNvdXJjZSI6Ii92Mi9zaXRlcy9hN1dSbzBtNi9tZWRpYS9ZS1ZRdjNQdi9wbGF5YmFjay5qc29uIiwiZXhwIjoxNzc0NjQwNzAwfQ.jVtnrNjT3fVg1PFWQ4Vi-CEMH8E-xI75RPFUh8gFeTo
videoUrl:: https://videos-cloudfront.jwpsrv.com/69c7788b_70f60ad67add1a0845013e882bca4a25762c957b/content/conversions/a7WRo0m6/videos/YKVQv3Pv-26910841.mp4
imageUrl:: https://assets-jpcust.jwpsrv.com/thumbnails/ljan5q09-1920.jpg
notFoundMediaUrls: [
  {
    id: 'YKVQv3Pv',
    videoUrl: 'https://videos-cloudfront.jwpsrv.com/69c7788b_70f60ad67add1a0845013e882bca4a25762c957b/content/conversions/a7WRo0m6/videos/YKVQv3Pv-26910841.mp4'
  },
  {
    id: 'YKVQv3Pv',
    imageUrl: 'https://assets-jpcust.jwpsrv.com/thumbnails/ljan5q09-1920.jpg'
  }
]
mediaId: uFk3x39h
Media NOT FOUND FOR ID: uFk3x39h
url: https://cdn.jwplayer.com/v2/sites/a7WRo0m6/media/uFk3x39h/playback.json?token=eyJhbGciOiJIUzI1NiIsInR5cCI6IkpXVCJ9.eyJyZXNvdXJjZSI6Ii92Mi9zaXRlcy9hN1dSbzBtNi9tZWRpYS91RmszeDM5aC9wbGF5YmFjay5qc29uIiwiZXhwIjoxNzc0NjQwNzAwfQ.mZNZKnMA4awWkAswAFQyCHRqQHCb35gV8jzyQLkBfCQ
videoUrl:: https://videos-cloudfront.jwpsrv.com/69c7795e_2e92133fd6bccbf669616d9f7587fca9186f0fd8/content/conversions/a7WRo0m6/videos/uFk3x39h-26910841.mp4
imageUrl:: https://assets-jpcust.jwpsrv.com/thumbnails/r9c0gmy0-1920.jpg
notFoundMediaUrls: [
  {
    id: 'uFk3x39h',
    videoUrl: 'https://videos-cloudfront.jwpsrv.com/69c7795e_2e92133fd6bccbf669616d9f7587fca9186f0fd8/content/conversions/a7WRo0m6/videos/uFk3x39h-26910841.mp4'
  },
  {
    id: 'uFk3x39h',
    imageUrl: 'https://assets-jpcust.jwpsrv.com/thumbnails/r9c0gmy0-1920.jpg'
  }
]
mediaId: 5BVYnLyH
Media NOT FOUND FOR ID: 5BVYnLyH
url: https://cdn.jwplayer.com/v2/sites/a7WRo0m6/media/5BVYnLyH/playback.json?token=eyJhbGciOiJIUzI1NiIsInR5cCI6IkpXVCJ9.eyJyZXNvdXJjZSI6Ii92Mi9zaXRlcy9hN1dSbzBtNi9tZWRpYS81QlZZbkx5SC9wbGF5YmFjay5qc29uIiwiZXhwIjoxNzc0NjQwNzAwfQ.GwI-MHWLxpkjXr9VjGY_m871PoxSHF-eOEzj1lZ2KH4
videoUrl:: https://videos-cloudfront.jwpsrv.com/69c7791f_d8b80468ff0a28406fbc19853eb2f564c8348a21/content/conversions/a7WRo0m6/videos/5BVYnLyH-26910841.mp4
imageUrl:: https://assets-jpcust.jwpsrv.com/thumbnails/af3masjf-1920.jpg
notFoundMediaUrls: [
  {
    id: '5BVYnLyH',
    videoUrl: 'https://videos-cloudfront.jwpsrv.com/69c7791f_d8b80468ff0a28406fbc19853eb2f564c8348a21/content/conversions/a7WRo0m6/videos/5BVYnLyH-26910841.mp4'
  },
  {
    id: '5BVYnLyH',
    imageUrl: 'https://assets-jpcust.jwpsrv.com/thumbnails/af3masjf-1920.jpg'
  }
]
mediaId: WPDaKPEL
Media NOT FOUND FOR ID: WPDaKPEL
url: https://cdn.jwplayer.com/v2/sites/a7WRo0m6/media/WPDaKPEL/playback.json?token=eyJhbGciOiJIUzI1NiIsInR5cCI6IkpXVCJ9.eyJyZXNvdXJjZSI6Ii92Mi9zaXRlcy9hN1dSbzBtNi9tZWRpYS9XUERhS1BFTC9wbGF5YmFjay5qc29uIiwiZXhwIjoxNzc0NjQwNzAwfQ.zdR0KpFqAlRKfNBHVRZLqJmkY4_msVT5Szc62HrrBmY
videoUrl:: https://videos-cloudfront.jwpsrv.com/69c7786d_c63d59347d4baff536b7c254fb1b4df70451cd4e/content/conversions/a7WRo0m6/videos/WPDaKPEL-26910841.mp4
imageUrl:: https://assets-jpcust.jwpsrv.com/thumbnails/e15ew9af-1920.jpg
notFoundMediaUrls: [
  {
    id: 'WPDaKPEL',
    videoUrl: 'https://videos-cloudfront.jwpsrv.com/69c7786d_c63d59347d4baff536b7c254fb1b4df70451cd4e/content/conversions/a7WRo0m6/videos/WPDaKPEL-26910841.mp4'
  },
  {
    id: 'WPDaKPEL',
    imageUrl: 'https://assets-jpcust.jwpsrv.com/thumbnails/e15ew9af-1920.jpg'
  }
]
mediaId: mE4QZcYr
Media NOT FOUND FOR ID: mE4QZcYr
url: https://cdn.jwplayer.com/v2/sites/a7WRo0m6/media/mE4QZcYr/playback.json?token=eyJhbGciOiJIUzI1NiIsInR5cCI6IkpXVCJ9.eyJyZXNvdXJjZSI6Ii92Mi9zaXRlcy9hN1dSbzBtNi9tZWRpYS9tRTRRWmNZci9wbGF5YmFjay5qc29uIiwiZXhwIjoxNzc0NjQwNzAwfQ.CEDX1Gr2KpAha5TOP_V8uk-fU8XesT21HeYSD-zAp14
videoUrl:: https://videos-cloudfront.jwpsrv.com/69c77927_3f1e952a3c0500c2e2114b560b132df6333ee8f0/content/conversions/a7WRo0m6/videos/mE4QZcYr-26910841.mp4
imageUrl:: https://assets-jpcust.jwpsrv.com/thumbnails/xt4n5gz6-1920.jpg
notFoundMediaUrls: [
  {
    id: 'mE4QZcYr',
    videoUrl: 'https://videos-cloudfront.jwpsrv.com/69c77927_3f1e952a3c0500c2e2114b560b132df6333ee8f0/content/conversions/a7WRo0m6/videos/mE4QZcYr-26910841.mp4'
  },
  {
    id: 'mE4QZcYr',
    imageUrl: 'https://assets-jpcust.jwpsrv.com/thumbnails/xt4n5gz6-1920.jpg'
  }
]
mediaId: 2SABsZTA
Media NOT FOUND FOR ID: 2SABsZTA
url: https://cdn.jwplayer.com/v2/sites/a7WRo0m6/media/2SABsZTA/playback.json?token=eyJhbGciOiJIUzI1NiIsInR5cCI6IkpXVCJ9.eyJyZXNvdXJjZSI6Ii92Mi9zaXRlcy9hN1dSbzBtNi9tZWRpYS8yU0FCc1pUQS9wbGF5YmFjay5qc29uIiwiZXhwIjoxNzc0NjQwNzAwfQ.BahWD9Mq1u_NkC2aQy6lpEChm1LS0yZiyl40EwSxJqI
videoUrl:: https://videos-cloudfront.jwpsrv.com/69c77889_90edfa2a539be5eb587fd309f21fcb25d0a1c8ed/content/conversions/a7WRo0m6/videos/2SABsZTA-26910841.mp4
imageUrl:: https://assets-jpcust.jwpsrv.com/thumbnails/7wbsl7zy-1920.jpg
notFoundMediaUrls: [
  {
    id: '2SABsZTA',
    videoUrl: 'https://videos-cloudfront.jwpsrv.com/69c77889_90edfa2a539be5eb587fd309f21fcb25d0a1c8ed/content/conversions/a7WRo0m6/videos/2SABsZTA-26910841.mp4'
  },
  {
    id: '2SABsZTA',
    imageUrl: 'https://assets-jpcust.jwpsrv.com/thumbnails/7wbsl7zy-1920.jpg'
  }
]
mediaId: Vgmf2YHg
Media NOT FOUND FOR ID: Vgmf2YHg
url: https://cdn.jwplayer.com/v2/sites/a7WRo0m6/media/Vgmf2YHg/playback.json?token=eyJhbGciOiJIUzI1NiIsInR5cCI6IkpXVCJ9.eyJyZXNvdXJjZSI6Ii92Mi9zaXRlcy9hN1dSbzBtNi9tZWRpYS9WZ21mMllIZy9wbGF5YmFjay5qc29uIiwiZXhwIjoxNzc0NjQwNzAwfQ.s8bLtF84zmhV94--X2QDFccqgTWrwbRZF6PDrlmFkPw
videoUrl:: https://videos-cloudfront.jwpsrv.com/69c778c4_ec4ce52495d81e09b0c1345ed7996eba819ccc93/content/conversions/a7WRo0m6/videos/Vgmf2YHg-26910841.mp4
imageUrl:: https://assets-jpcust.jwpsrv.com/thumbnails/zvqi7ib2-1920.jpg
notFoundMediaUrls: [
  {
    id: 'Vgmf2YHg',
    videoUrl: 'https://videos-cloudfront.jwpsrv.com/69c778c4_ec4ce52495d81e09b0c1345ed7996eba819ccc93/content/conversions/a7WRo0m6/videos/Vgmf2YHg-26910841.mp4'
  },
  {
    id: 'Vgmf2YHg',
    imageUrl: 'https://assets-jpcust.jwpsrv.com/thumbnails/zvqi7ib2-1920.jpg'
  }
]
mediaId: Uhuvyv5E
Media NOT FOUND FOR ID: Uhuvyv5E
url: https://cdn.jwplayer.com/v2/sites/a7WRo0m6/media/Uhuvyv5E/playback.json?token=eyJhbGciOiJIUzI1NiIsInR5cCI6IkpXVCJ9.eyJyZXNvdXJjZSI6Ii92Mi9zaXRlcy9hN1dSbzBtNi9tZWRpYS9VaHV2eXY1RS9wbGF5YmFjay5qc29uIiwiZXhwIjoxNzc0NjQwNzAwfQ.xhXxGHyu_k0kOVy1EwiXvf5sFNQXbvWBbmUfB7Qw2-Q
videoUrl:: https://videos-cloudfront.jwpsrv.com/69c77982_4377a185bcbfa743c25b7266da61a4aa4abe5da4/content/conversions/a7WRo0m6/videos/Uhuvyv5E-26910841.mp4
imageUrl:: https://assets-jpcust.jwpsrv.com/thumbnails/515bprqr-1920.jpg
notFoundMediaUrls: [
  {
    id: 'Uhuvyv5E',
    videoUrl: 'https://videos-cloudfront.jwpsrv.com/69c77982_4377a185bcbfa743c25b7266da61a4aa4abe5da4/content/conversions/a7WRo0m6/videos/Uhuvyv5E-26910841.mp4'
  },
  {
    id: 'Uhuvyv5E',
    imageUrl: 'https://assets-jpcust.jwpsrv.com/thumbnails/515bprqr-1920.jpg'
  }
]
mediaId: 5i6efR8I
Media NOT FOUND FOR ID: 5i6efR8I
url: https://cdn.jwplayer.com/v2/sites/a7WRo0m6/media/5i6efR8I/playback.json?token=eyJhbGciOiJIUzI1NiIsInR5cCI6IkpXVCJ9.eyJyZXNvdXJjZSI6Ii92Mi9zaXRlcy9hN1dSbzBtNi9tZWRpYS81aTZlZlI4SS9wbGF5YmFjay5qc29uIiwiZXhwIjoxNzc0NjQwNzAwfQ.cU8BENrK2wkz_mv362_VyXRMj-mCIrSrj_8MoVCTXks
videoUrl:: https://videos-cloudfront.jwpsrv.com/69c77917_eafdba23dda0fdc32b3e237c46b29eeb5c3facbd/content/conversions/a7WRo0m6/videos/5i6efR8I-26910841.mp4
imageUrl:: https://assets-jpcust.jwpsrv.com/thumbnails/dowern9g-1920.jpg
notFoundMediaUrls: [
  {
    id: '5i6efR8I',
    videoUrl: 'https://videos-cloudfront.jwpsrv.com/69c77917_eafdba23dda0fdc32b3e237c46b29eeb5c3facbd/content/conversions/a7WRo0m6/videos/5i6efR8I-26910841.mp4'
  },
  {
    id: '5i6efR8I',
    imageUrl: 'https://assets-jpcust.jwpsrv.com/thumbnails/dowern9g-1920.jpg'
  }
]
mediaId: j0V99Hgc
Media NOT FOUND FOR ID: j0V99Hgc
url: https://cdn.jwplayer.com/v2/sites/a7WRo0m6/media/j0V99Hgc/playback.json?token=eyJhbGciOiJIUzI1NiIsInR5cCI6IkpXVCJ9.eyJyZXNvdXJjZSI6Ii92Mi9zaXRlcy9hN1dSbzBtNi9tZWRpYS9qMFY5OUhnYy9wbGF5YmFjay5qc29uIiwiZXhwIjoxNzc0NjQwNzAwfQ.Dj_SIC9arcAffmB5wCGTxaGzoIApGgaq7rwskLK4sQQ
videoUrl:: https://videos-cloudfront.jwpsrv.com/69c77890_7ab3cab5710aeb1875626b009fbfbdaa8c4cf62b/content/conversions/a7WRo0m6/videos/j0V99Hgc-26910841.mp4
imageUrl:: https://assets-jpcust.jwpsrv.com/thumbnails/mcqhj256-1920.jpg
notFoundMediaUrls: [
  {
    id: 'j0V99Hgc',
    videoUrl: 'https://videos-cloudfront.jwpsrv.com/69c77890_7ab3cab5710aeb1875626b009fbfbdaa8c4cf62b/content/conversions/a7WRo0m6/videos/j0V99Hgc-26910841.mp4'
  },
  {
    id: 'j0V99Hgc',
    imageUrl: 'https://assets-jpcust.jwpsrv.com/thumbnails/mcqhj256-1920.jpg'
  }
]
mediaId: E5t96D6Z
Media NOT FOUND FOR ID: E5t96D6Z
url: https://cdn.jwplayer.com/v2/sites/a7WRo0m6/media/E5t96D6Z/playback.json?token=eyJhbGciOiJIUzI1NiIsInR5cCI6IkpXVCJ9.eyJyZXNvdXJjZSI6Ii92Mi9zaXRlcy9hN1dSbzBtNi9tZWRpYS9FNXQ5NkQ2Wi9wbGF5YmFjay5qc29uIiwiZXhwIjoxNzc0NjQwNzAwfQ.wa4CcWqmtN8RXRVN08Z_ULFj7tesadOPP8qAVGgmKT4
videoUrl:: https://videos-cloudfront.jwpsrv.com/69c7792c_f11ae9b2ec978ef50cb8ca290c3caab0c72c0a42/content/conversions/a7WRo0m6/videos/E5t96D6Z-26910841.mp4
imageUrl:: https://assets-jpcust.jwpsrv.com/thumbnails/msezxdhw-1920.jpg
notFoundMediaUrls: [
  {
    id: 'E5t96D6Z',
    videoUrl: 'https://videos-cloudfront.jwpsrv.com/69c7792c_f11ae9b2ec978ef50cb8ca290c3caab0c72c0a42/content/conversions/a7WRo0m6/videos/E5t96D6Z-26910841.mp4'
  },
  {
    id: 'E5t96D6Z',
    imageUrl: 'https://assets-jpcust.jwpsrv.com/thumbnails/msezxdhw-1920.jpg'
  }
]
mediaId: IoVzmMoR
Media NOT FOUND FOR ID: IoVzmMoR
url: https://cdn.jwplayer.com/v2/sites/a7WRo0m6/media/IoVzmMoR/playback.json?token=eyJhbGciOiJIUzI1NiIsInR5cCI6IkpXVCJ9.eyJyZXNvdXJjZSI6Ii92Mi9zaXRlcy9hN1dSbzBtNi9tZWRpYS9Jb1Z6bU1vUi9wbGF5YmFjay5qc29uIiwiZXhwIjoxNzc0NjQwNzAwfQ.t4zggx9VVT-VYd6F14xgV8djvZ_QKDMTjXIzwkXPLkE
videoUrl:: https://videos-cloudfront.jwpsrv.com/69c7787a_a2d38d57d6ec7c8bc580de5a90a75f74d6400858/content/conversions/a7WRo0m6/videos/IoVzmMoR-26910841.mp4
imageUrl:: https://assets-jpcust.jwpsrv.com/thumbnails/axmftr8r-1920.jpg
notFoundMediaUrls: [
  {
    id: 'IoVzmMoR',
    videoUrl: 'https://videos-cloudfront.jwpsrv.com/69c7787a_a2d38d57d6ec7c8bc580de5a90a75f74d6400858/content/conversions/a7WRo0m6/videos/IoVzmMoR-26910841.mp4'
  },
  {
    id: 'IoVzmMoR',
    imageUrl: 'https://assets-jpcust.jwpsrv.com/thumbnails/axmftr8r-1920.jpg'
  }
]
mediaId: ZGog3PCy
Media NOT FOUND FOR ID: ZGog3PCy
url: https://cdn.jwplayer.com/v2/sites/a7WRo0m6/media/ZGog3PCy/playback.json?token=eyJhbGciOiJIUzI1NiIsInR5cCI6IkpXVCJ9.eyJyZXNvdXJjZSI6Ii92Mi9zaXRlcy9hN1dSbzBtNi9tZWRpYS9aR29nM1BDeS9wbGF5YmFjay5qc29uIiwiZXhwIjoxNzc0NjQwNzAwfQ.aTb1BucV0cdoJ5DU5Mu3gH_6MqGSF7URez9oEBdEadg
videoUrl:: https://videos-cloudfront.jwpsrv.com/69c778c0_93e99f7d590f7754c98c822b983405a14dfafc51/content/conversions/a7WRo0m6/videos/ZGog3PCy-26910841.mp4
imageUrl:: https://assets-jpcust.jwpsrv.com/thumbnails/mmdrz7iw-1920.jpg
notFoundMediaUrls: [
  {
    id: 'ZGog3PCy',
    videoUrl: 'https://videos-cloudfront.jwpsrv.com/69c778c0_93e99f7d590f7754c98c822b983405a14dfafc51/content/conversions/a7WRo0m6/videos/ZGog3PCy-26910841.mp4'
  },
  {
    id: 'ZGog3PCy',
    imageUrl: 'https://assets-jpcust.jwpsrv.com/thumbnails/mmdrz7iw-1920.jpg'
  }
]
mediaId: gF1hN4hi
Media NOT FOUND FOR ID: gF1hN4hi
url: https://cdn.jwplayer.com/v2/sites/a7WRo0m6/media/gF1hN4hi/playback.json?token=eyJhbGciOiJIUzI1NiIsInR5cCI6IkpXVCJ9.eyJyZXNvdXJjZSI6Ii92Mi9zaXRlcy9hN1dSbzBtNi9tZWRpYS9nRjFoTjRoaS9wbGF5YmFjay5qc29uIiwiZXhwIjoxNzc0NjQwNzAwfQ.aGIWmtCwPwafZCMHgb36muwR4lPN6znQOuh4vplbZCo
videoUrl:: https://videos-cloudfront.jwpsrv.com/69c77947_e9dc78bc3c443b51a126ff426513be57d4b35839/content/conversions/a7WRo0m6/videos/gF1hN4hi-26910841.mp4
imageUrl:: https://assets-jpcust.jwpsrv.com/thumbnails/vxld1sda-1920.jpg
notFoundMediaUrls: [
  {
    id: 'gF1hN4hi',
    videoUrl: 'https://videos-cloudfront.jwpsrv.com/69c77947_e9dc78bc3c443b51a126ff426513be57d4b35839/content/conversions/a7WRo0m6/videos/gF1hN4hi-26910841.mp4'
  },
  {
    id: 'gF1hN4hi',
    imageUrl: 'https://assets-jpcust.jwpsrv.com/thumbnails/vxld1sda-1920.jpg'
  }
]
mediaId: K4faEuUm
Media NOT FOUND FOR ID: K4faEuUm
url: https://cdn.jwplayer.com/v2/sites/a7WRo0m6/media/K4faEuUm/playback.json?token=eyJhbGciOiJIUzI1NiIsInR5cCI6IkpXVCJ9.eyJyZXNvdXJjZSI6Ii92Mi9zaXRlcy9hN1dSbzBtNi9tZWRpYS9LNGZhRXVVbS9wbGF5YmFjay5qc29uIiwiZXhwIjoxNzc0NjQwNzAwfQ.1PrytL2QA70E4lF0h8j9ut3nvm7eHYOnZcPjHEVlXQY
videoUrl:: https://videos-cloudfront.jwpsrv.com/69c77943_6e90609b0654d03146b16d2d271ee2a56b92abff/content/conversions/a7WRo0m6/videos/K4faEuUm-26910841.mp4
imageUrl:: https://assets-jpcust.jwpsrv.com/thumbnails/1ktjniny-1920.jpg
notFoundMediaUrls: [
  {
    id: 'K4faEuUm',
    videoUrl: 'https://videos-cloudfront.jwpsrv.com/69c77943_6e90609b0654d03146b16d2d271ee2a56b92abff/content/conversions/a7WRo0m6/videos/K4faEuUm-26910841.mp4'
  },
  {
    id: 'K4faEuUm',
    imageUrl: 'https://assets-jpcust.jwpsrv.com/thumbnails/1ktjniny-1920.jpg'
  }
]
mediaId: nEItLUEa
Media NOT FOUND FOR ID: nEItLUEa
url: https://cdn.jwplayer.com/v2/sites/a7WRo0m6/media/nEItLUEa/playback.json?token=eyJhbGciOiJIUzI1NiIsInR5cCI6IkpXVCJ9.eyJyZXNvdXJjZSI6Ii92Mi9zaXRlcy9hN1dSbzBtNi9tZWRpYS9uRUl0TFVFYS9wbGF5YmFjay5qc29uIiwiZXhwIjoxNzc0NjQwNzAwfQ.YBjMt9nzchevjncLA-SrOHr3Lokw-XptS_8U2Ai-sXU
videoUrl:: https://videos-cloudfront.jwpsrv.com/69c77972_905ab0c4595b3ca9f04793b1b9b1eb0f9b06b285/content/conversions/a7WRo0m6/videos/nEItLUEa-26910841.mp4
imageUrl:: https://assets-jpcust.jwpsrv.com/thumbnails/g2njq3fe-1920.jpg
notFoundMediaUrls: [
  {
    id: 'nEItLUEa',
    videoUrl: 'https://videos-cloudfront.jwpsrv.com/69c77972_905ab0c4595b3ca9f04793b1b9b1eb0f9b06b285/content/conversions/a7WRo0m6/videos/nEItLUEa-26910841.mp4'
  },
  {
    id: 'nEItLUEa',
    imageUrl: 'https://assets-jpcust.jwpsrv.com/thumbnails/g2njq3fe-1920.jpg'
  }
]
mediaId: TRwXhgLB
Media NOT FOUND FOR ID: TRwXhgLB
url: https://cdn.jwplayer.com/v2/sites/a7WRo0m6/media/TRwXhgLB/playback.json?token=eyJhbGciOiJIUzI1NiIsInR5cCI6IkpXVCJ9.eyJyZXNvdXJjZSI6Ii92Mi9zaXRlcy9hN1dSbzBtNi9tZWRpYS9UUndYaGdMQi9wbGF5YmFjay5qc29uIiwiZXhwIjoxNzc0NjQwNzAwfQ.XmFVCbZ2bxC9LGvL4r6FizEy-qBOeIIC2erVzkYv2dk
videoUrl:: https://videos-cloudfront.jwpsrv.com/69c7796c_688ec11ed9c087236add97467a663718ed9f0bee/content/conversions/a7WRo0m6/videos/TRwXhgLB-26910841.mp4
imageUrl:: https://assets-jpcust.jwpsrv.com/thumbnails/h9clhvw2-1920.jpg
notFoundMediaUrls: [
  {
    id: 'TRwXhgLB',
    videoUrl: 'https://videos-cloudfront.jwpsrv.com/69c7796c_688ec11ed9c087236add97467a663718ed9f0bee/content/conversions/a7WRo0m6/videos/TRwXhgLB-26910841.mp4'
  },
  {
    id: 'TRwXhgLB',
    imageUrl: 'https://assets-jpcust.jwpsrv.com/thumbnails/h9clhvw2-1920.jpg'
  }
]
mediaId: X8zPtj1n
Media NOT FOUND FOR ID: X8zPtj1n
url: https://cdn.jwplayer.com/v2/sites/a7WRo0m6/media/X8zPtj1n/playback.json?token=eyJhbGciOiJIUzI1NiIsInR5cCI6IkpXVCJ9.eyJyZXNvdXJjZSI6Ii92Mi9zaXRlcy9hN1dSbzBtNi9tZWRpYS9YOHpQdGoxbi9wbGF5YmFjay5qc29uIiwiZXhwIjoxNzc0NjQwNzAwfQ.fF0m2WBc7PL5GGEUA1IsuXP7y3Vd9doRVw30WVlKyjQ
videoUrl:: https://videos-cloudfront.jwpsrv.com/69c77935_6cbb3a9b9f2539faaa9debe1b6e217fc6b0fb860/content/conversions/a7WRo0m6/videos/X8zPtj1n-26910841.mp4
imageUrl:: https://assets-jpcust.jwpsrv.com/thumbnails/bb1in92c-1920.jpg
notFoundMediaUrls: [
  {
    id: 'X8zPtj1n',
    videoUrl: 'https://videos-cloudfront.jwpsrv.com/69c77935_6cbb3a9b9f2539faaa9debe1b6e217fc6b0fb860/content/conversions/a7WRo0m6/videos/X8zPtj1n-26910841.mp4'
  },
  {
    id: 'X8zPtj1n',
    imageUrl: 'https://assets-jpcust.jwpsrv.com/thumbnails/bb1in92c-1920.jpg'
  }
]
mediaId: qeRvUWtK
Media NOT FOUND FOR ID: qeRvUWtK
url: https://cdn.jwplayer.com/v2/sites/a7WRo0m6/media/qeRvUWtK/playback.json?token=eyJhbGciOiJIUzI1NiIsInR5cCI6IkpXVCJ9.eyJyZXNvdXJjZSI6Ii92Mi9zaXRlcy9hN1dSbzBtNi9tZWRpYS9xZVJ2VVd0Sy9wbGF5YmFjay5qc29uIiwiZXhwIjoxNzc0NjQwNzAwfQ.-Coc0lcbfaNL8SI7ByDibBPHYqKVdzcTUJo9CqyrT8U
videoUrl:: https://videos-cloudfront.jwpsrv.com/69c77957_12211186ef0e744c5ddba614234363f83e0cf993/content/conversions/a7WRo0m6/videos/qeRvUWtK-26910841.mp4
imageUrl:: https://assets-jpcust.jwpsrv.com/thumbnails/nxzzv8s1-1920.jpg
notFoundMediaUrls: [
  {
    id: 'qeRvUWtK',
    videoUrl: 'https://videos-cloudfront.jwpsrv.com/69c77957_12211186ef0e744c5ddba614234363f83e0cf993/content/conversions/a7WRo0m6/videos/qeRvUWtK-26910841.mp4'
  },
  {
    id: 'qeRvUWtK',
    imageUrl: 'https://assets-jpcust.jwpsrv.com/thumbnails/nxzzv8s1-1920.jpg'
  }
]
mediaId: e9im94js
Media NOT FOUND FOR ID: e9im94js
url: https://cdn.jwplayer.com/v2/sites/a7WRo0m6/media/e9im94js/playback.json?token=eyJhbGciOiJIUzI1NiIsInR5cCI6IkpXVCJ9.eyJyZXNvdXJjZSI6Ii92Mi9zaXRlcy9hN1dSbzBtNi9tZWRpYS9lOWltOTRqcy9wbGF5YmFjay5qc29uIiwiZXhwIjoxNzc0NjQwNzAwfQ.vjV2NZRFuCrZ3SdpZu4QFNnKByPZjdPqEs6kuXLdfxg
videoUrl:: https://videos-cloudfront.jwpsrv.com/69c778a3_364bc128d323b0de614510ce7b61c17f40cc3a54/content/conversions/a7WRo0m6/videos/e9im94js-26910841.mp4
imageUrl:: https://assets-jpcust.jwpsrv.com/thumbnails/a78ejeh6-1920.jpg
notFoundMediaUrls: [
  {
    id: 'e9im94js',
    videoUrl: 'https://videos-cloudfront.jwpsrv.com/69c778a3_364bc128d323b0de614510ce7b61c17f40cc3a54/content/conversions/a7WRo0m6/videos/e9im94js-26910841.mp4'
  },
  {
    id: 'e9im94js',
    imageUrl: 'https://assets-jpcust.jwpsrv.com/thumbnails/a78ejeh6-1920.jpg'
  }
]
mediaId: lXnIZ6Q7
mediaId: e5zsVtTU
Media NOT FOUND FOR ID: e5zsVtTU
url: https://cdn.jwplayer.com/v2/sites/a7WRo0m6/media/e5zsVtTU/playback.json?token=eyJhbGciOiJIUzI1NiIsInR5cCI6IkpXVCJ9.eyJyZXNvdXJjZSI6Ii92Mi9zaXRlcy9hN1dSbzBtNi9tZWRpYS9lNXpzVnRUVS9wbGF5YmFjay5qc29uIiwiZXhwIjoxNzc0NjQwNzAwfQ.WwW08QfHWbCdJJgBnP2Wy-jnZmucd7I9H2Of17tphWs
videoUrl:: https://videos-cloudfront.jwpsrv.com/69c77993_e36f371b1364f322b6dd3a91ee660c07705f510f/content/conversions/a7WRo0m6/videos/e5zsVtTU-26910841.mp4
imageUrl:: https://assets-jpcust.jwpsrv.com/thumbnails/ez3egbdk-1920.jpg
notFoundMediaUrls: [
  {
    id: 'e5zsVtTU',
    videoUrl: 'https://videos-cloudfront.jwpsrv.com/69c77993_e36f371b1364f322b6dd3a91ee660c07705f510f/content/conversions/a7WRo0m6/videos/e5zsVtTU-26910841.mp4'
  },
  {
    id: 'e5zsVtTU',
    imageUrl: 'https://assets-jpcust.jwpsrv.com/thumbnails/ez3egbdk-1920.jpg'
  }
]
mediaId: r3oMdOo7
Media NOT FOUND FOR ID: r3oMdOo7
url: https://cdn.jwplayer.com/v2/sites/a7WRo0m6/media/r3oMdOo7/playback.json?token=eyJhbGciOiJIUzI1NiIsInR5cCI6IkpXVCJ9.eyJyZXNvdXJjZSI6Ii92Mi9zaXRlcy9hN1dSbzBtNi9tZWRpYS9yM29NZE9vNy9wbGF5YmFjay5qc29uIiwiZXhwIjoxNzc0NjQwNzAwfQ.bozZ1WTUIFSyxPK7Ctv5WiDP2lF9xi4hoIo8qZrYz1Q
videoUrl:: https://videos-cloudfront.jwpsrv.com/69c778e2_f793446203d3a6ba0718b27d85dcfe4aac845df7/content/conversions/a7WRo0m6/videos/r3oMdOo7-26910841.mp4
imageUrl:: https://assets-jpcust.jwpsrv.com/thumbnails/syco2h4q-1920.jpg
notFoundMediaUrls: [
  {
    id: 'r3oMdOo7',
    videoUrl: 'https://videos-cloudfront.jwpsrv.com/69c778e2_f793446203d3a6ba0718b27d85dcfe4aac845df7/content/conversions/a7WRo0m6/videos/r3oMdOo7-26910841.mp4'
  },
  {
    id: 'r3oMdOo7',
    imageUrl: 'https://assets-jpcust.jwpsrv.com/thumbnails/syco2h4q-1920.jpg'
  }
]
mediaId: 4Jvoumh7
Media NOT FOUND FOR ID: 4Jvoumh7
url: https://cdn.jwplayer.com/v2/sites/a7WRo0m6/media/4Jvoumh7/playback.json?token=eyJhbGciOiJIUzI1NiIsInR5cCI6IkpXVCJ9.eyJyZXNvdXJjZSI6Ii92Mi9zaXRlcy9hN1dSbzBtNi9tZWRpYS80SnZvdW1oNy9wbGF5YmFjay5qc29uIiwiZXhwIjoxNzc0NjQwNzAwfQ.s8toBHCSCC9Fc-72Ht0KIXkLXr1XY_7Bw-M9CqErSZE
videoUrl:: https://videos-cloudfront.jwpsrv.com/69c7794b_a7697d6acc6ebad3d2cc1fb1fd31d742e33a6211/content/conversions/a7WRo0m6/videos/4Jvoumh7-26910841.mp4
imageUrl:: https://assets-jpcust.jwpsrv.com/thumbnails/zmh5eey3-1920.jpg
notFoundMediaUrls: [
  {
    id: '4Jvoumh7',
    videoUrl: 'https://videos-cloudfront.jwpsrv.com/69c7794b_a7697d6acc6ebad3d2cc1fb1fd31d742e33a6211/content/conversions/a7WRo0m6/videos/4Jvoumh7-26910841.mp4'
  },
  {
    id: '4Jvoumh7',
    imageUrl: 'https://assets-jpcust.jwpsrv.com/thumbnails/zmh5eey3-1920.jpg'
  }
]
mediaId: OELwn2D7
Media NOT FOUND FOR ID: OELwn2D7
url: https://cdn.jwplayer.com/v2/sites/a7WRo0m6/media/OELwn2D7/playback.json?token=eyJhbGciOiJIUzI1NiIsInR5cCI6IkpXVCJ9.eyJyZXNvdXJjZSI6Ii92Mi9zaXRlcy9hN1dSbzBtNi9tZWRpYS9PRUx3bjJENy9wbGF5YmFjay5qc29uIiwiZXhwIjoxNzc0NjQwNzAwfQ.-PUGGvkhDnKRvYLs848bIPVWoCHLGIKfj9dHtaDOqB4
videoUrl:: https://videos-cloudfront.jwpsrv.com/69c779ad_a60a018c6fb600f1b04168d8c4130725fb846837/content/conversions/a7WRo0m6/videos/OELwn2D7-26910841.mp4
imageUrl:: https://assets-jpcust.jwpsrv.com/thumbnails/2ngd480n-1920.jpg
notFoundMediaUrls: [
  {
    id: 'OELwn2D7',
    videoUrl: 'https://videos-cloudfront.jwpsrv.com/69c779ad_a60a018c6fb600f1b04168d8c4130725fb846837/content/conversions/a7WRo0m6/videos/OELwn2D7-26910841.mp4'
  },
  {
    id: 'OELwn2D7',
    imageUrl: 'https://assets-jpcust.jwpsrv.com/thumbnails/2ngd480n-1920.jpg'
  }
]
mediaId: E79DUwDu
Media NOT FOUND FOR ID: E79DUwDu
url: https://cdn.jwplayer.com/v2/sites/a7WRo0m6/media/E79DUwDu/playback.json?token=eyJhbGciOiJIUzI1NiIsInR5cCI6IkpXVCJ9.eyJyZXNvdXJjZSI6Ii92Mi9zaXRlcy9hN1dSbzBtNi9tZWRpYS9FNzlEVXdEdS9wbGF5YmFjay5qc29uIiwiZXhwIjoxNzc0NjQwNzAwfQ.ypJV1sBJ4k3Av8Lyz0wCE3nLAUIesSc91Eyccd2Lqss
videoUrl:: https://videos-cloudfront.jwpsrv.com/69c779bb_a4c28b7b21f546bec98e6536eddf98c6a29dbbac/content/conversions/a7WRo0m6/videos/E79DUwDu-26910841.mp4
imageUrl:: https://assets-jpcust.jwpsrv.com/thumbnails/815a9ica-1920.jpg
notFoundMediaUrls: [
  {
    id: 'E79DUwDu',
    videoUrl: 'https://videos-cloudfront.jwpsrv.com/69c779bb_a4c28b7b21f546bec98e6536eddf98c6a29dbbac/content/conversions/a7WRo0m6/videos/E79DUwDu-26910841.mp4'
  },
  {
    id: 'E79DUwDu',
    imageUrl: 'https://assets-jpcust.jwpsrv.com/thumbnails/815a9ica-1920.jpg'
  }
]
mediaId: GQYodbfu
Media NOT FOUND FOR ID: GQYodbfu
url: https://cdn.jwplayer.com/v2/sites/a7WRo0m6/media/GQYodbfu/playback.json?token=eyJhbGciOiJIUzI1NiIsInR5cCI6IkpXVCJ9.eyJyZXNvdXJjZSI6Ii92Mi9zaXRlcy9hN1dSbzBtNi9tZWRpYS9HUVlvZGJmdS9wbGF5YmFjay5qc29uIiwiZXhwIjoxNzc0NjQwNzAwfQ.ipVT-2biUV0sxI4JsNwSsg2AKgVB7zxc-5TO8U2VmkA
videoUrl:: https://videos-cloudfront.jwpsrv.com/69c778e5_26891a506f5a0d41d4be0d5b408bc1749c6c4756/content/conversions/a7WRo0m6/videos/GQYodbfu-26910841.mp4
imageUrl:: https://assets-jpcust.jwpsrv.com/thumbnails/1hidh1rv-1920.jpg
notFoundMediaUrls: [
  {
    id: 'GQYodbfu',
    videoUrl: 'https://videos-cloudfront.jwpsrv.com/69c778e5_26891a506f5a0d41d4be0d5b408bc1749c6c4756/content/conversions/a7WRo0m6/videos/GQYodbfu-26910841.mp4'
  },
  {
    id: 'GQYodbfu',
    imageUrl: 'https://assets-jpcust.jwpsrv.com/thumbnails/1hidh1rv-1920.jpg'
  }
]
mediaId: vTU0CzIS
Media NOT FOUND FOR ID: vTU0CzIS
url: https://cdn.jwplayer.com/v2/sites/a7WRo0m6/media/vTU0CzIS/playback.json?token=eyJhbGciOiJIUzI1NiIsInR5cCI6IkpXVCJ9.eyJyZXNvdXJjZSI6Ii92Mi9zaXRlcy9hN1dSbzBtNi9tZWRpYS92VFUwQ3pJUy9wbGF5YmFjay5qc29uIiwiZXhwIjoxNzc0NjQwNzAwfQ.8Qs4dMbFj2Rm4qu16v9xzPAMM_QGiSUYWOsekqRhClA
videoUrl:: https://videos-cloudfront.jwpsrv.com/69c7794d_2e99fe9934c72b8a8fd1c9e56d7671fb5f10b659/content/conversions/a7WRo0m6/videos/vTU0CzIS-26910841.mp4
imageUrl:: https://assets-jpcust.jwpsrv.com/thumbnails/yg0jtbt4-1920.jpg
notFoundMediaUrls: [
  {
    id: 'vTU0CzIS',
    videoUrl: 'https://videos-cloudfront.jwpsrv.com/69c7794d_2e99fe9934c72b8a8fd1c9e56d7671fb5f10b659/content/conversions/a7WRo0m6/videos/vTU0CzIS-26910841.mp4'
  },
  {
    id: 'vTU0CzIS',
    imageUrl: 'https://assets-jpcust.jwpsrv.com/thumbnails/yg0jtbt4-1920.jpg'
  }
]
mediaId: QfaRXk7J
Media NOT FOUND FOR ID: QfaRXk7J
url: https://cdn.jwplayer.com/v2/sites/a7WRo0m6/media/QfaRXk7J/playback.json?token=eyJhbGciOiJIUzI1NiIsInR5cCI6IkpXVCJ9.eyJyZXNvdXJjZSI6Ii92Mi9zaXRlcy9hN1dSbzBtNi9tZWRpYS9RZmFSWGs3Si9wbGF5YmFjay5qc29uIiwiZXhwIjoxNzc0NjQwNzAwfQ.DZL_5ZedCt8XhKZvWewbl4rkO5QoKywzgEHomV3WHhU
videoUrl:: https://videos-cloudfront.jwpsrv.com/69c77917_bce5129aac29b80a17b3e227dee47c7b986a2c62/content/conversions/a7WRo0m6/videos/QfaRXk7J-26910841.mp4
imageUrl:: https://assets-jpcust.jwpsrv.com/thumbnails/qgmcikir-1920.jpg
notFoundMediaUrls: [
  {
    id: 'QfaRXk7J',
    videoUrl: 'https://videos-cloudfront.jwpsrv.com/69c77917_bce5129aac29b80a17b3e227dee47c7b986a2c62/content/conversions/a7WRo0m6/videos/QfaRXk7J-26910841.mp4'
  },
  {
    id: 'QfaRXk7J',
    imageUrl: 'https://assets-jpcust.jwpsrv.com/thumbnails/qgmcikir-1920.jpg'
  }
]
mediaId: MKJ6fQzS
Media NOT FOUND FOR ID: MKJ6fQzS
url: https://cdn.jwplayer.com/v2/sites/a7WRo0m6/media/MKJ6fQzS/playback.json?token=eyJhbGciOiJIUzI1NiIsInR5cCI6IkpXVCJ9.eyJyZXNvdXJjZSI6Ii92Mi9zaXRlcy9hN1dSbzBtNi9tZWRpYS9NS0o2ZlF6Uy9wbGF5YmFjay5qc29uIiwiZXhwIjoxNzc0NjQwNzAwfQ.-ogGRrI3CMBDheoNoGOscAgYKeYAI7-gzPo7JxVUa-s
videoUrl:: https://videos-cloudfront.jwpsrv.com/69c778b9_45e38c5b9affe19842d531c6d6e3fe10a9ac858a/content/conversions/a7WRo0m6/videos/MKJ6fQzS-26910841.mp4
imageUrl:: https://assets-jpcust.jwpsrv.com/thumbnails/ozolw5d0-1920.jpg
notFoundMediaUrls: [
  {
    id: 'MKJ6fQzS',
    videoUrl: 'https://videos-cloudfront.jwpsrv.com/69c778b9_45e38c5b9affe19842d531c6d6e3fe10a9ac858a/content/conversions/a7WRo0m6/videos/MKJ6fQzS-26910841.mp4'
  },
  {
    id: 'MKJ6fQzS',
    imageUrl: 'https://assets-jpcust.jwpsrv.com/thumbnails/ozolw5d0-1920.jpg'
  }
]
mediaId: d3qpKIyc
Media NOT FOUND FOR ID: d3qpKIyc
url: https://cdn.jwplayer.com/v2/sites/a7WRo0m6/media/d3qpKIyc/playback.json?token=eyJhbGciOiJIUzI1NiIsInR5cCI6IkpXVCJ9.eyJyZXNvdXJjZSI6Ii92Mi9zaXRlcy9hN1dSbzBtNi9tZWRpYS9kM3FwS0l5Yy9wbGF5YmFjay5qc29uIiwiZXhwIjoxNzc0NjQwNzAwfQ.X3ohFU5znbiD66uboX_JsC3sZwN-308JSYTmJNelEu0
videoUrl:: https://videos-cloudfront.jwpsrv.com/69c77910_edd364b93b6dd8947a7c5f362c73b3e406e49258/content/conversions/a7WRo0m6/videos/d3qpKIyc-26910841.mp4
imageUrl:: https://assets-jpcust.jwpsrv.com/thumbnails/uvfyjv7m-1920.jpg
notFoundMediaUrls: [
  {
    id: 'd3qpKIyc',
    videoUrl: 'https://videos-cloudfront.jwpsrv.com/69c77910_edd364b93b6dd8947a7c5f362c73b3e406e49258/content/conversions/a7WRo0m6/videos/d3qpKIyc-26910841.mp4'
  },
  {
    id: 'd3qpKIyc',
    imageUrl: 'https://assets-jpcust.jwpsrv.com/thumbnails/uvfyjv7m-1920.jpg'
  }
]
mediaId: jDihaVS5
Media NOT FOUND FOR ID: jDihaVS5
url: https://cdn.jwplayer.com/v2/sites/a7WRo0m6/media/jDihaVS5/playback.json?token=eyJhbGciOiJIUzI1NiIsInR5cCI6IkpXVCJ9.eyJyZXNvdXJjZSI6Ii92Mi9zaXRlcy9hN1dSbzBtNi9tZWRpYS9qRGloYVZTNS9wbGF5YmFjay5qc29uIiwiZXhwIjoxNzc0NjQwNzAwfQ.UZFQB18pbSKtol9Ibj9p7HuzyqVJ4zjsMHP5dPlIX_o
videoUrl:: https://videos-cloudfront.jwpsrv.com/69c77996_04b28c3e302f9e2d58e91edc2d481fa44a7aeee2/content/conversions/a7WRo0m6/videos/jDihaVS5-26910841.mp4
imageUrl:: https://assets-jpcust.jwpsrv.com/thumbnails/4uqam7as-1920.jpg
notFoundMediaUrls: [
  {
    id: 'jDihaVS5',
    videoUrl: 'https://videos-cloudfront.jwpsrv.com/69c77996_04b28c3e302f9e2d58e91edc2d481fa44a7aeee2/content/conversions/a7WRo0m6/videos/jDihaVS5-26910841.mp4'
  },
  {
    id: 'jDihaVS5',
    imageUrl: 'https://assets-jpcust.jwpsrv.com/thumbnails/4uqam7as-1920.jpg'
  }
]
mediaId: oQBqahvN
Media NOT FOUND FOR ID: oQBqahvN
url: https://cdn.jwplayer.com/v2/sites/a7WRo0m6/media/oQBqahvN/playback.json?token=eyJhbGciOiJIUzI1NiIsInR5cCI6IkpXVCJ9.eyJyZXNvdXJjZSI6Ii92Mi9zaXRlcy9hN1dSbzBtNi9tZWRpYS9vUUJxYWh2Ti9wbGF5YmFjay5qc29uIiwiZXhwIjoxNzc0NjQwNzAwfQ.PX3RAEQgvkF_Vu8hW3-UO6Bt5OkKHpDD8SkOy_YjYQI
videoUrl:: https://videos-cloudfront.jwpsrv.com/69c779ba_98ce47a99c78a07c10a95020a816ff8cb2248245/content/conversions/a7WRo0m6/videos/oQBqahvN-26910841.mp4
imageUrl:: https://assets-jpcust.jwpsrv.com/thumbnails/v4y48iq1-1920.jpg
notFoundMediaUrls: [
  {
    id: 'oQBqahvN',
    videoUrl: 'https://videos-cloudfront.jwpsrv.com/69c779ba_98ce47a99c78a07c10a95020a816ff8cb2248245/content/conversions/a7WRo0m6/videos/oQBqahvN-26910841.mp4'
  },
  {
    id: 'oQBqahvN',
    imageUrl: 'https://assets-jpcust.jwpsrv.com/thumbnails/v4y48iq1-1920.jpg'
  }
]
mediaId: RqgbVunY
Media NOT FOUND FOR ID: RqgbVunY
url: https://cdn.jwplayer.com/v2/sites/a7WRo0m6/media/RqgbVunY/playback.json?token=eyJhbGciOiJIUzI1NiIsInR5cCI6IkpXVCJ9.eyJyZXNvdXJjZSI6Ii92Mi9zaXRlcy9hN1dSbzBtNi9tZWRpYS9ScWdiVnVuWS9wbGF5YmFjay5qc29uIiwiZXhwIjoxNzc0NjQwNzAwfQ.2G5bxShxYRoXNWjmMBgdPDHdeCnYZBF5nGU7I-Eh-Q0
videoUrl:: https://videos-cloudfront.jwpsrv.com/69c779b2_05d55b42dee670202a898487209debc68d0f99c7/content/conversions/a7WRo0m6/videos/RqgbVunY-26910841.mp4
imageUrl:: https://assets-jpcust.jwpsrv.com/thumbnails/u2iz94oz-1920.jpg
notFoundMediaUrls: [
  {
    id: 'RqgbVunY',
    videoUrl: 'https://videos-cloudfront.jwpsrv.com/69c779b2_05d55b42dee670202a898487209debc68d0f99c7/content/conversions/a7WRo0m6/videos/RqgbVunY-26910841.mp4'
  },
  {
    id: 'RqgbVunY',
    imageUrl: 'https://assets-jpcust.jwpsrv.com/thumbnails/u2iz94oz-1920.jpg'
  }
]
mediaId: HYLzBCyJ
Media NOT FOUND FOR ID: HYLzBCyJ
url: https://cdn.jwplayer.com/v2/sites/a7WRo0m6/media/HYLzBCyJ/playback.json?token=eyJhbGciOiJIUzI1NiIsInR5cCI6IkpXVCJ9.eyJyZXNvdXJjZSI6Ii92Mi9zaXRlcy9hN1dSbzBtNi9tZWRpYS9IWUx6QkN5Si9wbGF5YmFjay5qc29uIiwiZXhwIjoxNzc0NjQwNzAwfQ.0YsJPylBOGZORDtBVnjBuCHtVAKahWJEpvEN7RdPkYo
videoUrl:: https://videos-cloudfront.jwpsrv.com/69c778b9_4df4533cc283dd48ebbc81f5ea5c5e9b4d524dbf/content/conversions/a7WRo0m6/videos/HYLzBCyJ-26910841.mp4
imageUrl:: https://assets-jpcust.jwpsrv.com/thumbnails/1nynwqom-1920.jpg
notFoundMediaUrls: [
  {
    id: 'HYLzBCyJ',
    videoUrl: 'https://videos-cloudfront.jwpsrv.com/69c778b9_4df4533cc283dd48ebbc81f5ea5c5e9b4d524dbf/content/conversions/a7WRo0m6/videos/HYLzBCyJ-26910841.mp4'
  },
  {
    id: 'HYLzBCyJ',
    imageUrl: 'https://assets-jpcust.jwpsrv.com/thumbnails/1nynwqom-1920.jpg'
  }
]
mediaId: Z8lmFVg4
Media NOT FOUND FOR ID: Z8lmFVg4
url: https://cdn.jwplayer.com/v2/sites/a7WRo0m6/media/Z8lmFVg4/playback.json?token=eyJhbGciOiJIUzI1NiIsInR5cCI6IkpXVCJ9.eyJyZXNvdXJjZSI6Ii92Mi9zaXRlcy9hN1dSbzBtNi9tZWRpYS9aOGxtRlZnNC9wbGF5YmFjay5qc29uIiwiZXhwIjoxNzc0NjQwNzAwfQ.KAX7FaNa6duO5Ak55w2hrcB1hBJ1nAH1JbLmrDL19X0
videoUrl:: https://videos-cloudfront.jwpsrv.com/69c7796f_e0ec8ad4db3c36d8f99ee508a184e1ae47d59f86/content/conversions/a7WRo0m6/videos/Z8lmFVg4-26910841.mp4
imageUrl:: https://assets-jpcust.jwpsrv.com/thumbnails/n4icyd3x-1920.jpg
notFoundMediaUrls: [
  {
    id: 'Z8lmFVg4',
    videoUrl: 'https://videos-cloudfront.jwpsrv.com/69c7796f_e0ec8ad4db3c36d8f99ee508a184e1ae47d59f86/content/conversions/a7WRo0m6/videos/Z8lmFVg4-26910841.mp4'
  },
  {
    id: 'Z8lmFVg4',
    imageUrl: 'https://assets-jpcust.jwpsrv.com/thumbnails/n4icyd3x-1920.jpg'
  }
]
mediaId: kTUm7db4
Media NOT FOUND FOR ID: kTUm7db4
url: https://cdn.jwplayer.com/v2/sites/a7WRo0m6/media/kTUm7db4/playback.json?token=eyJhbGciOiJIUzI1NiIsInR5cCI6IkpXVCJ9.eyJyZXNvdXJjZSI6Ii92Mi9zaXRlcy9hN1dSbzBtNi9tZWRpYS9rVFVtN2RiNC9wbGF5YmFjay5qc29uIiwiZXhwIjoxNzc0NjQwNzAwfQ.TonZtZ1GBmt9t_iqdxDy-KUxglNrkKLgaSA2BxleKlE
videoUrl:: https://videos-cloudfront.jwpsrv.com/69c778da_3c347a7df32f1a599574c22cb8a784ff91804a1e/content/conversions/a7WRo0m6/videos/kTUm7db4-26910841.mp4
imageUrl:: https://assets-jpcust.jwpsrv.com/thumbnails/dkrnwxri-1920.jpg
notFoundMediaUrls: [
  {
    id: 'kTUm7db4',
    videoUrl: 'https://videos-cloudfront.jwpsrv.com/69c778da_3c347a7df32f1a599574c22cb8a784ff91804a1e/content/conversions/a7WRo0m6/videos/kTUm7db4-26910841.mp4'
  },
  {
    id: 'kTUm7db4',
    imageUrl: 'https://assets-jpcust.jwpsrv.com/thumbnails/dkrnwxri-1920.jpg'
  }
]
mediaId: fhXE9DPl
Media NOT FOUND FOR ID: fhXE9DPl
url: https://cdn.jwplayer.com/v2/sites/a7WRo0m6/media/fhXE9DPl/playback.json?token=eyJhbGciOiJIUzI1NiIsInR5cCI6IkpXVCJ9.eyJyZXNvdXJjZSI6Ii92Mi9zaXRlcy9hN1dSbzBtNi9tZWRpYS9maFhFOURQbC9wbGF5YmFjay5qc29uIiwiZXhwIjoxNzc0NjQwNzAwfQ.wi0Qy__5lm4BnALl-0LRFs3Hev5StDDwH6F2yPMSlrY
videoUrl:: https://videos-cloudfront.jwpsrv.com/69c77958_4d537fa1bebba659975eda108158286f789a67ca/content/conversions/a7WRo0m6/videos/fhXE9DPl-26910841.mp4
imageUrl:: https://assets-jpcust.jwpsrv.com/thumbnails/4qsif44v-1920.jpg
notFoundMediaUrls: [
  {
    id: 'fhXE9DPl',
    videoUrl: 'https://videos-cloudfront.jwpsrv.com/69c77958_4d537fa1bebba659975eda108158286f789a67ca/content/conversions/a7WRo0m6/videos/fhXE9DPl-26910841.mp4'
  },
  {
    id: 'fhXE9DPl',
    imageUrl: 'https://assets-jpcust.jwpsrv.com/thumbnails/4qsif44v-1920.jpg'
  }
]
mediaId: teoqAhxJ
Media NOT FOUND FOR ID: teoqAhxJ
url: https://cdn.jwplayer.com/v2/sites/a7WRo0m6/media/teoqAhxJ/playback.json?token=eyJhbGciOiJIUzI1NiIsInR5cCI6IkpXVCJ9.eyJyZXNvdXJjZSI6Ii92Mi9zaXRlcy9hN1dSbzBtNi9tZWRpYS90ZW9xQWh4Si9wbGF5YmFjay5qc29uIiwiZXhwIjoxNzc0NjQwNzAwfQ.AZbpk0Cz1lQMgRitk_BoAKor7PvLgs0Zd--sANMyNWs
videoUrl:: https://videos-cloudfront.jwpsrv.com/69c77962_d94ed8b9ba36dd0480bc1a4612ba5e91fc2fc077/content/conversions/a7WRo0m6/videos/teoqAhxJ-26910841.mp4
imageUrl:: https://assets-jpcust.jwpsrv.com/thumbnails/3zqgbd9k-1920.jpg
notFoundMediaUrls: [
  {
    id: 'teoqAhxJ',
    videoUrl: 'https://videos-cloudfront.jwpsrv.com/69c77962_d94ed8b9ba36dd0480bc1a4612ba5e91fc2fc077/content/conversions/a7WRo0m6/videos/teoqAhxJ-26910841.mp4'
  },
  {
    id: 'teoqAhxJ',
    imageUrl: 'https://assets-jpcust.jwpsrv.com/thumbnails/3zqgbd9k-1920.jpg'
  }
]
mediaId: wvESnV1c
Media NOT FOUND FOR ID: wvESnV1c
url: https://cdn.jwplayer.com/v2/sites/a7WRo0m6/media/wvESnV1c/playback.json?token=eyJhbGciOiJIUzI1NiIsInR5cCI6IkpXVCJ9.eyJyZXNvdXJjZSI6Ii92Mi9zaXRlcy9hN1dSbzBtNi9tZWRpYS93dkVTblYxYy9wbGF5YmFjay5qc29uIiwiZXhwIjoxNzc0NjQwNzAwfQ.OLjOSdOe6JWhkyfxuZlNyxXdtPd10FoqyeyagDROnk4
videoUrl:: https://videos-cloudfront.jwpsrv.com/69c778ed_c9c0a27aa827c5c62cfb7714468324e8d97129cc/content/conversions/a7WRo0m6/videos/wvESnV1c-26910841.mp4
imageUrl:: https://assets-jpcust.jwpsrv.com/thumbnails/wyrmylaj-1920.jpg
notFoundMediaUrls: [
  {
    id: 'wvESnV1c',
    videoUrl: 'https://videos-cloudfront.jwpsrv.com/69c778ed_c9c0a27aa827c5c62cfb7714468324e8d97129cc/content/conversions/a7WRo0m6/videos/wvESnV1c-26910841.mp4'
  },
  {
    id: 'wvESnV1c',
    imageUrl: 'https://assets-jpcust.jwpsrv.com/thumbnails/wyrmylaj-1920.jpg'
  }
]
mediaId: l6BHdYTO
Media NOT FOUND FOR ID: l6BHdYTO
url: https://cdn.jwplayer.com/v2/sites/a7WRo0m6/media/l6BHdYTO/playback.json?token=eyJhbGciOiJIUzI1NiIsInR5cCI6IkpXVCJ9.eyJyZXNvdXJjZSI6Ii92Mi9zaXRlcy9hN1dSbzBtNi9tZWRpYS9sNkJIZFlUTy9wbGF5YmFjay5qc29uIiwiZXhwIjoxNzc0NjQwNzAwfQ.ZP71fJoP0k6TvPkLHt3Ybni82G2I1AI4dTz-5JaCoAk
videoUrl:: https://videos-cloudfront.jwpsrv.com/69c778f4_37d7351e5e159954dc9ab186eca89ce1a3cee82b/content/conversions/a7WRo0m6/videos/l6BHdYTO-26910841.mp4
imageUrl:: https://assets-jpcust.jwpsrv.com/thumbnails/sn8df7bl-1920.jpg
notFoundMediaUrls: [
  {
    id: 'l6BHdYTO',
    videoUrl: 'https://videos-cloudfront.jwpsrv.com/69c778f4_37d7351e5e159954dc9ab186eca89ce1a3cee82b/content/conversions/a7WRo0m6/videos/l6BHdYTO-26910841.mp4'
  },
  {
    id: 'l6BHdYTO',
    imageUrl: 'https://assets-jpcust.jwpsrv.com/thumbnails/sn8df7bl-1920.jpg'
  }
]
mediaId: SuLiY7xy
Media found for: SuLiY7xy  header:  video/mp4
mediaId: 6FFC4zE3
Media found for: 6FFC4zE3  header:  video/mp4
mediaId: mSUbTXiJ
Media found for: mSUbTXiJ  header:  video/mp4
mediaId: d7GC1PDR
Media found for: d7GC1PDR  header:  video/mp4
mediaId: hqB398Tx
Media found for: hqB398Tx  header:  video/mp4
mediaId: DzwEUlKD
Media found for: DzwEUlKD  header:  video/mp4
mediaId: rOJauusu
Media found for: rOJauusu  header:  video/mp4
mediaId: mcdao15m
Media found for: mcdao15m  header:  video/mp4
mediaId: 6hhS5j5f
Media found for: 6hhS5j5f  header:  video/mp4
mediaId: km2tsjw6
Media found for: km2tsjw6  header:  video/mp4
mediaId: z3uIVZYc
Media found for: z3uIVZYc  header:  video/mp4
mediaId: YW3pVRoQ
Media found for: YW3pVRoQ  header:  video/mp4
mediaId: DL3YfHWJ
Media found for: DL3YfHWJ  header:  video/mp4
mediaId: ZIreZTiv
Media found for: ZIreZTiv  header:  video/mp4
mediaId: wwsAlpop
Media found for: wwsAlpop  header:  video/mp4
mediaId: 8h5K5jEO
Media found for: 8h5K5jEO  header:  video/mp4
mediaId: Q0ciTAtr
Media found for: Q0ciTAtr  header:  video/mp4
mediaId: x5BP1Zwg
Media found for: x5BP1Zwg  header:  video/mp4
mediaId: MOkcn90b
Media found for: MOkcn90b  header:  video/mp4
mediaId: GhSPMVgI
Media found for: GhSPMVgI  header:  video/mp4
mediaId: Y2qQfUxV
Media found for: Y2qQfUxV  header:  video/mp4
mediaId: ZzZ6ILFR
Media found for: ZzZ6ILFR  header:  video/mp4
mediaId: apiptqJH
Media found for: apiptqJH  header:  video/mp4
mediaId: uB9yH8yG
Media found for: uB9yH8yG  header:  video/mp4
mediaId: mmRG57rk
Media found for: mmRG57rk  header:  video/mp4
mediaId: KcUrp1Gi
Media found for: KcUrp1Gi  header:  video/mp4
mediaId: uVj6ACAZ
Media found for: uVj6ACAZ  header:  video/mp4
mediaId: Oy5PltTt
Media found for: Oy5PltTt  header:  video/mp4
mediaId: fRqmm94L
Media found for: fRqmm94L  header:  video/mp4
mediaId: QTlQufmK
Media found for: QTlQufmK  header:  video/mp4
mediaId: v2Jp3krf
Media found for: v2Jp3krf  header:  video/mp4
mediaId: BKa5qmIB
Media found for: BKa5qmIB  header:  video/mp4
mediaId: EPQThCA9
Media found for: EPQThCA9  header:  video/mp4
mediaId: ZzLfdjAN
Media found for: ZzLfdjAN  header:  video/mp4
mediaId: eXSMB6m3
Media found for: eXSMB6m3  header:  video/mp4
mediaId: srgS79uv
Media found for: srgS79uv  header:  video/mp4
mediaId: FL9UrYer
Media found for: FL9UrYer  header:  video/mp4
mediaId: JP4qHKk0
Media found for: JP4qHKk0  header:  video/mp4
mediaId: 067XCJ29
Media found for: 067XCJ29  header:  video/mp4
mediaId: 01grJ4Ca
Media found for: 01grJ4Ca  header:  video/mp4
mediaId: oJJyfLXN
Media found for: oJJyfLXN  header:  video/mp4
mediaId: v7VmW4XC
Media found for: v7VmW4XC  header:  video/mp4
mediaId: 5tjVEFf1
Media NOT FOUND FOR ID: 5tjVEFf1
url: https://cdn.jwplayer.com/v2/sites/a7WRo0m6/media/5tjVEFf1/playback.json?token=eyJhbGciOiJIUzI1NiIsInR5cCI6IkpXVCJ9.eyJyZXNvdXJjZSI6Ii92Mi9zaXRlcy9hN1dSbzBtNi9tZWRpYS81dGpWRUZmMS9wbGF5YmFjay5qc29uIiwiZXhwIjoxNzc0NjQwNzAwfQ.x_dVSCm12u7yoflE42KZThueeALNR1u-s_A1Xpt1QJU
videoUrl:: https://videos-cloudfront.jwpsrv.com/69c77987_a33691441a7ac03292c0e545e49df89717d1cdd6/content/conversions/a7WRo0m6/videos/5tjVEFf1-26910841.mp4
imageUrl:: https://assets-jpcust.jwpsrv.com/thumbnails/62828tjp-1920.jpg
notFoundMediaUrls: [
  {
    id: '5tjVEFf1',
    videoUrl: 'https://videos-cloudfront.jwpsrv.com/69c77987_a33691441a7ac03292c0e545e49df89717d1cdd6/content/conversions/a7WRo0m6/videos/5tjVEFf1-26910841.mp4'
  },
  {
    id: '5tjVEFf1',
    imageUrl: 'https://assets-jpcust.jwpsrv.com/thumbnails/62828tjp-1920.jpg'
  }
]
mediaId: GDsFyRUO
Media found for: GDsFyRUO  header:  video/mp4
mediaId: xQpTSYlj
Media found for: xQpTSYlj  header:  video/mp4
mediaId: biNXzMaH
Media found for: biNXzMaH  header:  video/mp4
mediaId: eLmjFgC8
Media found for: eLmjFgC8  header:  video/mp4
mediaId: JwNcDsSj
Media found for: JwNcDsSj  header:  video/mp4
mediaId: lVz2cbEY
Media found for: lVz2cbEY  header:  video/mp4
mediaId: qD434WdM
Media found for: qD434WdM  header:  video/mp4
mediaId: S0jPVpgF
Media NOT FOUND FOR ID: S0jPVpgF
url: https://cdn.jwplayer.com/v2/sites/a7WRo0m6/media/S0jPVpgF/playback.json?token=eyJhbGciOiJIUzI1NiIsInR5cCI6IkpXVCJ9.eyJyZXNvdXJjZSI6Ii92Mi9zaXRlcy9hN1dSbzBtNi9tZWRpYS9TMGpQVnBnRi9wbGF5YmFjay5qc29uIiwiZXhwIjoxNzc0NjQwNzAwfQ.r4jkqpE8ppBSwwM7xSh8MD5_nSTRLfJ7-FSSbCG-6-o
videoUrl:: https://videos-cloudfront.jwpsrv.com/69c7798f_e9bd53ec76eb96a1b1695880640887396d2389f7/content/conversions/a7WRo0m6/videos/S0jPVpgF-26910841.mp4
imageUrl:: https://assets-jpcust.jwpsrv.com/thumbnails/bpqae73j-1920.jpg
notFoundMediaUrls: [
  {
    id: 'S0jPVpgF',
    videoUrl: 'https://videos-cloudfront.jwpsrv.com/69c7798f_e9bd53ec76eb96a1b1695880640887396d2389f7/content/conversions/a7WRo0m6/videos/S0jPVpgF-26910841.mp4'
  },
  {
    id: 'S0jPVpgF',
    imageUrl: 'https://assets-jpcust.jwpsrv.com/thumbnails/bpqae73j-1920.jpg'
  }
]
mediaId: GxAJc44j
Media found for: GxAJc44j  header:  video/mp4
mediaId: J8LgkCx5
Media found for: J8LgkCx5  header:  video/mp4
mediaId: jfm8TwGc
Media found for: jfm8TwGc  header:  video/mp4
mediaId: cB3BtpL9
Media found for: cB3BtpL9  header:  video/mp4
mediaId: phLxwY3O
Media found for: phLxwY3O  header:  video/mp4
mediaId: 175oyKcx
Media found for: 175oyKcx  header:  video/mp4
mediaId: EbZx7aVY
Media found for: EbZx7aVY  header:  video/mp4
mediaId: uXpxVUd3
Media found for: uXpxVUd3  header:  video/mp4
mediaId: PWFOpaha
Media found for: PWFOpaha  header:  video/mp4
mediaId: sLgpF8KC
Media found for: sLgpF8KC  header:  video/mp4
mediaId: yiVt5PGJ
Media found for: yiVt5PGJ  header:  video/mp4
mediaId: SEXMjPvW
Media found for: SEXMjPvW  header:  video/mp4
mediaId: gql8g1ST
Media found for: gql8g1ST  header:  video/mp4
mediaId: GnckprBe
Media found for: GnckprBe  header:  video/mp4
mediaId: BZW3Tc5p
Media found for: BZW3Tc5p  header:  video/mp4
mediaId: 0UUVjBHl
Media found for: 0UUVjBHl  header:  video/mp4
mediaId: GLF1ssLF
Media found for: GLF1ssLF  header:  video/mp4
mediaId: CeV02n2B
Media found for: CeV02n2B  header:  video/mp4
mediaId: GJL8M0K0
Media found for: GJL8M0K0  header:  video/mp4
mediaId: GYJBfxfX
Media NOT FOUND FOR ID: GYJBfxfX
url: https://cdn.jwplayer.com/v2/sites/a7WRo0m6/media/GYJBfxfX/playback.json?token=eyJhbGciOiJIUzI1NiIsInR5cCI6IkpXVCJ9.eyJyZXNvdXJjZSI6Ii92Mi9zaXRlcy9hN1dSbzBtNi9tZWRpYS9HWUpCZnhmWC9wbGF5YmFjay5qc29uIiwiZXhwIjoxNzc0NjQwNzAwfQ.wYDb17HiVchstkqm4a-jEkNV_x0snvnFDy0vnIGofPA
videoUrl:: https://videos-cloudfront.jwpsrv.com/69c778f1_b75c459348835429fe5032ffbd1de8e98b49c405/content/conversions/a7WRo0m6/videos/GYJBfxfX-26910841.mp4
imageUrl:: https://assets-jpcust.jwpsrv.com/thumbnails/ncoi050c-1920.jpg
notFoundMediaUrls: [
  {
    id: 'GYJBfxfX',
    videoUrl: 'https://videos-cloudfront.jwpsrv.com/69c778f1_b75c459348835429fe5032ffbd1de8e98b49c405/content/conversions/a7WRo0m6/videos/GYJBfxfX-26910841.mp4'
  },
  {
    id: 'GYJBfxfX',
    imageUrl: 'https://assets-jpcust.jwpsrv.com/thumbnails/ncoi050c-1920.jpg'
  }
]
mediaId: MiWQFkpe
Media found for: MiWQFkpe  header:  video/mp4
mediaId: 5HsihKuy
Media found for: 5HsihKuy  header:  video/mp4
mediaId: 0Sqnoqlp
Media found for: 0Sqnoqlp  header:  video/mp4
mediaId: em0NBOnn
Media found for: em0NBOnn  header:  video/mp4
mediaId: z6wIcUt3
Media found for: z6wIcUt3  header:  video/mp4
mediaId: hAq6o527
Media found for: hAq6o527  header:  video/mp4
mediaId: KgrKVaqh
Media NOT FOUND FOR ID: KgrKVaqh
url: https://cdn.jwplayer.com/v2/sites/a7WRo0m6/media/KgrKVaqh/playback.json?token=eyJhbGciOiJIUzI1NiIsInR5cCI6IkpXVCJ9.eyJyZXNvdXJjZSI6Ii92Mi9zaXRlcy9hN1dSbzBtNi9tZWRpYS9LZ3JLVmFxaC9wbGF5YmFjay5qc29uIiwiZXhwIjoxNzc0NjQwNzAwfQ.faFm0Sy-tyDzKK_eCjjWyLO55y4kaDgmwDJoIq1FGGk
videoUrl:: https://videos-cloudfront.jwpsrv.com/69c778ec_4380cdeb70dce3e11c1a6140d21a8874fdd6d84a/content/conversions/a7WRo0m6/videos/KgrKVaqh-26910841.mp4
imageUrl:: https://assets-jpcust.jwpsrv.com/thumbnails/pg5ulzv0-1920.jpg
notFoundMediaUrls: [
  {
    id: 'KgrKVaqh',
    videoUrl: 'https://videos-cloudfront.jwpsrv.com/69c778ec_4380cdeb70dce3e11c1a6140d21a8874fdd6d84a/content/conversions/a7WRo0m6/videos/KgrKVaqh-26910841.mp4'
  },
  {
    id: 'KgrKVaqh',
    imageUrl: 'https://assets-jpcust.jwpsrv.com/thumbnails/pg5ulzv0-1920.jpg'
  }
]
mediaId: FfWSWMtl
Media found for: FfWSWMtl  header:  video/mp4
mediaId: 1U2cL6qY
Media found for: 1U2cL6qY  header:  video/mp4
mediaId: GKB5wE0S
Media found for: GKB5wE0S  header:  video/mp4
mediaId: YLj27NnE
Media found for: YLj27NnE  header:  video/mp4
mediaId: 4f0HRZrW
Media found for: 4f0HRZrW  header:  video/mp4
mediaId: UWbDfm3r
Media found for: UWbDfm3r  header:  video/mp4
mediaId: 0kWH6d2r
Media found for: 0kWH6d2r  header:  video/mp4
mediaId: 8us3YMMX
Media found for: 8us3YMMX  header:  video/mp4
mediaId: BU41lXgg
Media found for: BU41lXgg  header:  video/mp4
mediaId: gPb3Ga9v
Media found for: gPb3Ga9v  header:  video/mp4
mediaId: 1QUgRXVu
Media found for: 1QUgRXVu  header:  video/mp4
mediaId: bb3Xagcp
Media found for: bb3Xagcp  header:  video/mp4
mediaId: 3vZcJlmi
Media found for: 3vZcJlmi  header:  video/mp4
mediaId: OeNxgkOY
Media found for: OeNxgkOY  header:  video/mp4
mediaId: bA2odP0y
Media found for: bA2odP0y  header:  video/mp4
mediaId: 6n75ISXX
Media found for: 6n75ISXX  header:  video/mp4
mediaId: 66YH9Aqp
Media found for: 66YH9Aqp  header:  video/mp4
mediaId: ndpma1Tc
Media found for: ndpma1Tc  header:  video/mp4
mediaId: T64Mkner
Media found for: T64Mkner  header:  video/mp4
mediaId: 5a8oDY7v
Media found for: 5a8oDY7v  header:  video/mp4
mediaId: gmuUYxLD
Media found for: gmuUYxLD  header:  video/mp4
mediaId: P96IVSVE
Media found for: P96IVSVE  header:  video/mp4
mediaId: gb7hEYVv
Media found for: gb7hEYVv  header:  video/mp4
mediaId: n5DUHaYc
Media found for: n5DUHaYc  header:  video/mp4
mediaId: fEXHwum7
Media found for: fEXHwum7  header:  video/mp4
mediaId: Iw1Rnms7
Media found for: Iw1Rnms7  header:  video/mp4
mediaId: 9jBaZnVL
Media found for: 9jBaZnVL  header:  video/mp4
mediaId: KONrTyxs
Media found for: KONrTyxs  header:  video/mp4
mediaId: tDJpDBMO
Media found for: tDJpDBMO  header:  video/mp4
mediaId: P8JXuImR
Media found for: P8JXuImR  header:  video/mp4
mediaId: LIMz9zX6
Media found for: LIMz9zX6  header:  video/mp4
mediaId: NAYzUJr2
Media found for: NAYzUJr2  header:  video/mp4
mediaId: NAMK4aHy
Media found for: NAMK4aHy  header:  video/mp4
mediaId: Lw3IelEE
Media found for: Lw3IelEE  header:  video/mp4
mediaId: ihI1bnQN
Media NOT FOUND FOR ID: ihI1bnQN
url: https://cdn.jwplayer.com/v2/sites/a7WRo0m6/media/ihI1bnQN/playback.json?token=eyJhbGciOiJIUzI1NiIsInR5cCI6IkpXVCJ9.eyJyZXNvdXJjZSI6Ii92Mi9zaXRlcy9hN1dSbzBtNi9tZWRpYS9paEkxYm5RTi9wbGF5YmFjay5qc29uIiwiZXhwIjoxNzc0NjQwNzAwfQ.wR7tQ9inCA1vGCdFsvwSBxseBlayLt8_Bfik6cvraxE
videoUrl:: https://videos-cloudfront.jwpsrv.com/69c77942_38bc9f2988c746d57fb26e06066cbf4c435e9d1f/content/conversions/a7WRo0m6/videos/ihI1bnQN-26910841.mp4
imageUrl:: https://assets-jpcust.jwpsrv.com/thumbnails/b2l3jw4t-1920.jpg
notFoundMediaUrls: [
  {
    id: 'ihI1bnQN',
    videoUrl: 'https://videos-cloudfront.jwpsrv.com/69c77942_38bc9f2988c746d57fb26e06066cbf4c435e9d1f/content/conversions/a7WRo0m6/videos/ihI1bnQN-26910841.mp4'
  },
  {
    id: 'ihI1bnQN',
    imageUrl: 'https://assets-jpcust.jwpsrv.com/thumbnails/b2l3jw4t-1920.jpg'
  }
]
mediaId: crCW6uyE
Media found for: crCW6uyE  header:  video/mp4
mediaId: jEUzxJfS
Media found for: jEUzxJfS  header:  video/mp4
mediaId: XVVWK9N6
Media found for: XVVWK9N6  header:  video/mp4
mediaId: ofC49Xpd
Media found for: ofC49Xpd  header:  video/mp4
mediaId: RLivfW7U
Media NOT FOUND FOR ID: RLivfW7U
url: https://cdn.jwplayer.com/v2/sites/a7WRo0m6/media/RLivfW7U/playback.json?token=eyJhbGciOiJIUzI1NiIsInR5cCI6IkpXVCJ9.eyJyZXNvdXJjZSI6Ii92Mi9zaXRlcy9hN1dSbzBtNi9tZWRpYS9STGl2Zlc3VS9wbGF5YmFjay5qc29uIiwiZXhwIjoxNzc0NjQwNzAwfQ.q7xwFS6Z5uzH_0e0vf1uWLaVePWTqdKIAKdmXaRJg1c
videoUrl:: https://videos-cloudfront.jwpsrv.com/69c778e5_9095179f286c07e73bf0247e6755787a5ad40587/content/conversions/a7WRo0m6/videos/RLivfW7U-26910841.mp4
imageUrl:: https://assets-jpcust.jwpsrv.com/thumbnails/quyfjam9-1920.jpg
notFoundMediaUrls: [
  {
    id: 'RLivfW7U',
    videoUrl: 'https://videos-cloudfront.jwpsrv.com/69c778e5_9095179f286c07e73bf0247e6755787a5ad40587/content/conversions/a7WRo0m6/videos/RLivfW7U-26910841.mp4'
  },
  {
    id: 'RLivfW7U',
    imageUrl: 'https://assets-jpcust.jwpsrv.com/thumbnails/quyfjam9-1920.jpg'
  }
]
mediaId: fzdkjVXX
Media found for: fzdkjVXX  header:  video/mp4
mediaId: bxxRVQej
Media found for: bxxRVQej  header:  video/mp4
mediaId: GgfspVCH
Media found for: GgfspVCH  header:  video/mp4
mediaId: vHYFpqoB
Media found for: vHYFpqoB  header:  video/mp4
mediaId: jJHw5T23
Media found for: jJHw5T23  header:  video/mp4
mediaId: Hweq4h5F
Media found for: Hweq4h5F  header:  video/mp4
mediaId: TcogyHoe
Media found for: TcogyHoe  header:  video/mp4
mediaId: 7qvR2J5p
Media found for: 7qvR2J5p  header:  video/mp4
mediaId: ahK6fZup
Media found for: ahK6fZup  header:  video/mp4
mediaId: KxPcR2FZ
Media found for: KxPcR2FZ  header:  video/mp4
mediaId: 4UuerdEh
Media found for: 4UuerdEh  header:  video/mp4
mediaId: ME7ZIv0M
Media found for: ME7ZIv0M  header:  video/mp4
mediaId: 5iMYwwmc
Media found for: 5iMYwwmc  header:  video/mp4
mediaId: uqmanBRH
Media found for: uqmanBRH  header:  video/mp4
mediaId: fBb5DFrk
Media found for: fBb5DFrk  header:  video/mp4
mediaId: 2PDdkgVf
Media found for: 2PDdkgVf  header:  video/mp4
mediaId: HOLgKhr5
Media found for: HOLgKhr5  header:  video/mp4
mediaId: VHwNkEVN
Media found for: VHwNkEVN  header:  video/mp4
mediaId: MG5DB69p
Media found for: MG5DB69p  header:  video/mp4
mediaId: 6GpoWI7m
Media found for: 6GpoWI7m  header:  video/mp4
mediaId: 82shgviV
Media found for: 82shgviV  header:  video/mp4
mediaId: ohFYVA6P
Media found for: ohFYVA6P  header:  video/mp4
mediaId: JCQOEL9t
Media found for: JCQOEL9t  header:  video/mp4
mediaId: UNRwBEp2
Media found for: UNRwBEp2  header:  video/mp4
mediaId: JzyudNsG
Media found for: JzyudNsG  header:  video/mp4
mediaId: pxJUj6WB
Media found for: pxJUj6WB  header:  video/mp4
mediaId: PQxTMxK3
Media found for: PQxTMxK3  header:  video/mp4
mediaId: KowKPn2j
Media found for: KowKPn2j  header:  video/mp4
mediaId: g63aX9XQ
Media found for: g63aX9XQ  header:  video/mp4
mediaId: OlhNpPG4
Media found for: OlhNpPG4  header:  video/mp4
mediaId: pJdB2PBl
Media found for: pJdB2PBl  header:  video/mp4
mediaId: wgBj3l8n
Media found for: wgBj3l8n  header:  video/mp4
mediaId: cHNJPzUQ
Media found for: cHNJPzUQ  header:  video/mp4
mediaId: PCEqReaV
Media found for: PCEqReaV  header:  video/mp4
mediaId: 7BiqnI6N
Media found for: 7BiqnI6N  header:  video/mp4
mediaId: ORVYrSGR
Media found for: ORVYrSGR  header:  video/mp4
mediaId: 9yoFTWhq
Media found for: 9yoFTWhq  header:  video/mp4
mediaId: NsyaTRdf
Media found for: NsyaTRdf  header:  video/mp4
mediaId: va2HCUAo
Media found for: va2HCUAo  header:  video/mp4
mediaId: ZB8ckpMy
Media found for: ZB8ckpMy  header:  video/mp4
mediaId: gu4OgFUK
Media found for: gu4OgFUK  header:  video/mp4
mediaId: EUbabfMd
Media found for: EUbabfMd  header:  video/mp4
mediaId: Xfe0vwal
Media found for: Xfe0vwal  header:  video/mp4
mediaId: prSQBXwp
Media found for: prSQBXwp  header:  video/mp4
mediaId: LxL2MKjk
Media found for: LxL2MKjk  header:  video/mp4
mediaId: AqePNB7T
Media found for: AqePNB7T  header:  video/mp4
mediaId: G07ISldu
Media found for: G07ISldu  header:  video/mp4
mediaId: Hz4NmmW7
Media found for: Hz4NmmW7  header:  video/mp4
mediaId: 0LaisKY4
Media found for: 0LaisKY4  header:  video/mp4
mediaId: 9ZMTQuXL
Media found for: 9ZMTQuXL  header:  video/mp4
mediaId: G7bViHfb
Media found for: G7bViHfb  header:  video/mp4
mediaId: 5LpgSBhY
Media found for: 5LpgSBhY  header:  video/mp4
mediaId: sHqHhxIc
Media found for: sHqHhxIc  header:  video/mp4
mediaId: w0fMObgd
Media found for: w0fMObgd  header:  video/mp4
mediaId: XKz3Adkq
Media found for: XKz3Adkq  header:  video/mp4
mediaId: LrjO8Ht5
Media found for: LrjO8Ht5  header:  video/mp4
mediaId: I9GacLaO
Media found for: I9GacLaO  header:  video/mp4
mediaId: KN17UFHL
Media found for: KN17UFHL  header:  video/mp4
mediaId: ZrMsFUFC
Media found for: ZrMsFUFC  header:  video/mp4
mediaId: Vlebznt1
Media found for: Vlebznt1  header:  video/mp4
mediaId: W1Kc3054
Media found for: W1Kc3054  header:  video/mp4
mediaId: 0pR9algN
Media found for: 0pR9algN  header:  video/mp4
mediaId: WErtoOVb
Media found for: WErtoOVb  header:  video/mp4
mediaId: CbRvBqDN
Media found for: CbRvBqDN  header:  video/mp4
mediaId: 9CihYcIN
Media found for: 9CihYcIN  header:  video/mp4
mediaId: bQdx5MRu
Media found for: bQdx5MRu  header:  video/mp4
mediaId: tFejCkzx
Media found for: tFejCkzx  header:  video/mp4
mediaId: UNLPSlr9
Media found for: UNLPSlr9  header:  video/mp4
mediaId: ctp3x5bN
Media found for: ctp3x5bN  header:  video/mp4
mediaId: HYDFOjcm
Media found for: HYDFOjcm  header:  video/mp4
mediaId: WfZH5w7Y
Media found for: WfZH5w7Y  header:  video/mp4
mediaId: NeAdqyxk
Media found for: NeAdqyxk  header:  video/mp4
mediaId: 3qHaKWDp
Media found for: 3qHaKWDp  header:  video/mp4
mediaId: CC4WpYS2
Media found for: CC4WpYS2  header:  video/mp4
mediaId: rbdqXKxr
Media found for: rbdqXKxr  header:  video/mp4
mediaId: rEWtCRID
Media found for: rEWtCRID  header:  video/mp4
mediaId: Kbe1kMrX
Media found for: Kbe1kMrX  header:  video/mp4
mediaId: sEl6cnGc
Media found for: sEl6cnGc  header:  video/mp4
mediaId: iOfQZLtW
Media found for: iOfQZLtW  header:  video/mp4
mediaId: PWSyY96N
Media found for: PWSyY96N  header:  video/mp4
mediaId: OB7jSxTH
Media found for: OB7jSxTH  header:  video/mp4
mediaId: 4h5kEnWh
Media NOT FOUND FOR ID: 4h5kEnWh
url: https://cdn.jwplayer.com/v2/sites/a7WRo0m6/media/4h5kEnWh/playback.json?token=eyJhbGciOiJIUzI1NiIsInR5cCI6IkpXVCJ9.eyJyZXNvdXJjZSI6Ii92Mi9zaXRlcy9hN1dSbzBtNi9tZWRpYS80aDVrRW5XaC9wbGF5YmFjay5qc29uIiwiZXhwIjoxNzc0NjQwNzAwfQ.8JIYrhDQZDZ-zg3TX9aIIwMtp0zwh4r8DUB4f4009bM
videoUrl:: https://videos-cloudfront.jwpsrv.com/69c779c6_9a282f28d38fcdc2ffdbf1e6997c7599d92b08fa/content/conversions/a7WRo0m6/videos/4h5kEnWh-26910841.mp4
imageUrl:: https://assets-jpcust.jwpsrv.com/thumbnails/blfbhrai-1920.jpg
notFoundMediaUrls: [
  {
    id: '4h5kEnWh',
    videoUrl: 'https://videos-cloudfront.jwpsrv.com/69c779c6_9a282f28d38fcdc2ffdbf1e6997c7599d92b08fa/content/conversions/a7WRo0m6/videos/4h5kEnWh-26910841.mp4'
  },
  {
    id: '4h5kEnWh',
    imageUrl: 'https://assets-jpcust.jwpsrv.com/thumbnails/blfbhrai-1920.jpg'
  }
]
mediaId: IDACoM5K
Media found for: IDACoM5K  header:  video/mp4
mediaId: jrf4LjqZ
Media NOT FOUND FOR ID: jrf4LjqZ
url: https://cdn.jwplayer.com/v2/sites/a7WRo0m6/media/jrf4LjqZ/playback.json?token=eyJhbGciOiJIUzI1NiIsInR5cCI6IkpXVCJ9.eyJyZXNvdXJjZSI6Ii92Mi9zaXRlcy9hN1dSbzBtNi9tZWRpYS9qcmY0TGpxWi9wbGF5YmFjay5qc29uIiwiZXhwIjoxNzc0NjQwNzAwfQ.l8dIyXJR0ekX3onnvpRbnfTJibZgm656hOHTBscgbdk
videoUrl:: https://videos-cloudfront.jwpsrv.com/69c779d1_5be2b5c7b20fe93a70d9f9a260856b55ba870e09/content/conversions/a7WRo0m6/videos/jrf4LjqZ-26910841.mp4
imageUrl:: https://assets-jpcust.jwpsrv.com/thumbnails/anaxlidi-1920.jpg
notFoundMediaUrls: [
  {
    id: 'jrf4LjqZ',
    videoUrl: 'https://videos-cloudfront.jwpsrv.com/69c779d1_5be2b5c7b20fe93a70d9f9a260856b55ba870e09/content/conversions/a7WRo0m6/videos/jrf4LjqZ-26910841.mp4'
  },
  {
    id: 'jrf4LjqZ',
    imageUrl: 'https://assets-jpcust.jwpsrv.com/thumbnails/anaxlidi-1920.jpg'
  }
]
mediaId: hlu8XxyP
Media found for: hlu8XxyP  header:  video/mp4
mediaId: czQYZlUa
Media found for: czQYZlUa  header:  video/mp4
mediaId: 5pAmp8Mg
Media found for: 5pAmp8Mg  header:  video/mp4
mediaId: rW02F4Xq
Media found for: rW02F4Xq  header:  video/mp4
mediaId: jznFt094
Media found for: jznFt094  header:  video/mp4
mediaId: 6UPl1QUM
Media found for: 6UPl1QUM  header:  video/mp4
mediaId: gYbQSXMz
Media found for: gYbQSXMz  header:  video/mp4
mediaId: 1hDJNzxE
Media NOT FOUND FOR ID: 1hDJNzxE
url: https://cdn.jwplayer.com/v2/sites/a7WRo0m6/media/1hDJNzxE/playback.json?token=eyJhbGciOiJIUzI1NiIsInR5cCI6IkpXVCJ9.eyJyZXNvdXJjZSI6Ii92Mi9zaXRlcy9hN1dSbzBtNi9tZWRpYS8xaERKTnp4RS9wbGF5YmFjay5qc29uIiwiZXhwIjoxNzc0NjQxMDAwfQ.NRG5Myc3aLoJ1g_9KKdgs51yba-tPLfxmUrJNaeahyk
videoUrl:: https://videos-cloudfront.jwpsrv.com/69c779b9_99d4d2432d765ffb8f6387f49a5b66cb1d51c2cc/content/conversions/a7WRo0m6/videos/1hDJNzxE-26910841.mp4
imageUrl:: https://assets-jpcust.jwpsrv.com/thumbnails/5ezbe09w-1920.jpg
notFoundMediaUrls: [
  {
    id: '1hDJNzxE',
    videoUrl: 'https://videos-cloudfront.jwpsrv.com/69c779b9_99d4d2432d765ffb8f6387f49a5b66cb1d51c2cc/content/conversions/a7WRo0m6/videos/1hDJNzxE-26910841.mp4'
  },
  {
    id: '1hDJNzxE',
    imageUrl: 'https://assets-jpcust.jwpsrv.com/thumbnails/5ezbe09w-1920.jpg'
  }
]
mediaId: OR5R5eIk
Media NOT FOUND FOR ID: OR5R5eIk
url: https://cdn.jwplayer.com/v2/sites/a7WRo0m6/media/OR5R5eIk/playback.json?token=eyJhbGciOiJIUzI1NiIsInR5cCI6IkpXVCJ9.eyJyZXNvdXJjZSI6Ii92Mi9zaXRlcy9hN1dSbzBtNi9tZWRpYS9PUjVSNWVJay9wbGF5YmFjay5qc29uIiwiZXhwIjoxNzc0NjQxMDAwfQ.og2zsKyApHxSAzIVWJZCu1vWlRh__Fuugre45MMjkMY
videoUrl:: https://videos-cloudfront.jwpsrv.com/69c77910_9d17bab10313f62a47a81764004deaae1032459c/content/conversions/a7WRo0m6/videos/OR5R5eIk-26910841.mp4
imageUrl:: https://assets-jpcust.jwpsrv.com/thumbnails/7q6r7uzs-1920.jpg
notFoundMediaUrls: [
  {
    id: 'OR5R5eIk',
    videoUrl: 'https://videos-cloudfront.jwpsrv.com/69c77910_9d17bab10313f62a47a81764004deaae1032459c/content/conversions/a7WRo0m6/videos/OR5R5eIk-26910841.mp4'
  },
  {
    id: 'OR5R5eIk',
    imageUrl: 'https://assets-jpcust.jwpsrv.com/thumbnails/7q6r7uzs-1920.jpg'
  }
]
mediaId: d6GtQYTk
Media found for: d6GtQYTk  header:  video/mp4
mediaId: xhnYhstX
Media found for: xhnYhstX  header:  video/mp4
mediaId: oarSrbqa
Media found for: oarSrbqa  header:  video/mp4
mediaId: LPbED1Ik
Media found for: LPbED1Ik  header:  video/mp4
mediaId: 7U3pLoVw
Media found for: 7U3pLoVw  header:  video/mp4
mediaId: 1o5taBvM
Media found for: 1o5taBvM  header:  video/mp4
mediaId: cA6lQB1t
Media found for: cA6lQB1t  header:  video/mp4
mediaId: B1XAdn1J
Media found for: B1XAdn1J  header:  video/mp4
mediaId: 5DXcN9Aa
Media found for: 5DXcN9Aa  header:  video/mp4
mediaId: d2mG9YZQ
Media found for: d2mG9YZQ  header:  video/mp4
mediaId: sLkcoBdw
Media found for: sLkcoBdw  header:  video/mp4
mediaId: yKU3tb0Z
Media found for: yKU3tb0Z  header:  video/mp4
mediaId: M8EPrUn6
Media found for: M8EPrUn6  header:  video/mp4
mediaId: jyfLXC8y
Media found for: jyfLXC8y  header:  video/mp4
mediaId: DMKC41c2
Media found for: DMKC41c2  header:  video/mp4
mediaId: l5zbJD6N
Media found for: l5zbJD6N  header:  video/mp4
mediaId: OIBqLZzl
Media found for: OIBqLZzl  header:  video/mp4
mediaId: rb4qlWvu
Media found for: rb4qlWvu  header:  video/mp4
mediaId: L5elMCCT
Media found for: L5elMCCT  header:  video/mp4
mediaId: UniUBXe5
Media found for: UniUBXe5  header:  video/mp4
mediaId: ZPqvY7UL
Media found for: ZPqvY7UL  header:  video/mp4
mediaId: HBha3Pyb
Media found for: HBha3Pyb  header:  video/mp4
mediaId: clXP1OR9
Media found for: clXP1OR9  header:  video/mp4
mediaId: AcBF35HE
Media found for: AcBF35HE  header:  video/mp4
mediaId: pYY6Eywh
Media found for: pYY6Eywh  header:  video/mp4
mediaId: 0Pf99GPh
Media found for: 0Pf99GPh  header:  video/mp4
mediaId: aupQTFXB
Media found for: aupQTFXB  header:  video/mp4
mediaId: EqF2svY2
Media found for: EqF2svY2  header:  video/mp4
mediaId: 1o1FF2VZ
Media found for: 1o1FF2VZ  header:  video/mp4
mediaId: tCr2R06j
Media found for: tCr2R06j  header:  video/mp4
mediaId: uNlo9cJQ
Media NOT FOUND FOR ID: uNlo9cJQ
url: https://cdn.jwplayer.com/v2/sites/a7WRo0m6/media/uNlo9cJQ/playback.json?token=eyJhbGciOiJIUzI1NiIsInR5cCI6IkpXVCJ9.eyJyZXNvdXJjZSI6Ii92Mi9zaXRlcy9hN1dSbzBtNi9tZWRpYS91TmxvOWNKUS9wbGF5YmFjay5qc29uIiwiZXhwIjoxNzc0NjQxMDAwfQ.In4ctiz_vBSjMr6P0Gsha4UVDHG5QtsfY83dPmIulAk
videoUrl:: https://videos-cloudfront.jwpsrv.com/69c77939_084fd8843fbf5485d24b6104ddc1f09cda38ad6f/content/conversions/a7WRo0m6/videos/uNlo9cJQ-26910841.mp4
imageUrl:: https://assets-jpcust.jwpsrv.com/thumbnails/pevhe9xq-1920.jpg
notFoundMediaUrls: [
  {
    id: 'uNlo9cJQ',
    videoUrl: 'https://videos-cloudfront.jwpsrv.com/69c77939_084fd8843fbf5485d24b6104ddc1f09cda38ad6f/content/conversions/a7WRo0m6/videos/uNlo9cJQ-26910841.mp4'
  },
  {
    id: 'uNlo9cJQ',
    imageUrl: 'https://assets-jpcust.jwpsrv.com/thumbnails/pevhe9xq-1920.jpg'
  }
]
mediaId: Gh169e2m
Media found for: Gh169e2m  header:  video/mp4
mediaId: 2IDIePlJ
Media found for: 2IDIePlJ  header:  video/mp4
mediaId: dWuM3DHc
Media found for: dWuM3DHc  header:  video/mp4
mediaId: vLm4ljk0
Media found for: vLm4ljk0  header:  video/mp4
mediaId: yECZrNR9
Media found for: yECZrNR9  header:  video/mp4
mediaId: 6wFfFcS1
Media found for: 6wFfFcS1  header:  video/mp4
mediaId: 4tuqqOaL
Media found for: 4tuqqOaL  header:  video/mp4
mediaId: UniUBXe5
Media found for: UniUBXe5  header:  video/mp4
mediaId: pGun1RP1
Media found for: pGun1RP1  header:  video/mp4
mediaId: OeDK0dAE
Media found for: OeDK0dAE  header:  video/mp4
mediaId: pDDlOMlE
Media found for: pDDlOMlE  header:  video/mp4
mediaId: CRWZgZC3
Media found for: CRWZgZC3  header:  video/mp4
mediaId: syKpTiNS
Media found for: syKpTiNS  header:  video/mp4
mediaId: SWivk5y0
Media found for: SWivk5y0  header:  video/mp4
mediaId: f8KpDipp
Media found for: f8KpDipp  header:  video/mp4
mediaId: vr0ZNAAN
Media found for: vr0ZNAAN  header:  video/mp4
mediaId: NHaDdrtZ
Media found for: NHaDdrtZ  header:  video/mp4
mediaId: grIzJPyr
Media found for: grIzJPyr  header:  video/mp4
mediaId: AVo7IST5
Media found for: AVo7IST5  header:  video/mp4
mediaId: IGj3h0zK
Media found for: IGj3h0zK  header:  video/mp4
mediaId: VMgItfMq
Media found for: VMgItfMq  header:  video/mp4
mediaId: Kc5qAPKp
Media found for: Kc5qAPKp  header:  video/mp4
mediaId: h74gS2Fw
Media found for: h74gS2Fw  header:  video/mp4
mediaId: NfaCCQ4P
Media found for: NfaCCQ4P  header:  video/mp4
mediaId: 4TYLwP44
Media found for: 4TYLwP44  header:  video/mp4
mediaId: XZ1ozkr7
Media found for: XZ1ozkr7  header:  video/mp4
mediaId: MDdXZmvH
Media found for: MDdXZmvH  header:  video/mp4
mediaId: C8HLneiD
Media found for: C8HLneiD  header:  video/mp4
mediaId: EqpeExO5
Media found for: EqpeExO5  header:  video/mp4
mediaId: AcBF35HE
Media found for: AcBF35HE  header:  video/mp4
mediaId: z237BHBX
Media found for: z237BHBX  header:  video/mp4
mediaId: AplsfbqP
Media found for: AplsfbqP  header:  video/mp4
mediaId: tMcnY3jA
Media found for: tMcnY3jA  header:  video/mp4
mediaId: 1BtQgQhj
Media found for: 1BtQgQhj  header:  video/mp4
mediaId: U5vlI0q9
Media found for: U5vlI0q9  header:  video/mp4
mediaId: 6A1BdXDo
Media found for: 6A1BdXDo  header:  video/mp4
mediaId: KA6iApBy
Media found for: KA6iApBy  header:  video/mp4
mediaId: hfT3Uxp2
Media found for: hfT3Uxp2  header:  video/mp4
mediaId: wyHOYHti
Media found for: wyHOYHti  header:  video/mp4
mediaId: wdb8Y9aJ
Media found for: wdb8Y9aJ  header:  video/mp4
mediaId: jhEFF4tF
Media found for: jhEFF4tF  header:  video/mp4
mediaId: 1BRh8rcZ
Media found for: 1BRh8rcZ  header:  video/mp4
mediaId: 81Th5KRo
Media found for: 81Th5KRo  header:  video/mp4
mediaId: UniUBXe5
Media found for: UniUBXe5  header:  video/mp4
mediaId: pGun1RP1
Media found for: pGun1RP1  header:  video/mp4
mediaId: OeDK0dAE
Media found for: OeDK0dAE  header:  video/mp4
mediaId: XZ1ozkr7
Media found for: XZ1ozkr7  header:  video/mp4
mediaId: MDdXZmvH
Media found for: MDdXZmvH  header:  video/mp4
mediaId: C8HLneiD
Media found for: C8HLneiD  header:  video/mp4
mediaId: pDDlOMlE
Media found for: pDDlOMlE  header:  video/mp4
mediaId: CRWZgZC3
Media found for: CRWZgZC3  header:  video/mp4
mediaId: syKpTiNS
Media found for: syKpTiNS  header:  video/mp4
mediaId: EqpeExO5
Media found for: EqpeExO5  header:  video/mp4
mediaId: AcBF35HE
Media found for: AcBF35HE  header:  video/mp4
mediaId: z237BHBX
Media found for: z237BHBX  header:  video/mp4
mediaId: SWivk5y0
Media found for: SWivk5y0  header:  video/mp4
mediaId: f8KpDipp
Media found for: f8KpDipp  header:  video/mp4
mediaId: vr0ZNAAN
Media found for: vr0ZNAAN  header:  video/mp4
mediaId: AplsfbqP
Media found for: AplsfbqP  header:  video/mp4
mediaId: tMcnY3jA
Media found for: tMcnY3jA  header:  video/mp4
mediaId: 1BtQgQhj
Media found for: 1BtQgQhj  header:  video/mp4
mediaId: NHaDdrtZ
Media found for: NHaDdrtZ  header:  video/mp4
mediaId: grIzJPyr
Media found for: grIzJPyr  header:  video/mp4
mediaId: AVo7IST5
Media found for: AVo7IST5  header:  video/mp4
mediaId: U5vlI0q9
Media found for: U5vlI0q9  header:  video/mp4
mediaId: 6A1BdXDo
Media found for: 6A1BdXDo  header:  video/mp4
mediaId: KA6iApBy
Media found for: KA6iApBy  header:  video/mp4
mediaId: IGj3h0zK
Media found for: IGj3h0zK  header:  video/mp4
mediaId: VMgItfMq
Media found for: VMgItfMq  header:  video/mp4
mediaId: Kc5qAPKp
Media found for: Kc5qAPKp  header:  video/mp4
mediaId: hfT3Uxp2
Media found for: hfT3Uxp2  header:  video/mp4
mediaId: wyHOYHti
Media found for: wyHOYHti  header:  video/mp4
mediaId: wdb8Y9aJ
Media found for: wdb8Y9aJ  header:  video/mp4
mediaId: h74gS2Fw
Media found for: h74gS2Fw  header:  video/mp4
mediaId: NfaCCQ4P
Media found for: NfaCCQ4P  header:  video/mp4
mediaId: 4TYLwP44
Media found for: 4TYLwP44  header:  video/mp4
mediaId: jhEFF4tF
Media found for: jhEFF4tF  header:  video/mp4
mediaId: 1BRh8rcZ
Media found for: 1BRh8rcZ  header:  video/mp4
mediaId: 81Th5KRo
Media found for: 81Th5KRo  header:  video/mp4
mediaId: uFk3x39h
Media NOT FOUND FOR ID: uFk3x39h
url: https://cdn.jwplayer.com/v2/sites/a7WRo0m6/media/uFk3x39h/playback.json?token=eyJhbGciOiJIUzI1NiIsInR5cCI6IkpXVCJ9.eyJyZXNvdXJjZSI6Ii92Mi9zaXRlcy9hN1dSbzBtNi9tZWRpYS91RmszeDM5aC9wbGF5YmFjay5qc29uIiwiZXhwIjoxNzc0NjQxMDAwfQ.-RBo7BWl7e0Ws8zukOt63uqSaTxvfHiv5cP2TJLL6sw
videoUrl:: https://videos-cloudfront.jwpsrv.com/69c7795e_2e92133fd6bccbf669616d9f7587fca9186f0fd8/content/conversions/a7WRo0m6/videos/uFk3x39h-26910841.mp4
imageUrl:: https://assets-jpcust.jwpsrv.com/thumbnails/r9c0gmy0-1920.jpg
notFoundMediaUrls: [
  {
    id: 'uFk3x39h',
    videoUrl: 'https://videos-cloudfront.jwpsrv.com/69c7795e_2e92133fd6bccbf669616d9f7587fca9186f0fd8/content/conversions/a7WRo0m6/videos/uFk3x39h-26910841.mp4'
  },
  {
    id: 'uFk3x39h',
    imageUrl: 'https://assets-jpcust.jwpsrv.com/thumbnails/r9c0gmy0-1920.jpg'
  }
]
mediaId: O7t6ogYR
Media found for: O7t6ogYR  header:  video/mp4
mediaId: ARkH1McH
Media found for: ARkH1McH  header:  video/mp4
mediaId: KdiLQwDy
Media found for: KdiLQwDy  header:  video/mp4
mediaId: r6hIlDuz
Media found for: r6hIlDuz  header:  video/mp4
mediaId: C6fn1ICI
Media found for: C6fn1ICI  header:  video/mp4
mediaId: 4Jvoumh7
Media NOT FOUND FOR ID: 4Jvoumh7
url: https://cdn.jwplayer.com/v2/sites/a7WRo0m6/media/4Jvoumh7/playback.json?token=eyJhbGciOiJIUzI1NiIsInR5cCI6IkpXVCJ9.eyJyZXNvdXJjZSI6Ii92Mi9zaXRlcy9hN1dSbzBtNi9tZWRpYS80SnZvdW1oNy9wbGF5YmFjay5qc29uIiwiZXhwIjoxNzc0NjQxMDAwfQ.0XCT3AK4MLOdkGozufQYW9TinU-Yl_5muIgZLWYoJnA
videoUrl:: https://videos-cloudfront.jwpsrv.com/69c7794b_a7697d6acc6ebad3d2cc1fb1fd31d742e33a6211/content/conversions/a7WRo0m6/videos/4Jvoumh7-26910841.mp4
imageUrl:: https://assets-jpcust.jwpsrv.com/thumbnails/zmh5eey3-1920.jpg
notFoundMediaUrls: [
  {
    id: '4Jvoumh7',
    videoUrl: 'https://videos-cloudfront.jwpsrv.com/69c7794b_a7697d6acc6ebad3d2cc1fb1fd31d742e33a6211/content/conversions/a7WRo0m6/videos/4Jvoumh7-26910841.mp4'
  },
  {
    id: '4Jvoumh7',
    imageUrl: 'https://assets-jpcust.jwpsrv.com/thumbnails/zmh5eey3-1920.jpg'
  }
]
mediaId: phLxwY3O
Media found for: phLxwY3O  header:  video/mp4
mediaId: CoK2UkuC
Media found for: CoK2UkuC  header:  video/mp4
mediaId: 8iPMqopC
Media found for: 8iPMqopC  header:  video/mp4
mediaId: o7bslHGW
Media found for: o7bslHGW  header:  video/mp4
mediaId: n3sxlZ5C
Media found for: n3sxlZ5C  header:  video/mp4
mediaId: lH1nvkig
Media found for: lH1nvkig  header:  video/mp4
mediaId: r3oMdOo7
Media NOT FOUND FOR ID: r3oMdOo7
url: https://cdn.jwplayer.com/v2/sites/a7WRo0m6/media/r3oMdOo7/playback.json?token=eyJhbGciOiJIUzI1NiIsInR5cCI6IkpXVCJ9.eyJyZXNvdXJjZSI6Ii92Mi9zaXRlcy9hN1dSbzBtNi9tZWRpYS9yM29NZE9vNy9wbGF5YmFjay5qc29uIiwiZXhwIjoxNzc0NjQxMDAwfQ.iToavXyL4n7rBvQ8gVjfXaHoqwdsvd0_vJepxHC-SuE
videoUrl:: https://videos-cloudfront.jwpsrv.com/69c77a0e_b49eb8b19af8f6a3c76f9645660de03eb4f77275/content/conversions/a7WRo0m6/videos/r3oMdOo7-26910841.mp4
imageUrl:: https://assets-jpcust.jwpsrv.com/thumbnails/syco2h4q-1920.jpg
notFoundMediaUrls: [
  {
    id: 'r3oMdOo7',
    videoUrl: 'https://videos-cloudfront.jwpsrv.com/69c77a0e_b49eb8b19af8f6a3c76f9645660de03eb4f77275/content/conversions/a7WRo0m6/videos/r3oMdOo7-26910841.mp4'
  },
  {
    id: 'r3oMdOo7',
    imageUrl: 'https://assets-jpcust.jwpsrv.com/thumbnails/syco2h4q-1920.jpg'
  }
]
mediaId: J8LgkCx5
Media found for: J8LgkCx5  header:  video/mp4
mediaId: DyulyeTv
Media found for: DyulyeTv  header:  video/mp4
mediaId: jVL4SHQe
Media found for: jVL4SHQe  header:  video/mp4
mediaId: 6INiVmj8
Media found for: 6INiVmj8  header:  video/mp4
mediaId: DBf58Rpk
Media found for: DBf58Rpk  header:  video/mp4
mediaId: WXmCAfGL
Media found for: WXmCAfGL  header:  video/mp4
mediaId: ZGog3PCy
Media NOT FOUND FOR ID: ZGog3PCy
url: https://cdn.jwplayer.com/v2/sites/a7WRo0m6/media/ZGog3PCy/playback.json?token=eyJhbGciOiJIUzI1NiIsInR5cCI6IkpXVCJ9.eyJyZXNvdXJjZSI6Ii92Mi9zaXRlcy9hN1dSbzBtNi9tZWRpYS9aR29nM1BDeS9wbGF5YmFjay5qc29uIiwiZXhwIjoxNzc0NjQxMDAwfQ.be-tsRCOMffqI_X1DToPbcI523P0eUDq6Q7F5bvtiGU
videoUrl:: https://videos-cloudfront.jwpsrv.com/69c779ec_2f27ab10c90315d015c4bb4561f049b66af24e0c/content/conversions/a7WRo0m6/videos/ZGog3PCy-26910841.mp4
imageUrl:: https://assets-jpcust.jwpsrv.com/thumbnails/mmdrz7iw-1920.jpg
notFoundMediaUrls: [
  {
    id: 'ZGog3PCy',
    videoUrl: 'https://videos-cloudfront.jwpsrv.com/69c779ec_2f27ab10c90315d015c4bb4561f049b66af24e0c/content/conversions/a7WRo0m6/videos/ZGog3PCy-26910841.mp4'
  },
  {
    id: 'ZGog3PCy',
    imageUrl: 'https://assets-jpcust.jwpsrv.com/thumbnails/mmdrz7iw-1920.jpg'
  }
]
mediaId: uXpxVUd3
Media found for: uXpxVUd3  header:  video/mp4
mediaId: sEl6cnGc
Media found for: sEl6cnGc  header:  video/mp4
mediaId: EZ9Lv8SF
Media found for: EZ9Lv8SF  header:  video/mp4
mediaId: l5zbJD6N
Media found for: l5zbJD6N  header:  video/mp4
mediaId: rbdqXKxr
Media found for: rbdqXKxr  header:  video/mp4
mediaId: AOPRaFWY
Media found for: AOPRaFWY  header:  video/mp4
mediaId: lXnIZ6Q7
Media NOT FOUND FOR ID: lXnIZ6Q7
url: https://cdn.jwplayer.com/v2/sites/a7WRo0m6/media/lXnIZ6Q7/playback.json?token=eyJhbGciOiJIUzI1NiIsInR5cCI6IkpXVCJ9.eyJyZXNvdXJjZSI6Ii92Mi9zaXRlcy9hN1dSbzBtNi9tZWRpYS9sWG5JWjZRNy9wbGF5YmFjay5qc29uIiwiZXhwIjoxNzc0NjQxMDAwfQ.ZiuKyhymu3Zlhn5HNiZkPlu4DpQGCqD27GZiR48mA_Y
videoUrl:: https://videos-cloudfront.jwpsrv.com/69c77958_9c00d4534475810ad806d785726429b3556e801f/content/conversions/a7WRo0m6/videos/lXnIZ6Q7-26910841.mp4
imageUrl:: https://assets-jpcust.jwpsrv.com/thumbnails/vwy5x2b5-1920.jpg
notFoundMediaUrls: [
  {
    id: 'lXnIZ6Q7',
    videoUrl: 'https://videos-cloudfront.jwpsrv.com/69c77958_9c00d4534475810ad806d785726429b3556e801f/content/conversions/a7WRo0m6/videos/lXnIZ6Q7-26910841.mp4'
  },
  {
    id: 'lXnIZ6Q7',
    imageUrl: 'https://assets-jpcust.jwpsrv.com/thumbnails/vwy5x2b5-1920.jpg'
  }
]
mediaId: GDsFyRUO
Media found for: GDsFyRUO  header:  video/mp4
mediaId: F8w9UnkR
Media found for: F8w9UnkR  header:  video/mp4
mediaId: rW02F4Xq
Media found for: rW02F4Xq  header:  video/mp4
mediaId: 1o5taBvM
Media found for: 1o5taBvM  header:  video/mp4
mediaId: n90hVbMq
Media found for: n90hVbMq  header:  video/mp4
mediaId: IDACoM5K
Media found for: IDACoM5K  header:  video/mp4
mediaId: j0V99Hgc
Media NOT FOUND FOR ID: j0V99Hgc
url: https://cdn.jwplayer.com/v2/sites/a7WRo0m6/media/j0V99Hgc/playback.json?token=eyJhbGciOiJIUzI1NiIsInR5cCI6IkpXVCJ9.eyJyZXNvdXJjZSI6Ii92Mi9zaXRlcy9hN1dSbzBtNi9tZWRpYS9qMFY5OUhnYy9wbGF5YmFjay5qc29uIiwiZXhwIjoxNzc0NjQxMDAwfQ.EZVWS5hrE1ah-qTLKainWpWe4lvVhK9CxmEe8z_gucU
videoUrl:: https://videos-cloudfront.jwpsrv.com/69c779bc_6c9d75e2e907f47a8432627b1ac9faaa05b0db02/content/conversions/a7WRo0m6/videos/j0V99Hgc-26910841.mp4
imageUrl:: https://assets-jpcust.jwpsrv.com/thumbnails/mcqhj256-1920.jpg
notFoundMediaUrls: [
  {
    id: 'j0V99Hgc',
    videoUrl: 'https://videos-cloudfront.jwpsrv.com/69c779bc_6c9d75e2e907f47a8432627b1ac9faaa05b0db02/content/conversions/a7WRo0m6/videos/j0V99Hgc-26910841.mp4'
  },
  {
    id: 'j0V99Hgc',
    imageUrl: 'https://assets-jpcust.jwpsrv.com/thumbnails/mcqhj256-1920.jpg'
  }
]
mediaId: lVz2cbEY
Media found for: lVz2cbEY  header:  video/mp4
mediaId: G5qjVEFK
Media found for: G5qjVEFK  header:  video/mp4
mediaId: B1XAdn1J
Media found for: B1XAdn1J  header:  video/mp4
mediaId: 3qHaKWDp
Media found for: 3qHaKWDp  header:  video/mp4
mediaId: lWa4DyuP
Media found for: lWa4DyuP  header:  video/mp4
mediaId: jznFt094
Media found for: jznFt094  header:  video/mp4
mediaId: qeRvUWtK
Media NOT FOUND FOR ID: qeRvUWtK
url: https://cdn.jwplayer.com/v2/sites/a7WRo0m6/media/qeRvUWtK/playback.json?token=eyJhbGciOiJIUzI1NiIsInR5cCI6IkpXVCJ9.eyJyZXNvdXJjZSI6Ii92Mi9zaXRlcy9hN1dSbzBtNi9tZWRpYS9xZVJ2VVd0Sy9wbGF5YmFjay5qc29uIiwiZXhwIjoxNzc0NjQxMDAwfQ.gY34UOERHoqflszPFn73LvDAf_tyn6mIU6O_M3fxxrA
videoUrl:: https://videos-cloudfront.jwpsrv.com/69c77957_12211186ef0e744c5ddba614234363f83e0cf993/content/conversions/a7WRo0m6/videos/qeRvUWtK-26910841.mp4
imageUrl:: https://assets-jpcust.jwpsrv.com/thumbnails/nxzzv8s1-1920.jpg
notFoundMediaUrls: [
  {
    id: 'qeRvUWtK',
    videoUrl: 'https://videos-cloudfront.jwpsrv.com/69c77957_12211186ef0e744c5ddba614234363f83e0cf993/content/conversions/a7WRo0m6/videos/qeRvUWtK-26910841.mp4'
  },
  {
    id: 'qeRvUWtK',
    imageUrl: 'https://assets-jpcust.jwpsrv.com/thumbnails/nxzzv8s1-1920.jpg'
  }
]
mediaId: uFk3x39h
Media NOT FOUND FOR ID: uFk3x39h
url: https://cdn.jwplayer.com/v2/sites/a7WRo0m6/media/uFk3x39h/playback.json?token=eyJhbGciOiJIUzI1NiIsInR5cCI6IkpXVCJ9.eyJyZXNvdXJjZSI6Ii92Mi9zaXRlcy9hN1dSbzBtNi9tZWRpYS91RmszeDM5aC9wbGF5YmFjay5qc29uIiwiZXhwIjoxNzc0NjQxMDAwfQ.-RBo7BWl7e0Ws8zukOt63uqSaTxvfHiv5cP2TJLL6sw
videoUrl:: https://videos-cloudfront.jwpsrv.com/69c7795e_2e92133fd6bccbf669616d9f7587fca9186f0fd8/content/conversions/a7WRo0m6/videos/uFk3x39h-26910841.mp4
imageUrl:: https://assets-jpcust.jwpsrv.com/thumbnails/r9c0gmy0-1920.jpg
notFoundMediaUrls: [
  {
    id: 'uFk3x39h',
    videoUrl: 'https://videos-cloudfront.jwpsrv.com/69c7795e_2e92133fd6bccbf669616d9f7587fca9186f0fd8/content/conversions/a7WRo0m6/videos/uFk3x39h-26910841.mp4'
  },
  {
    id: 'uFk3x39h',
    imageUrl: 'https://assets-jpcust.jwpsrv.com/thumbnails/r9c0gmy0-1920.jpg'
  }
]
mediaId: O7t6ogYR
Media found for: O7t6ogYR  header:  video/mp4
mediaId: ARkH1McH
Media found for: ARkH1McH  header:  video/mp4
mediaId: phLxwY3O
Media found for: phLxwY3O  header:  video/mp4
mediaId: CoK2UkuC
Media found for: CoK2UkuC  header:  video/mp4
mediaId: 8iPMqopC
Media found for: 8iPMqopC  header:  video/mp4
mediaId: J8LgkCx5
Media found for: J8LgkCx5  header:  video/mp4
mediaId: DyulyeTv
Media found for: DyulyeTv  header:  video/mp4
mediaId: jVL4SHQe
Media found for: jVL4SHQe  header:  video/mp4
mediaId: uXpxVUd3
Media found for: uXpxVUd3  header:  video/mp4
mediaId: sEl6cnGc
Media found for: sEl6cnGc  header:  video/mp4
mediaId: EZ9Lv8SF
Media found for: EZ9Lv8SF  header:  video/mp4
mediaId: GDsFyRUO
Media found for: GDsFyRUO  header:  video/mp4
mediaId: F8w9UnkR
Media found for: F8w9UnkR  header:  video/mp4
mediaId: rW02F4Xq
Media found for: rW02F4Xq  header:  video/mp4
mediaId: qeRvUWtK
Media NOT FOUND FOR ID: qeRvUWtK
url: https://cdn.jwplayer.com/v2/sites/a7WRo0m6/media/qeRvUWtK/playback.json?token=eyJhbGciOiJIUzI1NiIsInR5cCI6IkpXVCJ9.eyJyZXNvdXJjZSI6Ii92Mi9zaXRlcy9hN1dSbzBtNi9tZWRpYS9xZVJ2VVd0Sy9wbGF5YmFjay5qc29uIiwiZXhwIjoxNzc0NjQxMDAwfQ.gY34UOERHoqflszPFn73LvDAf_tyn6mIU6O_M3fxxrA
videoUrl:: https://videos-cloudfront.jwpsrv.com/69c77957_12211186ef0e744c5ddba614234363f83e0cf993/content/conversions/a7WRo0m6/videos/qeRvUWtK-26910841.mp4
imageUrl:: https://assets-jpcust.jwpsrv.com/thumbnails/nxzzv8s1-1920.jpg
notFoundMediaUrls: [
  {
    id: 'qeRvUWtK',
    videoUrl: 'https://videos-cloudfront.jwpsrv.com/69c77957_12211186ef0e744c5ddba614234363f83e0cf993/content/conversions/a7WRo0m6/videos/qeRvUWtK-26910841.mp4'
  },
  {
    id: 'qeRvUWtK',
    imageUrl: 'https://assets-jpcust.jwpsrv.com/thumbnails/nxzzv8s1-1920.jpg'
  }
]
mediaId: 4Jvoumh7
Media NOT FOUND FOR ID: 4Jvoumh7
url: https://cdn.jwplayer.com/v2/sites/a7WRo0m6/media/4Jvoumh7/playback.json?token=eyJhbGciOiJIUzI1NiIsInR5cCI6IkpXVCJ9.eyJyZXNvdXJjZSI6Ii92Mi9zaXRlcy9hN1dSbzBtNi9tZWRpYS80SnZvdW1oNy9wbGF5YmFjay5qc29uIiwiZXhwIjoxNzc0NjQxMDAwfQ.0XCT3AK4MLOdkGozufQYW9TinU-Yl_5muIgZLWYoJnA
videoUrl:: https://videos-cloudfront.jwpsrv.com/69c7794b_a7697d6acc6ebad3d2cc1fb1fd31d742e33a6211/content/conversions/a7WRo0m6/videos/4Jvoumh7-26910841.mp4
imageUrl:: https://assets-jpcust.jwpsrv.com/thumbnails/zmh5eey3-1920.jpg
notFoundMediaUrls: [
  {
    id: '4Jvoumh7',
    videoUrl: 'https://videos-cloudfront.jwpsrv.com/69c7794b_a7697d6acc6ebad3d2cc1fb1fd31d742e33a6211/content/conversions/a7WRo0m6/videos/4Jvoumh7-26910841.mp4'
  },
  {
    id: '4Jvoumh7',
    imageUrl: 'https://assets-jpcust.jwpsrv.com/thumbnails/zmh5eey3-1920.jpg'
  }
]
mediaId: r3oMdOo7
Media NOT FOUND FOR ID: r3oMdOo7
url: https://cdn.jwplayer.com/v2/sites/a7WRo0m6/media/r3oMdOo7/playback.json?token=eyJhbGciOiJIUzI1NiIsInR5cCI6IkpXVCJ9.eyJyZXNvdXJjZSI6Ii92Mi9zaXRlcy9hN1dSbzBtNi9tZWRpYS9yM29NZE9vNy9wbGF5YmFjay5qc29uIiwiZXhwIjoxNzc0NjQxMDAwfQ.iToavXyL4n7rBvQ8gVjfXaHoqwdsvd0_vJepxHC-SuE
videoUrl:: https://videos-cloudfront.jwpsrv.com/69c77a0e_b49eb8b19af8f6a3c76f9645660de03eb4f77275/content/conversions/a7WRo0m6/videos/r3oMdOo7-26910841.mp4
imageUrl:: https://assets-jpcust.jwpsrv.com/thumbnails/syco2h4q-1920.jpg
notFoundMediaUrls: [
  {
    id: 'r3oMdOo7',
    videoUrl: 'https://videos-cloudfront.jwpsrv.com/69c77a0e_b49eb8b19af8f6a3c76f9645660de03eb4f77275/content/conversions/a7WRo0m6/videos/r3oMdOo7-26910841.mp4'
  },
  {
    id: 'r3oMdOo7',
    imageUrl: 'https://assets-jpcust.jwpsrv.com/thumbnails/syco2h4q-1920.jpg'
  }
]
mediaId: ZGog3PCy
Media NOT FOUND FOR ID: ZGog3PCy
url: https://cdn.jwplayer.com/v2/sites/a7WRo0m6/media/ZGog3PCy/playback.json?token=eyJhbGciOiJIUzI1NiIsInR5cCI6IkpXVCJ9.eyJyZXNvdXJjZSI6Ii92Mi9zaXRlcy9hN1dSbzBtNi9tZWRpYS9aR29nM1BDeS9wbGF5YmFjay5qc29uIiwiZXhwIjoxNzc0NjQxMDAwfQ.be-tsRCOMffqI_X1DToPbcI523P0eUDq6Q7F5bvtiGU
videoUrl:: https://videos-cloudfront.jwpsrv.com/69c779ec_2f27ab10c90315d015c4bb4561f049b66af24e0c/content/conversions/a7WRo0m6/videos/ZGog3PCy-26910841.mp4
imageUrl:: https://assets-jpcust.jwpsrv.com/thumbnails/mmdrz7iw-1920.jpg
notFoundMediaUrls: [
  {
    id: 'ZGog3PCy',
    videoUrl: 'https://videos-cloudfront.jwpsrv.com/69c779ec_2f27ab10c90315d015c4bb4561f049b66af24e0c/content/conversions/a7WRo0m6/videos/ZGog3PCy-26910841.mp4'
  },
  {
    id: 'ZGog3PCy',
    imageUrl: 'https://assets-jpcust.jwpsrv.com/thumbnails/mmdrz7iw-1920.jpg'
  }
]
mediaId: lXnIZ6Q7
Media NOT FOUND FOR ID: lXnIZ6Q7
url: https://cdn.jwplayer.com/v2/sites/a7WRo0m6/media/lXnIZ6Q7/playback.json?token=eyJhbGciOiJIUzI1NiIsInR5cCI6IkpXVCJ9.eyJyZXNvdXJjZSI6Ii92Mi9zaXRlcy9hN1dSbzBtNi9tZWRpYS9sWG5JWjZRNy9wbGF5YmFjay5qc29uIiwiZXhwIjoxNzc0NjQxMDAwfQ.ZiuKyhymu3Zlhn5HNiZkPlu4DpQGCqD27GZiR48mA_Y
videoUrl:: https://videos-cloudfront.jwpsrv.com/69c77958_9c00d4534475810ad806d785726429b3556e801f/content/conversions/a7WRo0m6/videos/lXnIZ6Q7-26910841.mp4
imageUrl:: https://assets-jpcust.jwpsrv.com/thumbnails/vwy5x2b5-1920.jpg
notFoundMediaUrls: [
  {
    id: 'lXnIZ6Q7',
    videoUrl: 'https://videos-cloudfront.jwpsrv.com/69c77958_9c00d4534475810ad806d785726429b3556e801f/content/conversions/a7WRo0m6/videos/lXnIZ6Q7-26910841.mp4'
  },
  {
    id: 'lXnIZ6Q7',
    imageUrl: 'https://assets-jpcust.jwpsrv.com/thumbnails/vwy5x2b5-1920.jpg'
  }
]
mediaId: j0V99Hgc
Media NOT FOUND FOR ID: j0V99Hgc
url: https://cdn.jwplayer.com/v2/sites/a7WRo0m6/media/j0V99Hgc/playback.json?token=eyJhbGciOiJIUzI1NiIsInR5cCI6IkpXVCJ9.eyJyZXNvdXJjZSI6Ii92Mi9zaXRlcy9hN1dSbzBtNi9tZWRpYS9qMFY5OUhnYy9wbGF5YmFjay5qc29uIiwiZXhwIjoxNzc0NjQxMDAwfQ.EZVWS5hrE1ah-qTLKainWpWe4lvVhK9CxmEe8z_gucU
videoUrl:: https://videos-cloudfront.jwpsrv.com/69c779bc_6c9d75e2e907f47a8432627b1ac9faaa05b0db02/content/conversions/a7WRo0m6/videos/j0V99Hgc-26910841.mp4
imageUrl:: https://assets-jpcust.jwpsrv.com/thumbnails/mcqhj256-1920.jpg
notFoundMediaUrls: [
  {
    id: 'j0V99Hgc',
    videoUrl: 'https://videos-cloudfront.jwpsrv.com/69c779bc_6c9d75e2e907f47a8432627b1ac9faaa05b0db02/content/conversions/a7WRo0m6/videos/j0V99Hgc-26910841.mp4'
  },
  {
    id: 'j0V99Hgc',
    imageUrl: 'https://assets-jpcust.jwpsrv.com/thumbnails/mcqhj256-1920.jpg'
  }
]
mediaId: qeRvUWtK
Media NOT FOUND FOR ID: qeRvUWtK
url: https://cdn.jwplayer.com/v2/sites/a7WRo0m6/media/qeRvUWtK/playback.json?token=eyJhbGciOiJIUzI1NiIsInR5cCI6IkpXVCJ9.eyJyZXNvdXJjZSI6Ii92Mi9zaXRlcy9hN1dSbzBtNi9tZWRpYS9xZVJ2VVd0Sy9wbGF5YmFjay5qc29uIiwiZXhwIjoxNzc0NjQxMDAwfQ.gY34UOERHoqflszPFn73LvDAf_tyn6mIU6O_M3fxxrA
videoUrl:: https://videos-cloudfront.jwpsrv.com/69c77957_12211186ef0e744c5ddba614234363f83e0cf993/content/conversions/a7WRo0m6/videos/qeRvUWtK-26910841.mp4
imageUrl:: https://assets-jpcust.jwpsrv.com/thumbnails/nxzzv8s1-1920.jpg
notFoundMediaUrls: [
  {
    id: 'qeRvUWtK',
    videoUrl: 'https://videos-cloudfront.jwpsrv.com/69c77957_12211186ef0e744c5ddba614234363f83e0cf993/content/conversions/a7WRo0m6/videos/qeRvUWtK-26910841.mp4'
  },
  {
    id: 'qeRvUWtK',
    imageUrl: 'https://assets-jpcust.jwpsrv.com/thumbnails/nxzzv8s1-1920.jpg'
  }
]
mediaId: KdiLQwDy
Media found for: KdiLQwDy  header:  video/mp4
mediaId: r6hIlDuz
Media found for: r6hIlDuz  header:  video/mp4
mediaId: C6fn1ICI
Media found for: C6fn1ICI  header:  video/mp4
mediaId: o7bslHGW
Media found for: o7bslHGW  header:  video/mp4
mediaId: n3sxlZ5C
Media found for: n3sxlZ5C  header:  video/mp4
mediaId: lH1nvkig
Media found for: lH1nvkig  header:  video/mp4
mediaId: 6INiVmj8
Media found for: 6INiVmj8  header:  video/mp4
mediaId: DBf58Rpk
Media found for: DBf58Rpk  header:  video/mp4
mediaId: WXmCAfGL
Media found for: WXmCAfGL  header:  video/mp4
mediaId: l5zbJD6N
Media found for: l5zbJD6N  header:  video/mp4
mediaId: rbdqXKxr
Media found for: rbdqXKxr  header:  video/mp4
mediaId: AOPRaFWY
Media found for: AOPRaFWY  header:  video/mp4
mediaId: 1o5taBvM
Media found for: 1o5taBvM  header:  video/mp4
mediaId: n90hVbMq
Media found for: n90hVbMq  header:  video/mp4
mediaId: IDACoM5K
Media found for: IDACoM5K  header:  video/mp4
mediaId: 3qHaKWDp
Media found for: 3qHaKWDp  header:  video/mp4
mediaId: lWa4DyuP
Media found for: lWa4DyuP  header:  video/mp4
mediaId: jznFt094
Media found for: jznFt094  header:  video/mp4
mediaId: Ez6gRGE0
Media found for: Ez6gRGE0  header:  video/mp4
mediaId: 0Pf99GPh
Media found for: 0Pf99GPh  header:  video/mp4
mediaId: G6c6ZumJ
Media found for: G6c6ZumJ  header:  video/mp4
mediaId: uNlo9cJQ
Media NOT FOUND FOR ID: uNlo9cJQ
url: https://cdn.jwplayer.com/v2/sites/a7WRo0m6/media/uNlo9cJQ/playback.json?token=eyJhbGciOiJIUzI1NiIsInR5cCI6IkpXVCJ9.eyJyZXNvdXJjZSI6Ii92Mi9zaXRlcy9hN1dSbzBtNi9tZWRpYS91TmxvOWNKUS9wbGF5YmFjay5qc29uIiwiZXhwIjoxNzc0NjQxMDAwfQ.In4ctiz_vBSjMr6P0Gsha4UVDHG5QtsfY83dPmIulAk
videoUrl:: https://videos-cloudfront.jwpsrv.com/69c77939_084fd8843fbf5485d24b6104ddc1f09cda38ad6f/content/conversions/a7WRo0m6/videos/uNlo9cJQ-26910841.mp4
imageUrl:: https://assets-jpcust.jwpsrv.com/thumbnails/pevhe9xq-1920.jpg
notFoundMediaUrls: [
  {
    id: 'uNlo9cJQ',
    videoUrl: 'https://videos-cloudfront.jwpsrv.com/69c77939_084fd8843fbf5485d24b6104ddc1f09cda38ad6f/content/conversions/a7WRo0m6/videos/uNlo9cJQ-26910841.mp4'
  },
  {
    id: 'uNlo9cJQ',
    imageUrl: 'https://assets-jpcust.jwpsrv.com/thumbnails/pevhe9xq-1920.jpg'
  }
]
mediaId: 3ZVhYbtw
Media found for: 3ZVhYbtw  header:  video/mp4
mediaId: 4tuqqOaL
Media found for: 4tuqqOaL  header:  video/mp4
mediaId: gPb3Ga9v
Media found for: gPb3Ga9v  header:  video/mp4
mediaId: 9Vpk3Ynt
Media NOT FOUND FOR ID: 9Vpk3Ynt
url: https://cdn.jwplayer.com/v2/sites/a7WRo0m6/media/9Vpk3Ynt/playback.json?token=eyJhbGciOiJIUzI1NiIsInR5cCI6IkpXVCJ9.eyJyZXNvdXJjZSI6Ii92Mi9zaXRlcy9hN1dSbzBtNi9tZWRpYS85VnBrM1ludC9wbGF5YmFjay5qc29uIiwiZXhwIjoxNzc0NjQxMDAwfQ.ohJSc_14o_ib2tXDiDDXCvwZZmpA3ESqv20XhFTDE80
videoUrl:: https://videos-cloudfront.jwpsrv.com/69c77a0f_48731ffd477b5ce9a84bcd047b48cf703407f16f/content/conversions/a7WRo0m6/videos/9Vpk3Ynt-26910841.mp4
imageUrl:: https://assets-jpcust.jwpsrv.com/thumbnails/uivv3vuq-1920.jpg
notFoundMediaUrls: [
  {
    id: '9Vpk3Ynt',
    videoUrl: 'https://videos-cloudfront.jwpsrv.com/69c77a0f_48731ffd477b5ce9a84bcd047b48cf703407f16f/content/conversions/a7WRo0m6/videos/9Vpk3Ynt-26910841.mp4'
  },
  {
    id: '9Vpk3Ynt',
    imageUrl: 'https://assets-jpcust.jwpsrv.com/thumbnails/uivv3vuq-1920.jpg'
  }
]
mediaId: vLm4ljk0
Media found for: vLm4ljk0  header:  video/mp4
mediaId: OX0bc5Ns
Media found for: OX0bc5Ns  header:  video/mp4
mediaId: gEpAm3io
Media found for: gEpAm3io  header:  video/mp4
mediaId: t4IRrxYo
Media found for: t4IRrxYo  header:  video/mp4
mediaId: CMExQkvL
Media found for: CMExQkvL  header:  video/mp4
mediaId: EFQ9Juou
Media found for: EFQ9Juou  header:  video/mp4
mediaId: HDbzMB0f
Media found for: HDbzMB0f  header:  video/mp4
mediaId: T4qdGuYu
Media found for: T4qdGuYu  header:  video/mp4
mediaId: prP70tjq
Media found for: prP70tjq  header:  video/mp4
mediaId: z65nEZfN
Media found for: z65nEZfN  header:  video/mp4
mediaId: ohFYVA6P
Media found for: ohFYVA6P  header:  video/mp4
mediaId: 62yFcS9y
Media found for: 62yFcS9y  header:  video/mp4
mediaId: e4HxprcP
Media found for: e4HxprcP  header:  video/mp4
mediaId: JwNcDsSj
Media found for: JwNcDsSj  header:  video/mp4
mediaId: sJiCW7IP
Media found for: sJiCW7IP  header:  video/mp4
mediaId: fLkfLrfC
Media NOT FOUND FOR ID: fLkfLrfC
url: https://cdn.jwplayer.com/v2/sites/a7WRo0m6/media/fLkfLrfC/playback.json?token=eyJhbGciOiJIUzI1NiIsInR5cCI6IkpXVCJ9.eyJyZXNvdXJjZSI6Ii92Mi9zaXRlcy9hN1dSbzBtNi9tZWRpYS9mTGtmTHJmQy9wbGF5YmFjay5qc29uIiwiZXhwIjoxNzc0NjQxMDAwfQ.MqSSZzcbjjtBFT42x8kgkvkwrcceEVDjkqvQuw8srEc
videoUrl:: https://videos-cloudfront.jwpsrv.com/69c77a44_3144ef46ef0f2804ceb2522c9a8dd1d3a4388863/content/conversions/a7WRo0m6/videos/fLkfLrfC-26910841.mp4
imageUrl:: https://assets-jpcust.jwpsrv.com/thumbnails/ymsad1q8-1920.jpg
notFoundMediaUrls: [
  {
    id: 'fLkfLrfC',
    videoUrl: 'https://videos-cloudfront.jwpsrv.com/69c77a44_3144ef46ef0f2804ceb2522c9a8dd1d3a4388863/content/conversions/a7WRo0m6/videos/fLkfLrfC-26910841.mp4'
  },
  {
    id: 'fLkfLrfC',
    imageUrl: 'https://assets-jpcust.jwpsrv.com/thumbnails/ymsad1q8-1920.jpg'
  }
]
mediaId: CeV02n2B
Media found for: CeV02n2B  header:  video/mp4
mediaId: iSKzPzG6
Media found for: iSKzPzG6  header:  video/mp4
mediaId: bYptWVYV
Media found for: bYptWVYV  header:  video/mp4
mediaId: gPb3Ga9v
Media found for: gPb3Ga9v  header:  video/mp4
mediaId: 9Vpk3Ynt
Media NOT FOUND FOR ID: 9Vpk3Ynt
url: https://cdn.jwplayer.com/v2/sites/a7WRo0m6/media/9Vpk3Ynt/playback.json?token=eyJhbGciOiJIUzI1NiIsInR5cCI6IkpXVCJ9.eyJyZXNvdXJjZSI6Ii92Mi9zaXRlcy9hN1dSbzBtNi9tZWRpYS85VnBrM1ludC9wbGF5YmFjay5qc29uIiwiZXhwIjoxNzc0NjQxMDAwfQ.ohJSc_14o_ib2tXDiDDXCvwZZmpA3ESqv20XhFTDE80
videoUrl:: https://videos-cloudfront.jwpsrv.com/69c77a0f_48731ffd477b5ce9a84bcd047b48cf703407f16f/content/conversions/a7WRo0m6/videos/9Vpk3Ynt-26910841.mp4
imageUrl:: https://assets-jpcust.jwpsrv.com/thumbnails/uivv3vuq-1920.jpg
notFoundMediaUrls: [
  {
    id: '9Vpk3Ynt',
    videoUrl: 'https://videos-cloudfront.jwpsrv.com/69c77a0f_48731ffd477b5ce9a84bcd047b48cf703407f16f/content/conversions/a7WRo0m6/videos/9Vpk3Ynt-26910841.mp4'
  },
  {
    id: '9Vpk3Ynt',
    imageUrl: 'https://assets-jpcust.jwpsrv.com/thumbnails/uivv3vuq-1920.jpg'
  }
]
mediaId: vLm4ljk0
Media found for: vLm4ljk0  header:  video/mp4
mediaId: YKVQv3Pv
Media NOT FOUND FOR ID: YKVQv3Pv
url: https://cdn.jwplayer.com/v2/sites/a7WRo0m6/media/YKVQv3Pv/playback.json?token=eyJhbGciOiJIUzI1NiIsInR5cCI6IkpXVCJ9.eyJyZXNvdXJjZSI6Ii92Mi9zaXRlcy9hN1dSbzBtNi9tZWRpYS9ZS1ZRdjNQdi9wbGF5YmFjay5qc29uIiwiZXhwIjoxNzc0NjQxMDAwfQ.ipFxjnA1vi-UJGesc7hveMFQBXwv5xRkl1vYBgaNTXM
videoUrl:: https://videos-cloudfront.jwpsrv.com/69c779b7_778956dc42a0c64abe587cef46f362fdf5b77280/content/conversions/a7WRo0m6/videos/YKVQv3Pv-26910841.mp4
imageUrl:: https://assets-jpcust.jwpsrv.com/thumbnails/ljan5q09-1920.jpg
notFoundMediaUrls: [
  {
    id: 'YKVQv3Pv',
    videoUrl: 'https://videos-cloudfront.jwpsrv.com/69c779b7_778956dc42a0c64abe587cef46f362fdf5b77280/content/conversions/a7WRo0m6/videos/YKVQv3Pv-26910841.mp4'
  },
  {
    id: 'YKVQv3Pv',
    imageUrl: 'https://assets-jpcust.jwpsrv.com/thumbnails/ljan5q09-1920.jpg'
  }
]
mediaId: qpQTKI4P
Media found for: qpQTKI4P  header:  video/mp4
mediaId: Kx5MLlbn
Media found for: Kx5MLlbn  header:  video/mp4
mediaId: ohFYVA6P
Media found for: ohFYVA6P  header:  video/mp4
mediaId: 62yFcS9y
Media found for: 62yFcS9y  header:  video/mp4
mediaId: e4HxprcP
Media found for: e4HxprcP  header:  video/mp4
mediaId: uqmanBRH
Media found for: uqmanBRH  header:  video/mp4
mediaId: qziX1RyG
Media found for: qziX1RyG  header:  video/mp4
mediaId: dI7NAjsP
Media found for: dI7NAjsP  header:  video/mp4
mediaId: km2tsjw6
Media found for: km2tsjw6  header:  video/mp4
mediaId: d3qpKIyc
Media NOT FOUND FOR ID: d3qpKIyc
url: https://cdn.jwplayer.com/v2/sites/a7WRo0m6/media/d3qpKIyc/playback.json?token=eyJhbGciOiJIUzI1NiIsInR5cCI6IkpXVCJ9.eyJyZXNvdXJjZSI6Ii92Mi9zaXRlcy9hN1dSbzBtNi9tZWRpYS9kM3FwS0l5Yy9wbGF5YmFjay5qc29uIiwiZXhwIjoxNzc0NjQxMDAwfQ.mk47wHl1tTCmJUmWxjPX8oTyThFhiQRJVUdVqppdtBA
videoUrl:: https://videos-cloudfront.jwpsrv.com/69c77a3c_1a843ea4920e824c1c24c0715642e7e960c79d16/content/conversions/a7WRo0m6/videos/d3qpKIyc-26910841.mp4
imageUrl:: https://assets-jpcust.jwpsrv.com/thumbnails/uvfyjv7m-1920.jpg
notFoundMediaUrls: [
  {
    id: 'd3qpKIyc',
    videoUrl: 'https://videos-cloudfront.jwpsrv.com/69c77a3c_1a843ea4920e824c1c24c0715642e7e960c79d16/content/conversions/a7WRo0m6/videos/d3qpKIyc-26910841.mp4'
  },
  {
    id: 'd3qpKIyc',
    imageUrl: 'https://assets-jpcust.jwpsrv.com/thumbnails/uvfyjv7m-1920.jpg'
  }
]
mediaId: vTU0CzIS
Media NOT FOUND FOR ID: vTU0CzIS
url: https://cdn.jwplayer.com/v2/sites/a7WRo0m6/media/vTU0CzIS/playback.json?token=eyJhbGciOiJIUzI1NiIsInR5cCI6IkpXVCJ9.eyJyZXNvdXJjZSI6Ii92Mi9zaXRlcy9hN1dSbzBtNi9tZWRpYS92VFUwQ3pJUy9wbGF5YmFjay5qc29uIiwiZXhwIjoxNzc0NjQxMDAwfQ.Ko3-sXeay_u3k-TMSbE1QOGWlFol4oi88YmQsj1pa2Y
videoUrl:: https://videos-cloudfront.jwpsrv.com/69c7794d_2e99fe9934c72b8a8fd1c9e56d7671fb5f10b659/content/conversions/a7WRo0m6/videos/vTU0CzIS-26910841.mp4
imageUrl:: https://assets-jpcust.jwpsrv.com/thumbnails/yg0jtbt4-1920.jpg
notFoundMediaUrls: [
  {
    id: 'vTU0CzIS',
    videoUrl: 'https://videos-cloudfront.jwpsrv.com/69c7794d_2e99fe9934c72b8a8fd1c9e56d7671fb5f10b659/content/conversions/a7WRo0m6/videos/vTU0CzIS-26910841.mp4'
  },
  {
    id: 'vTU0CzIS',
    imageUrl: 'https://assets-jpcust.jwpsrv.com/thumbnails/yg0jtbt4-1920.jpg'
  }
]
mediaId: fhXE9DPl
Media NOT FOUND FOR ID: fhXE9DPl
url: https://cdn.jwplayer.com/v2/sites/a7WRo0m6/media/fhXE9DPl/playback.json?token=eyJhbGciOiJIUzI1NiIsInR5cCI6IkpXVCJ9.eyJyZXNvdXJjZSI6Ii92Mi9zaXRlcy9hN1dSbzBtNi9tZWRpYS9maFhFOURQbC9wbGF5YmFjay5qc29uIiwiZXhwIjoxNzc0NjQxMDAwfQ.XJryLgDK_w8OiJgg9pYBgXOMIqtuI0smf5rK06LsjIg
videoUrl:: https://videos-cloudfront.jwpsrv.com/69c77958_4d537fa1bebba659975eda108158286f789a67ca/content/conversions/a7WRo0m6/videos/fhXE9DPl-26910841.mp4
imageUrl:: https://assets-jpcust.jwpsrv.com/thumbnails/4qsif44v-1920.jpg
notFoundMediaUrls: [
  {
    id: 'fhXE9DPl',
    videoUrl: 'https://videos-cloudfront.jwpsrv.com/69c77958_4d537fa1bebba659975eda108158286f789a67ca/content/conversions/a7WRo0m6/videos/fhXE9DPl-26910841.mp4'
  },
  {
    id: 'fhXE9DPl',
    imageUrl: 'https://assets-jpcust.jwpsrv.com/thumbnails/4qsif44v-1920.jpg'
  }
]
mediaId: DzwEUlKD
Media found for: DzwEUlKD  header:  video/mp4
mediaId: oQBqahvN
Media NOT FOUND FOR ID: oQBqahvN
url: https://cdn.jwplayer.com/v2/sites/a7WRo0m6/media/oQBqahvN/playback.json?token=eyJhbGciOiJIUzI1NiIsInR5cCI6IkpXVCJ9.eyJyZXNvdXJjZSI6Ii92Mi9zaXRlcy9hN1dSbzBtNi9tZWRpYS9vUUJxYWh2Ti9wbGF5YmFjay5qc29uIiwiZXhwIjoxNzc0NjQxMDAwfQ.0OZVqW_z4TcNHdwVlLpci-HWP3nU6-yfHsROm_YHqKI
videoUrl:: https://videos-cloudfront.jwpsrv.com/69c779ba_98ce47a99c78a07c10a95020a816ff8cb2248245/content/conversions/a7WRo0m6/videos/oQBqahvN-26910841.mp4
imageUrl:: https://assets-jpcust.jwpsrv.com/thumbnails/v4y48iq1-1920.jpg
notFoundMediaUrls: [
  {
    id: 'oQBqahvN',
    videoUrl: 'https://videos-cloudfront.jwpsrv.com/69c779ba_98ce47a99c78a07c10a95020a816ff8cb2248245/content/conversions/a7WRo0m6/videos/oQBqahvN-26910841.mp4'
  },
  {
    id: 'oQBqahvN',
    imageUrl: 'https://assets-jpcust.jwpsrv.com/thumbnails/v4y48iq1-1920.jpg'
  }
]
mediaId: JwNcDsSj
Media found for: JwNcDsSj  header:  video/mp4
mediaId: sJiCW7IP
Media found for: sJiCW7IP  header:  video/mp4
mediaId: fLkfLrfC
Media NOT FOUND FOR ID: fLkfLrfC
url: https://cdn.jwplayer.com/v2/sites/a7WRo0m6/media/fLkfLrfC/playback.json?token=eyJhbGciOiJIUzI1NiIsInR5cCI6IkpXVCJ9.eyJyZXNvdXJjZSI6Ii92Mi9zaXRlcy9hN1dSbzBtNi9tZWRpYS9mTGtmTHJmQy9wbGF5YmFjay5qc29uIiwiZXhwIjoxNzc0NjQxMDAwfQ.MqSSZzcbjjtBFT42x8kgkvkwrcceEVDjkqvQuw8srEc
videoUrl:: https://videos-cloudfront.jwpsrv.com/69c77a44_3144ef46ef0f2804ceb2522c9a8dd1d3a4388863/content/conversions/a7WRo0m6/videos/fLkfLrfC-26910841.mp4
imageUrl:: https://assets-jpcust.jwpsrv.com/thumbnails/ymsad1q8-1920.jpg
notFoundMediaUrls: [
  {
    id: 'fLkfLrfC',
    videoUrl: 'https://videos-cloudfront.jwpsrv.com/69c77a44_3144ef46ef0f2804ceb2522c9a8dd1d3a4388863/content/conversions/a7WRo0m6/videos/fLkfLrfC-26910841.mp4'
  },
  {
    id: 'fLkfLrfC',
    imageUrl: 'https://assets-jpcust.jwpsrv.com/thumbnails/ymsad1q8-1920.jpg'
  }
]
mediaId: Ez6gRGE0
Media found for: Ez6gRGE0  header:  video/mp4
mediaId: 0Pf99GPh
Media found for: 0Pf99GPh  header:  video/mp4
mediaId: G6c6ZumJ
Media found for: G6c6ZumJ  header:  video/mp4
mediaId: km2tsjw6
Media found for: km2tsjw6  header:  video/mp4
mediaId: CeV02n2B
Media found for: CeV02n2B  header:  video/mp4
mediaId: iSKzPzG6
Media found for: iSKzPzG6  header:  video/mp4
mediaId: bYptWVYV
Media found for: bYptWVYV  header:  video/mp4
mediaId: uNlo9cJQ
Media NOT FOUND FOR ID: uNlo9cJQ
url: https://cdn.jwplayer.com/v2/sites/a7WRo0m6/media/uNlo9cJQ/playback.json?token=eyJhbGciOiJIUzI1NiIsInR5cCI6IkpXVCJ9.eyJyZXNvdXJjZSI6Ii92Mi9zaXRlcy9hN1dSbzBtNi9tZWRpYS91TmxvOWNKUS9wbGF5YmFjay5qc29uIiwiZXhwIjoxNzc0NjQxMDAwfQ.In4ctiz_vBSjMr6P0Gsha4UVDHG5QtsfY83dPmIulAk
videoUrl:: https://videos-cloudfront.jwpsrv.com/69c77939_084fd8843fbf5485d24b6104ddc1f09cda38ad6f/content/conversions/a7WRo0m6/videos/uNlo9cJQ-26910841.mp4
imageUrl:: https://assets-jpcust.jwpsrv.com/thumbnails/pevhe9xq-1920.jpg
notFoundMediaUrls: [
  {
    id: 'uNlo9cJQ',
    videoUrl: 'https://videos-cloudfront.jwpsrv.com/69c77939_084fd8843fbf5485d24b6104ddc1f09cda38ad6f/content/conversions/a7WRo0m6/videos/uNlo9cJQ-26910841.mp4'
  },
  {
    id: 'uNlo9cJQ',
    imageUrl: 'https://assets-jpcust.jwpsrv.com/thumbnails/pevhe9xq-1920.jpg'
  }
]
mediaId: 3ZVhYbtw
Media found for: 3ZVhYbtw  header:  video/mp4
mediaId: 4tuqqOaL
Media found for: 4tuqqOaL  header:  video/mp4
mediaId: d3qpKIyc
Media NOT FOUND FOR ID: d3qpKIyc
url: https://cdn.jwplayer.com/v2/sites/a7WRo0m6/media/d3qpKIyc/playback.json?token=eyJhbGciOiJIUzI1NiIsInR5cCI6IkpXVCJ9.eyJyZXNvdXJjZSI6Ii92Mi9zaXRlcy9hN1dSbzBtNi9tZWRpYS9kM3FwS0l5Yy9wbGF5YmFjay5qc29uIiwiZXhwIjoxNzc0NjQxMDAwfQ.mk47wHl1tTCmJUmWxjPX8oTyThFhiQRJVUdVqppdtBA
videoUrl:: https://videos-cloudfront.jwpsrv.com/69c77a3c_1a843ea4920e824c1c24c0715642e7e960c79d16/content/conversions/a7WRo0m6/videos/d3qpKIyc-26910841.mp4
imageUrl:: https://assets-jpcust.jwpsrv.com/thumbnails/uvfyjv7m-1920.jpg
notFoundMediaUrls: [
  {
    id: 'd3qpKIyc',
    videoUrl: 'https://videos-cloudfront.jwpsrv.com/69c77a3c_1a843ea4920e824c1c24c0715642e7e960c79d16/content/conversions/a7WRo0m6/videos/d3qpKIyc-26910841.mp4'
  },
  {
    id: 'd3qpKIyc',
    imageUrl: 'https://assets-jpcust.jwpsrv.com/thumbnails/uvfyjv7m-1920.jpg'
  }
]
mediaId: gPb3Ga9v
Media found for: gPb3Ga9v  header:  video/mp4
mediaId: 9Vpk3Ynt
Media NOT FOUND FOR ID: 9Vpk3Ynt
url: https://cdn.jwplayer.com/v2/sites/a7WRo0m6/media/9Vpk3Ynt/playback.json?token=eyJhbGciOiJIUzI1NiIsInR5cCI6IkpXVCJ9.eyJyZXNvdXJjZSI6Ii92Mi9zaXRlcy9hN1dSbzBtNi9tZWRpYS85VnBrM1ludC9wbGF5YmFjay5qc29uIiwiZXhwIjoxNzc0NjQxMDAwfQ.ohJSc_14o_ib2tXDiDDXCvwZZmpA3ESqv20XhFTDE80
videoUrl:: https://videos-cloudfront.jwpsrv.com/69c77a0f_48731ffd477b5ce9a84bcd047b48cf703407f16f/content/conversions/a7WRo0m6/videos/9Vpk3Ynt-26910841.mp4
imageUrl:: https://assets-jpcust.jwpsrv.com/thumbnails/uivv3vuq-1920.jpg
notFoundMediaUrls: [
  {
    id: '9Vpk3Ynt',
    videoUrl: 'https://videos-cloudfront.jwpsrv.com/69c77a0f_48731ffd477b5ce9a84bcd047b48cf703407f16f/content/conversions/a7WRo0m6/videos/9Vpk3Ynt-26910841.mp4'
  },
  {
    id: '9Vpk3Ynt',
    imageUrl: 'https://assets-jpcust.jwpsrv.com/thumbnails/uivv3vuq-1920.jpg'
  }
]
mediaId: 0YIqpP4T
Media found for: 0YIqpP4T  header:  video/mp4
mediaId: TwAy9Rb9
Media found for: TwAy9Rb9  header:  video/mp4
mediaId: h1aSxOj6
Media found for: h1aSxOj6  header:  video/mp4
mediaId: vLm4ljk0
Media found for: vLm4ljk0  header:  video/mp4
mediaId: vTU0CzIS
Media NOT FOUND FOR ID: vTU0CzIS
url: https://cdn.jwplayer.com/v2/sites/a7WRo0m6/media/vTU0CzIS/playback.json?token=eyJhbGciOiJIUzI1NiIsInR5cCI6IkpXVCJ9.eyJyZXNvdXJjZSI6Ii92Mi9zaXRlcy9hN1dSbzBtNi9tZWRpYS92VFUwQ3pJUy9wbGF5YmFjay5qc29uIiwiZXhwIjoxNzc0NjQxMDAwfQ.Ko3-sXeay_u3k-TMSbE1QOGWlFol4oi88YmQsj1pa2Y
videoUrl:: https://videos-cloudfront.jwpsrv.com/69c7794d_2e99fe9934c72b8a8fd1c9e56d7671fb5f10b659/content/conversions/a7WRo0m6/videos/vTU0CzIS-26910841.mp4
imageUrl:: https://assets-jpcust.jwpsrv.com/thumbnails/yg0jtbt4-1920.jpg
notFoundMediaUrls: [
  {
    id: 'vTU0CzIS',
    videoUrl: 'https://videos-cloudfront.jwpsrv.com/69c7794d_2e99fe9934c72b8a8fd1c9e56d7671fb5f10b659/content/conversions/a7WRo0m6/videos/vTU0CzIS-26910841.mp4'
  },
  {
    id: 'vTU0CzIS',
    imageUrl: 'https://assets-jpcust.jwpsrv.com/thumbnails/yg0jtbt4-1920.jpg'
  }
]
mediaId: YKVQv3Pv
Media NOT FOUND FOR ID: YKVQv3Pv
url: https://cdn.jwplayer.com/v2/sites/a7WRo0m6/media/YKVQv3Pv/playback.json?token=eyJhbGciOiJIUzI1NiIsInR5cCI6IkpXVCJ9.eyJyZXNvdXJjZSI6Ii92Mi9zaXRlcy9hN1dSbzBtNi9tZWRpYS9ZS1ZRdjNQdi9wbGF5YmFjay5qc29uIiwiZXhwIjoxNzc0NjQxMDAwfQ.ipFxjnA1vi-UJGesc7hveMFQBXwv5xRkl1vYBgaNTXM
videoUrl:: https://videos-cloudfront.jwpsrv.com/69c779b7_778956dc42a0c64abe587cef46f362fdf5b77280/content/conversions/a7WRo0m6/videos/YKVQv3Pv-26910841.mp4
imageUrl:: https://assets-jpcust.jwpsrv.com/thumbnails/ljan5q09-1920.jpg
notFoundMediaUrls: [
  {
    id: 'YKVQv3Pv',
    videoUrl: 'https://videos-cloudfront.jwpsrv.com/69c779b7_778956dc42a0c64abe587cef46f362fdf5b77280/content/conversions/a7WRo0m6/videos/YKVQv3Pv-26910841.mp4'
  },
  {
    id: 'YKVQv3Pv',
    imageUrl: 'https://assets-jpcust.jwpsrv.com/thumbnails/ljan5q09-1920.jpg'
  }
]
mediaId: qpQTKI4P
Media found for: qpQTKI4P  header:  video/mp4
mediaId: Kx5MLlbn
Media found for: Kx5MLlbn  header:  video/mp4
mediaId: OX0bc5Ns
Media found for: OX0bc5Ns  header:  video/mp4
mediaId: gEpAm3io
Media found for: gEpAm3io  header:  video/mp4
mediaId: t4IRrxYo
Media found for: t4IRrxYo  header:  video/mp4
mediaId: fhXE9DPl
Media NOT FOUND FOR ID: fhXE9DPl
url: https://cdn.jwplayer.com/v2/sites/a7WRo0m6/media/fhXE9DPl/playback.json?token=eyJhbGciOiJIUzI1NiIsInR5cCI6IkpXVCJ9.eyJyZXNvdXJjZSI6Ii92Mi9zaXRlcy9hN1dSbzBtNi9tZWRpYS9maFhFOURQbC9wbGF5YmFjay5qc29uIiwiZXhwIjoxNzc0NjQxMDAwfQ.XJryLgDK_w8OiJgg9pYBgXOMIqtuI0smf5rK06LsjIg
videoUrl:: https://videos-cloudfront.jwpsrv.com/69c77958_4d537fa1bebba659975eda108158286f789a67ca/content/conversions/a7WRo0m6/videos/fhXE9DPl-26910841.mp4
imageUrl:: https://assets-jpcust.jwpsrv.com/thumbnails/4qsif44v-1920.jpg
notFoundMediaUrls: [
  {
    id: 'fhXE9DPl',
    videoUrl: 'https://videos-cloudfront.jwpsrv.com/69c77958_4d537fa1bebba659975eda108158286f789a67ca/content/conversions/a7WRo0m6/videos/fhXE9DPl-26910841.mp4'
  },
  {
    id: 'fhXE9DPl',
    imageUrl: 'https://assets-jpcust.jwpsrv.com/thumbnails/4qsif44v-1920.jpg'
  }
]
mediaId: ohFYVA6P
Media found for: ohFYVA6P  header:  video/mp4
mediaId: 62yFcS9y
Media found for: 62yFcS9y  header:  video/mp4
mediaId: e4HxprcP
Media found for: e4HxprcP  header:  video/mp4
mediaId: CMExQkvL
Media found for: CMExQkvL  header:  video/mp4
mediaId: EFQ9Juou
Media found for: EFQ9Juou  header:  video/mp4
mediaId: HDbzMB0f
Media found for: HDbzMB0f  header:  video/mp4
mediaId: DzwEUlKD
Media found for: DzwEUlKD  header:  video/mp4
mediaId: uqmanBRH
Media found for: uqmanBRH  header:  video/mp4
mediaId: qziX1RyG
Media found for: qziX1RyG  header:  video/mp4
mediaId: dI7NAjsP
Media found for: dI7NAjsP  header:  video/mp4
mediaId: T4qdGuYu
Media found for: T4qdGuYu  header:  video/mp4
mediaId: prP70tjq
Media found for: prP70tjq  header:  video/mp4
mediaId: z65nEZfN
Media found for: z65nEZfN  header:  video/mp4
mediaId: oQBqahvN
Media NOT FOUND FOR ID: oQBqahvN
url: https://cdn.jwplayer.com/v2/sites/a7WRo0m6/media/oQBqahvN/playback.json?token=eyJhbGciOiJIUzI1NiIsInR5cCI6IkpXVCJ9.eyJyZXNvdXJjZSI6Ii92Mi9zaXRlcy9hN1dSbzBtNi9tZWRpYS9vUUJxYWh2Ti9wbGF5YmFjay5qc29uIiwiZXhwIjoxNzc0NjQxMDAwfQ.0OZVqW_z4TcNHdwVlLpci-HWP3nU6-yfHsROm_YHqKI
videoUrl:: https://videos-cloudfront.jwpsrv.com/69c779ba_98ce47a99c78a07c10a95020a816ff8cb2248245/content/conversions/a7WRo0m6/videos/oQBqahvN-26910841.mp4
imageUrl:: https://assets-jpcust.jwpsrv.com/thumbnails/v4y48iq1-1920.jpg
notFoundMediaUrls: [
  {
    id: 'oQBqahvN',
    videoUrl: 'https://videos-cloudfront.jwpsrv.com/69c779ba_98ce47a99c78a07c10a95020a816ff8cb2248245/content/conversions/a7WRo0m6/videos/oQBqahvN-26910841.mp4'
  },
  {
    id: 'oQBqahvN',
    imageUrl: 'https://assets-jpcust.jwpsrv.com/thumbnails/v4y48iq1-1920.jpg'
  }
]
mediaId: 0Sqnoqlp
Media found for: 0Sqnoqlp  header:  video/mp4
mediaId: SrDRivxF
Media found for: SrDRivxF  header:  video/mp4
mediaId: 3jtDg6XY
Media found for: 3jtDg6XY  header:  video/mp4
mediaId: rLcMZfrD
Media found for: rLcMZfrD  header:  video/mp4
mediaId: npOqPsdF
Media found for: npOqPsdF  header:  video/mp4
mediaId: 7Utx2oYD
Media found for: 7Utx2oYD  header:  video/mp4
mediaId: KcUrp1Gi
Media found for: KcUrp1Gi  header:  video/mp4
mediaId: FfWSWMtl
Media found for: FfWSWMtl  header:  video/mp4
mediaId: H5wY88cw
Media found for: H5wY88cw  header:  video/mp4
mediaId: 596rvALy
Media found for: 596rvALy  header:  video/mp4
mediaId: wajReJRU
Media found for: wajReJRU  header:  video/mp4
mediaId: ldfkdeYw
Media found for: ldfkdeYw  header:  video/mp4
mediaId: epCRyFK4
Media found for: epCRyFK4  header:  video/mp4
mediaId: GhSPMVgI
Media found for: GhSPMVgI  header:  video/mp4
mediaId: wgBj3l8n
Media found for: wgBj3l8n  header:  video/mp4
mediaId: AcrLpK2D
Media found for: AcrLpK2D  header:  video/mp4
mediaId: uW9YWgUQ
Media found for: uW9YWgUQ  header:  video/mp4
mediaId: I4As5cPJ
Media found for: I4As5cPJ  header:  video/mp4
mediaId: Ta8C2SNE
Media found for: Ta8C2SNE  header:  video/mp4
mediaId: sMDkg4xx
Media found for: sMDkg4xx  header:  video/mp4
mediaId: srgS79uv
Media found for: srgS79uv  header:  video/mp4
mediaId: PQxTMxK3
Media found for: PQxTMxK3  header:  video/mp4
mediaId: EdRmQZBW
Media found for: EdRmQZBW  header:  video/mp4
mediaId: OixyA5V1
Media found for: OixyA5V1  header:  video/mp4
mediaId: YuJVbjFj
Media found for: YuJVbjFj  header:  video/mp4
mediaId: qfdA8Dv4
Media found for: qfdA8Dv4  header:  video/mp4
mediaId: rHvP3V4j
Media found for: rHvP3V4j  header:  video/mp4
mediaId: DL3YfHWJ
Media found for: DL3YfHWJ  header:  video/mp4
mediaId: KowKPn2j
Media found for: KowKPn2j  header:  video/mp4
mediaId: 8JhP9KyQ
Media found for: 8JhP9KyQ  header:  video/mp4
mediaId: c4hfhri6
Media NOT FOUND FOR ID: c4hfhri6
url: https://cdn.jwplayer.com/v2/sites/a7WRo0m6/media/c4hfhri6/playback.json?token=eyJhbGciOiJIUzI1NiIsInR5cCI6IkpXVCJ9.eyJyZXNvdXJjZSI6Ii92Mi9zaXRlcy9hN1dSbzBtNi9tZWRpYS9jNGhmaHJpNi9wbGF5YmFjay5qc29uIiwiZXhwIjoxNzc0NjQxMDAwfQ.aoBTm6dq0iNX3WvwmA2d9VlRjRdHuusWl6xyD6CJ0-Y
videoUrl:: https://videos-cloudfront.jwpsrv.com/69c779fd_514054b473cade3095d3631ef32a75d5afa43d72/content/conversions/a7WRo0m6/videos/c4hfhri6-26910838.mp4
imageUrl:: https://assets-jpcust.jwpsrv.com/thumbnails/a2lxg66m-1920.jpg
notFoundMediaUrls: [
  {
    id: 'c4hfhri6',
    videoUrl: 'https://videos-cloudfront.jwpsrv.com/69c779fd_514054b473cade3095d3631ef32a75d5afa43d72/content/conversions/a7WRo0m6/videos/c4hfhri6-26910838.mp4'
  },
  {
    id: 'c4hfhri6',
    imageUrl: 'https://assets-jpcust.jwpsrv.com/thumbnails/a2lxg66m-1920.jpg'
  }
]
mediaId: WbELAXab
Media found for: WbELAXab  header:  video/mp4
mediaId: mlgZRbJG
Media NOT FOUND FOR ID: mlgZRbJG
url: https://cdn.jwplayer.com/v2/sites/a7WRo0m6/media/mlgZRbJG/playback.json?token=eyJhbGciOiJIUzI1NiIsInR5cCI6IkpXVCJ9.eyJyZXNvdXJjZSI6Ii92Mi9zaXRlcy9hN1dSbzBtNi9tZWRpYS9tbGdaUmJKRy9wbGF5YmFjay5qc29uIiwiZXhwIjoxNzc0NjQxMDAwfQ.AD2HrT3u4WBYNy_ND2qsaaycSrMBqYqRtcStTlUMagg
videoUrl:: https://videos-cloudfront.jwpsrv.com/69c77a01_a69f713b3d3b6d0c58d308aad4c18077ea3f7a56/content/conversions/a7WRo0m6/videos/mlgZRbJG-26910838.mp4
imageUrl:: https://assets-jpcust.jwpsrv.com/thumbnails/iik1trz9-1920.jpg
notFoundMediaUrls: [
  {
    id: 'mlgZRbJG',
    videoUrl: 'https://videos-cloudfront.jwpsrv.com/69c77a01_a69f713b3d3b6d0c58d308aad4c18077ea3f7a56/content/conversions/a7WRo0m6/videos/mlgZRbJG-26910838.mp4'
  },
  {
    id: 'mlgZRbJG',
    imageUrl: 'https://assets-jpcust.jwpsrv.com/thumbnails/iik1trz9-1920.jpg'
  }
]
mediaId: XYZbnbvc
Media found for: XYZbnbvc  header:  video/mp4
mediaId: v2Jp3krf
Media found for: v2Jp3krf  header:  video/mp4
mediaId: cHNJPzUQ
Media found for: cHNJPzUQ  header:  video/mp4
mediaId: Ys6xlWwb
Media found for: Ys6xlWwb  header:  video/mp4
mediaId: CqL3rrAL
Media found for: CqL3rrAL  header:  video/mp4
mediaId: bIydsiQH
Media found for: bIydsiQH  header:  video/mp4
mediaId: EmeuTCty
Media found for: EmeuTCty  header:  video/mp4
mediaId: FbBdA8Hy
Media found for: FbBdA8Hy  header:  video/mp4
mediaId: Q0ciTAtr
Media found for: Q0ciTAtr  header:  video/mp4
mediaId: KcUrp1Gi
Media found for: KcUrp1Gi  header:  video/mp4
mediaId: GhSPMVgI
Media found for: GhSPMVgI  header:  video/mp4
mediaId: srgS79uv
Media found for: srgS79uv  header:  video/mp4
mediaId: DL3YfHWJ
Media found for: DL3YfHWJ  header:  video/mp4
mediaId: v2Jp3krf
Media found for: v2Jp3krf  header:  video/mp4
mediaId: Q0ciTAtr
Media found for: Q0ciTAtr  header:  video/mp4
mediaId: 0Sqnoqlp
Media found for: 0Sqnoqlp  header:  video/mp4
mediaId: SrDRivxF
Media found for: SrDRivxF  header:  video/mp4
mediaId: 3jtDg6XY
Media found for: 3jtDg6XY  header:  video/mp4
mediaId: FfWSWMtl
Media found for: FfWSWMtl  header:  video/mp4
mediaId: H5wY88cw
Media found for: H5wY88cw  header:  video/mp4
mediaId: 596rvALy
Media found for: 596rvALy  header:  video/mp4
mediaId: PQxTMxK3
Media found for: PQxTMxK3  header:  video/mp4
mediaId: EdRmQZBW
Media found for: EdRmQZBW  header:  video/mp4
mediaId: OixyA5V1
Media found for: OixyA5V1  header:  video/mp4
mediaId: KowKPn2j
Media found for: KowKPn2j  header:  video/mp4
mediaId: 8JhP9KyQ
Media found for: 8JhP9KyQ  header:  video/mp4
mediaId: c4hfhri6
Media NOT FOUND FOR ID: c4hfhri6
url: https://cdn.jwplayer.com/v2/sites/a7WRo0m6/media/c4hfhri6/playback.json?token=eyJhbGciOiJIUzI1NiIsInR5cCI6IkpXVCJ9.eyJyZXNvdXJjZSI6Ii92Mi9zaXRlcy9hN1dSbzBtNi9tZWRpYS9jNGhmaHJpNi9wbGF5YmFjay5qc29uIiwiZXhwIjoxNzc0NjQxMDAwfQ.aoBTm6dq0iNX3WvwmA2d9VlRjRdHuusWl6xyD6CJ0-Y
videoUrl:: https://videos-cloudfront.jwpsrv.com/69c779fd_514054b473cade3095d3631ef32a75d5afa43d72/content/conversions/a7WRo0m6/videos/c4hfhri6-26910838.mp4
imageUrl:: https://assets-jpcust.jwpsrv.com/thumbnails/a2lxg66m-1920.jpg
notFoundMediaUrls: [
  {
    id: 'c4hfhri6',
    videoUrl: 'https://videos-cloudfront.jwpsrv.com/69c779fd_514054b473cade3095d3631ef32a75d5afa43d72/content/conversions/a7WRo0m6/videos/c4hfhri6-26910838.mp4'
  },
  {
    id: 'c4hfhri6',
    imageUrl: 'https://assets-jpcust.jwpsrv.com/thumbnails/a2lxg66m-1920.jpg'
  }
]
mediaId: WbELAXab
Media found for: WbELAXab  header:  video/mp4
mediaId: mlgZRbJG
Media NOT FOUND FOR ID: mlgZRbJG
url: https://cdn.jwplayer.com/v2/sites/a7WRo0m6/media/mlgZRbJG/playback.json?token=eyJhbGciOiJIUzI1NiIsInR5cCI6IkpXVCJ9.eyJyZXNvdXJjZSI6Ii92Mi9zaXRlcy9hN1dSbzBtNi9tZWRpYS9tbGdaUmJKRy9wbGF5YmFjay5qc29uIiwiZXhwIjoxNzc0NjQxMDAwfQ.AD2HrT3u4WBYNy_ND2qsaaycSrMBqYqRtcStTlUMagg
videoUrl:: https://videos-cloudfront.jwpsrv.com/69c77a01_a69f713b3d3b6d0c58d308aad4c18077ea3f7a56/content/conversions/a7WRo0m6/videos/mlgZRbJG-26910838.mp4
imageUrl:: https://assets-jpcust.jwpsrv.com/thumbnails/iik1trz9-1920.jpg
notFoundMediaUrls: [
  {
    id: 'mlgZRbJG',
    videoUrl: 'https://videos-cloudfront.jwpsrv.com/69c77a01_a69f713b3d3b6d0c58d308aad4c18077ea3f7a56/content/conversions/a7WRo0m6/videos/mlgZRbJG-26910838.mp4'
  },
  {
    id: 'mlgZRbJG',
    imageUrl: 'https://assets-jpcust.jwpsrv.com/thumbnails/iik1trz9-1920.jpg'
  }
]
mediaId: XYZbnbvc
Media found for: XYZbnbvc  header:  video/mp4
mediaId: cHNJPzUQ
Media found for: cHNJPzUQ  header:  video/mp4
mediaId: Ys6xlWwb
Media found for: Ys6xlWwb  header:  video/mp4
mediaId: CqL3rrAL
Media found for: CqL3rrAL  header:  video/mp4
mediaId: rLcMZfrD
Media found for: rLcMZfrD  header:  video/mp4
mediaId: npOqPsdF
Media found for: npOqPsdF  header:  video/mp4
mediaId: 7Utx2oYD
Media found for: 7Utx2oYD  header:  video/mp4
mediaId: wajReJRU
Media found for: wajReJRU  header:  video/mp4
mediaId: ldfkdeYw
Media found for: ldfkdeYw  header:  video/mp4
mediaId: epCRyFK4
Media found for: epCRyFK4  header:  video/mp4
mediaId: I4As5cPJ
Media found for: I4As5cPJ  header:  video/mp4
mediaId: Ta8C2SNE
Media found for: Ta8C2SNE  header:  video/mp4
mediaId: sMDkg4xx
Media found for: sMDkg4xx  header:  video/mp4
mediaId: YuJVbjFj
Media found for: YuJVbjFj  header:  video/mp4
mediaId: qfdA8Dv4
Media found for: qfdA8Dv4  header:  video/mp4
mediaId: rHvP3V4j
Media found for: rHvP3V4j  header:  video/mp4
mediaId: EmeuTCty
Media found for: EmeuTCty  header:  video/mp4
mediaId: bIydsiQH
Media found for: bIydsiQH  header:  video/mp4
mediaId: FbBdA8Hy
Media found for: FbBdA8Hy  header:  video/mp4
mediaId: 0UUVjBHl
Media found for: 0UUVjBHl  header:  video/mp4
mediaId: UlotcFJo
Media found for: UlotcFJo  header:  video/mp4
mediaId: fggTYwXz
Media found for: fggTYwXz  header:  video/mp4
mediaId: iSgYaA5s
Media found for: iSgYaA5s  header:  video/mp4
mediaId: Bq8QiOWl
Media found for: Bq8QiOWl  header:  video/mp4
mediaId: 8CIa7toR
Media found for: 8CIa7toR  header:  video/mp4
mediaId: wwsAlpop
Media found for: wwsAlpop  header:  video/mp4
mediaId: UWbDfm3r
Media found for: UWbDfm3r  header:  video/mp4
mediaId: pz6lgx4x
Media found for: pz6lgx4x  header:  video/mp4
mediaId: NvZ8rmsz
Media found for: NvZ8rmsz  header:  video/mp4
mediaId: ud5UKp2K
Media found for: ud5UKp2K  header:  video/mp4
mediaId: YS8XmF47
Media found for: YS8XmF47  header:  video/mp4
mediaId: eGc3reix
Media found for: eGc3reix  header:  video/mp4
mediaId: 5tjVEFf1
Media NOT FOUND FOR ID: 5tjVEFf1
url: https://cdn.jwplayer.com/v2/sites/a7WRo0m6/media/5tjVEFf1/playback.json?token=eyJhbGciOiJIUzI1NiIsInR5cCI6IkpXVCJ9.eyJyZXNvdXJjZSI6Ii92Mi9zaXRlcy9hN1dSbzBtNi9tZWRpYS81dGpWRUZmMS9wbGF5YmFjay5qc29uIiwiZXhwIjoxNzc0NjQxMDAwfQ.bWlGgL5Hsoh2IumF3sXPYaJq6XM_O4bpQ1Dc1MCcTCg
videoUrl:: https://videos-cloudfront.jwpsrv.com/69c77987_a33691441a7ac03292c0e545e49df89717d1cdd6/content/conversions/a7WRo0m6/videos/5tjVEFf1-26910841.mp4
imageUrl:: https://assets-jpcust.jwpsrv.com/thumbnails/62828tjp-1920.jpg
notFoundMediaUrls: [
  {
    id: '5tjVEFf1',
    videoUrl: 'https://videos-cloudfront.jwpsrv.com/69c77987_a33691441a7ac03292c0e545e49df89717d1cdd6/content/conversions/a7WRo0m6/videos/5tjVEFf1-26910841.mp4'
  },
  {
    id: '5tjVEFf1',
    imageUrl: 'https://assets-jpcust.jwpsrv.com/thumbnails/62828tjp-1920.jpg'
  }
]
mediaId: gu4OgFUK
Media found for: gu4OgFUK  header:  video/mp4
mediaId: IBuhEOYa
Media found for: IBuhEOYa  header:  video/mp4
mediaId: reM8VDcY
Media found for: reM8VDcY  header:  video/mp4
mediaId: b1jrBF20
Media found for: b1jrBF20  header:  video/mp4
mediaId: cNd3kqMh
Media found for: cNd3kqMh  header:  video/mp4
mediaId: hX7j2MyF
Media found for: hX7j2MyF  header:  video/mp4
mediaId: 5a8oDY7v
Media found for: 5a8oDY7v  header:  video/mp4
mediaId: va2HCUAo
Media found for: va2HCUAo  header:  video/mp4
mediaId: 5cIP0Ow0
Media found for: 5cIP0Ow0  header:  video/mp4
mediaId: 2t9HJo0W
Media found for: 2t9HJo0W  header:  video/mp4
mediaId: mecsE1fh
Media found for: mecsE1fh  header:  video/mp4
mediaId: tytCN1PN
Media found for: tytCN1PN  header:  video/mp4
mediaId: K4tTLIoV
Media found for: K4tTLIoV  header:  video/mp4
mediaId: 66YH9Aqp
Media found for: 66YH9Aqp  header:  video/mp4
mediaId: AqePNB7T
Media found for: AqePNB7T  header:  video/mp4
mediaId: eTLYexr9
Media found for: eTLYexr9  header:  video/mp4
mediaId: 5j3dJ6Fl
Media found for: 5j3dJ6Fl  header:  video/mp4
mediaId: A93RCXRN
Media NOT FOUND FOR ID: A93RCXRN
url: https://cdn.jwplayer.com/v2/sites/a7WRo0m6/media/A93RCXRN/playback.json?token=eyJhbGciOiJIUzI1NiIsInR5cCI6IkpXVCJ9.eyJyZXNvdXJjZSI6Ii92Mi9zaXRlcy9hN1dSbzBtNi9tZWRpYS9BOTNSQ1hSTi9wbGF5YmFjay5qc29uIiwiZXhwIjoxNzc0NjQxMDAwfQ.hCjy49kaqGXLXva20P5abBHxWZ9EHQfsjKIbJ_GQVyg
videoUrl:: https://videos-cloudfront.jwpsrv.com/69c7796d_526de83fe496d4f6977fa3bea1f902a91c71ff67/content/conversions/a7WRo0m6/videos/A93RCXRN-26910838.mp4
imageUrl:: https://assets-jpcust.jwpsrv.com/thumbnails/yudxqend-1920.jpg
notFoundMediaUrls: [
  {
    id: 'A93RCXRN',
    videoUrl: 'https://videos-cloudfront.jwpsrv.com/69c7796d_526de83fe496d4f6977fa3bea1f902a91c71ff67/content/conversions/a7WRo0m6/videos/A93RCXRN-26910838.mp4'
  },
  {
    id: 'A93RCXRN',
    imageUrl: 'https://assets-jpcust.jwpsrv.com/thumbnails/yudxqend-1920.jpg'
  }
]
mediaId: 1yVrIrky
Media found for: 1yVrIrky  header:  video/mp4
mediaId: Mq5G2zyj
Media found for: Mq5G2zyj  header:  video/mp4
mediaId: fEXHwum7
Media found for: fEXHwum7  header:  video/mp4
mediaId: prSQBXwp
Media found for: prSQBXwp  header:  video/mp4
mediaId: xJjh3Bsl
Media found for: xJjh3Bsl  header:  video/mp4
mediaId: Lv7VAwI3
Media found for: Lv7VAwI3  header:  video/mp4
mediaId: X9cvxUYD
Media found for: X9cvxUYD  header:  video/mp4
mediaId: pbJHFPa3
Media NOT FOUND FOR ID: pbJHFPa3
url: https://cdn.jwplayer.com/v2/sites/a7WRo0m6/media/pbJHFPa3/playback.json?token=eyJhbGciOiJIUzI1NiIsInR5cCI6IkpXVCJ9.eyJyZXNvdXJjZSI6Ii92Mi9zaXRlcy9hN1dSbzBtNi9tZWRpYS9wYkpIRlBhMy9wbGF5YmFjay5qc29uIiwiZXhwIjoxNzc0NjQxMDAwfQ.dDmsxgTSGfmI_YNyOiv9LcGp41xgm6IX0xWkhq7TLVA
videoUrl:: https://videos-cloudfront.jwpsrv.com/69c77a3c_67fa1625ec434dd41b045ba7245dd00f2e77014a/content/conversions/a7WRo0m6/videos/pbJHFPa3-26910838.mp4
imageUrl:: https://assets-jpcust.jwpsrv.com/thumbnails/t2h8wagm-1920.jpg
notFoundMediaUrls: [
  {
    id: 'pbJHFPa3',
    videoUrl: 'https://videos-cloudfront.jwpsrv.com/69c77a3c_67fa1625ec434dd41b045ba7245dd00f2e77014a/content/conversions/a7WRo0m6/videos/pbJHFPa3-26910838.mp4'
  },
  {
    id: 'pbJHFPa3',
    imageUrl: 'https://assets-jpcust.jwpsrv.com/thumbnails/t2h8wagm-1920.jpg'
  }
]
mediaId: 5fTFk9uJ
Media NOT FOUND FOR ID: 5fTFk9uJ
url: https://cdn.jwplayer.com/v2/sites/a7WRo0m6/media/5fTFk9uJ/playback.json?token=eyJhbGciOiJIUzI1NiIsInR5cCI6IkpXVCJ9.eyJyZXNvdXJjZSI6Ii92Mi9zaXRlcy9hN1dSbzBtNi9tZWRpYS81ZlRGazl1Si9wbGF5YmFjay5qc29uIiwiZXhwIjoxNzc0NjQxMDAwfQ.m7bOo6XqCPB80gWI6K-1oK0Tsq5qsNVX6W1wPVBabzw
videoUrl:: https://videos-cloudfront.jwpsrv.com/69c779b4_b9ac2293e6a3947341cccb914e14ec9f6fc38771/content/conversions/a7WRo0m6/videos/5fTFk9uJ-26910838.mp4
imageUrl:: https://assets-jpcust.jwpsrv.com/thumbnails/662edth8-1920.jpg
notFoundMediaUrls: [
  {
    id: '5fTFk9uJ',
    videoUrl: 'https://videos-cloudfront.jwpsrv.com/69c779b4_b9ac2293e6a3947341cccb914e14ec9f6fc38771/content/conversions/a7WRo0m6/videos/5fTFk9uJ-26910838.mp4'
  },
  {
    id: '5fTFk9uJ',
    imageUrl: 'https://assets-jpcust.jwpsrv.com/thumbnails/662edth8-1920.jpg'
  }
]
mediaId: ndpma1Tc
Media found for: ndpma1Tc  header:  video/mp4
mediaId: 0UUVjBHl
Media found for: 0UUVjBHl  header:  video/mp4
mediaId: UlotcFJo
Media found for: UlotcFJo  header:  video/mp4
mediaId: fggTYwXz
Media found for: fggTYwXz  header:  video/mp4
mediaId: UWbDfm3r
Media found for: UWbDfm3r  header:  video/mp4
mediaId: pz6lgx4x
Media found for: pz6lgx4x  header:  video/mp4
mediaId: NvZ8rmsz
Media found for: NvZ8rmsz  header:  video/mp4
mediaId: gu4OgFUK
Media found for: gu4OgFUK  header:  video/mp4
mediaId: IBuhEOYa
Media found for: IBuhEOYa  header:  video/mp4
mediaId: reM8VDcY
Media found for: reM8VDcY  header:  video/mp4
mediaId: va2HCUAo
Media found for: va2HCUAo  header:  video/mp4
mediaId: 5cIP0Ow0
Media found for: 5cIP0Ow0  header:  video/mp4
mediaId: 2t9HJo0W
Media found for: 2t9HJo0W  header:  video/mp4
mediaId: AqePNB7T
Media found for: AqePNB7T  header:  video/mp4
mediaId: eTLYexr9
Media found for: eTLYexr9  header:  video/mp4
mediaId: 5j3dJ6Fl
Media found for: 5j3dJ6Fl  header:  video/mp4
mediaId: prSQBXwp
Media found for: prSQBXwp  header:  video/mp4
mediaId: xJjh3Bsl
Media found for: xJjh3Bsl  header:  video/mp4
mediaId: Lv7VAwI3
Media found for: Lv7VAwI3  header:  video/mp4
mediaId: wwsAlpop
Media found for: wwsAlpop  header:  video/mp4
mediaId: 5tjVEFf1
Media NOT FOUND FOR ID: 5tjVEFf1
url: https://cdn.jwplayer.com/v2/sites/a7WRo0m6/media/5tjVEFf1/playback.json?token=eyJhbGciOiJIUzI1NiIsInR5cCI6IkpXVCJ9.eyJyZXNvdXJjZSI6Ii92Mi9zaXRlcy9hN1dSbzBtNi9tZWRpYS81dGpWRUZmMS9wbGF5YmFjay5qc29uIiwiZXhwIjoxNzc0NjQxMDAwfQ.bWlGgL5Hsoh2IumF3sXPYaJq6XM_O4bpQ1Dc1MCcTCg
videoUrl:: https://videos-cloudfront.jwpsrv.com/69c77987_a33691441a7ac03292c0e545e49df89717d1cdd6/content/conversions/a7WRo0m6/videos/5tjVEFf1-26910841.mp4
imageUrl:: https://assets-jpcust.jwpsrv.com/thumbnails/62828tjp-1920.jpg
notFoundMediaUrls: [
  {
    id: '5tjVEFf1',
    videoUrl: 'https://videos-cloudfront.jwpsrv.com/69c77987_a33691441a7ac03292c0e545e49df89717d1cdd6/content/conversions/a7WRo0m6/videos/5tjVEFf1-26910841.mp4'
  },
  {
    id: '5tjVEFf1',
    imageUrl: 'https://assets-jpcust.jwpsrv.com/thumbnails/62828tjp-1920.jpg'
  }
]
mediaId: 5a8oDY7v
Media found for: 5a8oDY7v  header:  video/mp4
mediaId: 66YH9Aqp
Media found for: 66YH9Aqp  header:  video/mp4
mediaId: fEXHwum7
Media found for: fEXHwum7  header:  video/mp4
mediaId: ndpma1Tc
Media found for: ndpma1Tc  header:  video/mp4
mediaId: iSgYaA5s
Media found for: iSgYaA5s  header:  video/mp4
mediaId: Bq8QiOWl
Media found for: Bq8QiOWl  header:  video/mp4
mediaId: 8CIa7toR
Media found for: 8CIa7toR  header:  video/mp4
mediaId: ud5UKp2K
Media found for: ud5UKp2K  header:  video/mp4
mediaId: YS8XmF47
Media found for: YS8XmF47  header:  video/mp4
mediaId: eGc3reix
Media found for: eGc3reix  header:  video/mp4
mediaId: b1jrBF20
Media found for: b1jrBF20  header:  video/mp4
mediaId: cNd3kqMh
Media found for: cNd3kqMh  header:  video/mp4
mediaId: hX7j2MyF
Media found for: hX7j2MyF  header:  video/mp4
mediaId: mecsE1fh
Media found for: mecsE1fh  header:  video/mp4
mediaId: tytCN1PN
Media found for: tytCN1PN  header:  video/mp4
mediaId: K4tTLIoV
Media found for: K4tTLIoV  header:  video/mp4
mediaId: A93RCXRN
Media NOT FOUND FOR ID: A93RCXRN
url: https://cdn.jwplayer.com/v2/sites/a7WRo0m6/media/A93RCXRN/playback.json?token=eyJhbGciOiJIUzI1NiIsInR5cCI6IkpXVCJ9.eyJyZXNvdXJjZSI6Ii92Mi9zaXRlcy9hN1dSbzBtNi9tZWRpYS9BOTNSQ1hSTi9wbGF5YmFjay5qc29uIiwiZXhwIjoxNzc0NjQxMDAwfQ.hCjy49kaqGXLXva20P5abBHxWZ9EHQfsjKIbJ_GQVyg
videoUrl:: https://videos-cloudfront.jwpsrv.com/69c7796d_526de83fe496d4f6977fa3bea1f902a91c71ff67/content/conversions/a7WRo0m6/videos/A93RCXRN-26910838.mp4
imageUrl:: https://assets-jpcust.jwpsrv.com/thumbnails/yudxqend-1920.jpg
notFoundMediaUrls: [
  {
    id: 'A93RCXRN',
    videoUrl: 'https://videos-cloudfront.jwpsrv.com/69c7796d_526de83fe496d4f6977fa3bea1f902a91c71ff67/content/conversions/a7WRo0m6/videos/A93RCXRN-26910838.mp4'
  },
  {
    id: 'A93RCXRN',
    imageUrl: 'https://assets-jpcust.jwpsrv.com/thumbnails/yudxqend-1920.jpg'
  }
]
mediaId: 1yVrIrky
Media found for: 1yVrIrky  header:  video/mp4
mediaId: Mq5G2zyj
Media found for: Mq5G2zyj  header:  video/mp4
mediaId: X9cvxUYD
Media found for: X9cvxUYD  header:  video/mp4
mediaId: pbJHFPa3
Media NOT FOUND FOR ID: pbJHFPa3
url: https://cdn.jwplayer.com/v2/sites/a7WRo0m6/media/pbJHFPa3/playback.json?token=eyJhbGciOiJIUzI1NiIsInR5cCI6IkpXVCJ9.eyJyZXNvdXJjZSI6Ii92Mi9zaXRlcy9hN1dSbzBtNi9tZWRpYS9wYkpIRlBhMy9wbGF5YmFjay5qc29uIiwiZXhwIjoxNzc0NjQxMDAwfQ.dDmsxgTSGfmI_YNyOiv9LcGp41xgm6IX0xWkhq7TLVA
videoUrl:: https://videos-cloudfront.jwpsrv.com/69c77a3c_67fa1625ec434dd41b045ba7245dd00f2e77014a/content/conversions/a7WRo0m6/videos/pbJHFPa3-26910838.mp4
imageUrl:: https://assets-jpcust.jwpsrv.com/thumbnails/t2h8wagm-1920.jpg
notFoundMediaUrls: [
  {
    id: 'pbJHFPa3',
    videoUrl: 'https://videos-cloudfront.jwpsrv.com/69c77a3c_67fa1625ec434dd41b045ba7245dd00f2e77014a/content/conversions/a7WRo0m6/videos/pbJHFPa3-26910838.mp4'
  },
  {
    id: 'pbJHFPa3',
    imageUrl: 'https://assets-jpcust.jwpsrv.com/thumbnails/t2h8wagm-1920.jpg'
  }
]
mediaId: 5fTFk9uJ
Media NOT FOUND FOR ID: 5fTFk9uJ
url: https://cdn.jwplayer.com/v2/sites/a7WRo0m6/media/5fTFk9uJ/playback.json?token=eyJhbGciOiJIUzI1NiIsInR5cCI6IkpXVCJ9.eyJyZXNvdXJjZSI6Ii92Mi9zaXRlcy9hN1dSbzBtNi9tZWRpYS81ZlRGazl1Si9wbGF5YmFjay5qc29uIiwiZXhwIjoxNzc0NjQxMDAwfQ.m7bOo6XqCPB80gWI6K-1oK0Tsq5qsNVX6W1wPVBabzw
videoUrl:: https://videos-cloudfront.jwpsrv.com/69c779b4_b9ac2293e6a3947341cccb914e14ec9f6fc38771/content/conversions/a7WRo0m6/videos/5fTFk9uJ-26910838.mp4
imageUrl:: https://assets-jpcust.jwpsrv.com/thumbnails/662edth8-1920.jpg
notFoundMediaUrls: [
  {
    id: '5fTFk9uJ',
    videoUrl: 'https://videos-cloudfront.jwpsrv.com/69c779b4_b9ac2293e6a3947341cccb914e14ec9f6fc38771/content/conversions/a7WRo0m6/videos/5fTFk9uJ-26910838.mp4'
  },
  {
    id: '5fTFk9uJ',
    imageUrl: 'https://assets-jpcust.jwpsrv.com/thumbnails/662edth8-1920.jpg'
  }
]
mediaId: rqza4qPT
Media found for: rqza4qPT  header:  video/mp4
mediaId: WcanRwlg
Media found for: WcanRwlg  header:  video/mp4
mediaId: axEfvo5t
Media found for: axEfvo5t  header:  video/mp4
mediaId: rPhV5vVH
Media found for: rPhV5vVH  header:  video/mp4
mediaId: mRSPatHt
Media found for: mRSPatHt  header:  video/mp4
mediaId: VXPeuGYU
Media found for: VXPeuGYU  header:  video/mp4
mediaId: BofCWEaN
Media found for: BofCWEaN  header:  video/mp4
mediaId: fozaJ0HG
Media found for: fozaJ0HG  header:  video/mp4
mediaId: 9FzKZQ1q
Media found for: 9FzKZQ1q  header:  video/mp4
mediaId: 9M7jDBSL
Media found for: 9M7jDBSL  header:  video/mp4
mediaId: OVJHALjw
Media found for: OVJHALjw  header:  video/mp4
mediaId: D24JpZmT
Media found for: D24JpZmT  header:  video/mp4
mediaId: xo6fHfqe
Media found for: xo6fHfqe  header:  video/mp4
mediaId: d9snSJFo
Media found for: d9snSJFo  header:  video/mp4
mediaId: IyZ2FNdR
Media found for: IyZ2FNdR  header:  video/mp4
mediaId: lPrZTV99
Media found for: lPrZTV99  header:  video/mp4
mediaId: qPudqff3
Media found for: qPudqff3  header:  video/mp4
mediaId: fsJ7bhrM
Media NOT FOUND FOR ID: fsJ7bhrM
url: https://cdn.jwplayer.com/v2/sites/a7WRo0m6/media/fsJ7bhrM/playback.json?token=eyJhbGciOiJIUzI1NiIsInR5cCI6IkpXVCJ9.eyJyZXNvdXJjZSI6Ii92Mi9zaXRlcy9hN1dSbzBtNi9tZWRpYS9mc0o3YmhyTS9wbGF5YmFjay5qc29uIiwiZXhwIjoxNzc0NjQxMDAwfQ.aXLMg7tpNqY9EN5iyTTJaWbrf-gC0xYNzhZ3thKEppQ
videoUrl:: https://videos-cloudfront.jwpsrv.com/69c779fd_b88dde4aa6c390aa82f72ebc651dac76cfc520dd/content/conversions/a7WRo0m6/videos/fsJ7bhrM-26910838.mp4
imageUrl:: https://assets-jpcust.jwpsrv.com/thumbnails/saglqjko-1920.jpg
notFoundMediaUrls: [
  {
    id: 'fsJ7bhrM',
    videoUrl: 'https://videos-cloudfront.jwpsrv.com/69c779fd_b88dde4aa6c390aa82f72ebc651dac76cfc520dd/content/conversions/a7WRo0m6/videos/fsJ7bhrM-26910838.mp4'
  },
  {
    id: 'fsJ7bhrM',
    imageUrl: 'https://assets-jpcust.jwpsrv.com/thumbnails/saglqjko-1920.jpg'
  }
]
mediaId: NAMK4aHy
Media found for: NAMK4aHy  header:  video/mp4
mediaId: vHYFpqoB
Media found for: vHYFpqoB  header:  video/mp4
mediaId: XVVWK9N6
Media found for: XVVWK9N6  header:  video/mp4
mediaId: KxPcR2FZ
Media found for: KxPcR2FZ  header:  video/mp4
mediaId: fzdkjVXX
Media found for: fzdkjVXX  header:  video/mp4
mediaId: RLivfW7U
Media NOT FOUND FOR ID: RLivfW7U
url: https://cdn.jwplayer.com/v2/sites/a7WRo0m6/media/RLivfW7U/playback.json?token=eyJhbGciOiJIUzI1NiIsInR5cCI6IkpXVCJ9.eyJyZXNvdXJjZSI6Ii92Mi9zaXRlcy9hN1dSbzBtNi9tZWRpYS9STGl2Zlc3VS9wbGF5YmFjay5qc29uIiwiZXhwIjoxNzc0NjQxMDAwfQ.ttV5F2wNwyjfzsXAkp7PWnQv4Es3LVZIxPjdRa6W-sE
videoUrl:: https://videos-cloudfront.jwpsrv.com/69c77a11_1d913af9596b7def37ce8ba5c18e810a0eecee01/content/conversions/a7WRo0m6/videos/RLivfW7U-26910841.mp4
imageUrl:: https://assets-jpcust.jwpsrv.com/thumbnails/quyfjam9-1920.jpg
notFoundMediaUrls: [
  {
    id: 'RLivfW7U',
    videoUrl: 'https://videos-cloudfront.jwpsrv.com/69c77a11_1d913af9596b7def37ce8ba5c18e810a0eecee01/content/conversions/a7WRo0m6/videos/RLivfW7U-26910841.mp4'
  },
  {
    id: 'RLivfW7U',
    imageUrl: 'https://assets-jpcust.jwpsrv.com/thumbnails/quyfjam9-1920.jpg'
  }
]
mediaId: Vlebznt1
Media found for: Vlebznt1  header:  video/mp4
mediaId: hGFZcDey
Media found for: hGFZcDey  header:  video/mp4
mediaId: 0kU614zJ
Media found for: 0kU614zJ  header:  video/mp4
mediaId: KN17UFHL
Media found for: KN17UFHL  header:  video/mp4
mediaId: 2QGTkVBn
Media found for: 2QGTkVBn  header:  video/mp4
mediaId: siZKbF3X
Media NOT FOUND FOR ID: siZKbF3X
url: https://cdn.jwplayer.com/v2/sites/a7WRo0m6/media/siZKbF3X/playback.json?token=eyJhbGciOiJIUzI1NiIsInR5cCI6IkpXVCJ9.eyJyZXNvdXJjZSI6Ii92Mi9zaXRlcy9hN1dSbzBtNi9tZWRpYS9zaVpLYkYzWC9wbGF5YmFjay5qc29uIiwiZXhwIjoxNzc0NjQxMDAwfQ.7va2KDxv8hUTq6NOh17CP-PFjcMPFMKlFlVWaW0B0So
videoUrl:: https://videos-cloudfront.jwpsrv.com/69c77a08_68ba9fee71c8e620c73fea3647a5ea383ac633fb/content/conversions/a7WRo0m6/videos/siZKbF3X-26910838.mp4
imageUrl:: https://assets-jpcust.jwpsrv.com/thumbnails/1jpmm2au-1920.jpg
notFoundMediaUrls: [
  {
    id: 'siZKbF3X',
    videoUrl: 'https://videos-cloudfront.jwpsrv.com/69c77a08_68ba9fee71c8e620c73fea3647a5ea383ac633fb/content/conversions/a7WRo0m6/videos/siZKbF3X-26910838.mp4'
  },
  {
    id: 'siZKbF3X',
    imageUrl: 'https://assets-jpcust.jwpsrv.com/thumbnails/1jpmm2au-1920.jpg'
  }
]
mediaId: WErtoOVb
Media found for: WErtoOVb  header:  video/mp4
mediaId: q2YJSX4o
Media found for: q2YJSX4o  header:  video/mp4
mediaId: uATBIxp7
Media found for: uATBIxp7  header:  video/mp4
mediaId: CxeOaCeL
Media found for: CxeOaCeL  header:  video/mp4
mediaId: Z9bpK39p
Media found for: Z9bpK39p  header:  video/mp4
mediaId: c6rbWtC9
Media found for: c6rbWtC9  header:  video/mp4
mediaId: G7bViHfb
Media found for: G7bViHfb  header:  video/mp4
mediaId: QZQKPulO
Media found for: QZQKPulO  header:  video/mp4
mediaId: LcG1hIg1
Media found for: LcG1hIg1  header:  video/mp4
mediaId: NeAdqyxk
Media found for: NeAdqyxk  header:  video/mp4
mediaId: qc5tKPY3
Media found for: qc5tKPY3  header:  video/mp4
mediaId: bKDgKjtz
Media found for: bKDgKjtz  header:  video/mp4
mediaId: KN17UFHL
Media found for: KN17UFHL  header:  video/mp4
mediaId: 2QGTkVBn
Media found for: 2QGTkVBn  header:  video/mp4
mediaId: siZKbF3X
Media NOT FOUND FOR ID: siZKbF3X
url: https://cdn.jwplayer.com/v2/sites/a7WRo0m6/media/siZKbF3X/playback.json?token=eyJhbGciOiJIUzI1NiIsInR5cCI6IkpXVCJ9.eyJyZXNvdXJjZSI6Ii92Mi9zaXRlcy9hN1dSbzBtNi9tZWRpYS9zaVpLYkYzWC9wbGF5YmFjay5qc29uIiwiZXhwIjoxNzc0NjQxMDAwfQ.7va2KDxv8hUTq6NOh17CP-PFjcMPFMKlFlVWaW0B0So
videoUrl:: https://videos-cloudfront.jwpsrv.com/69c77a08_68ba9fee71c8e620c73fea3647a5ea383ac633fb/content/conversions/a7WRo0m6/videos/siZKbF3X-26910838.mp4
imageUrl:: https://assets-jpcust.jwpsrv.com/thumbnails/1jpmm2au-1920.jpg
notFoundMediaUrls: [
  {
    id: 'siZKbF3X',
    videoUrl: 'https://videos-cloudfront.jwpsrv.com/69c77a08_68ba9fee71c8e620c73fea3647a5ea383ac633fb/content/conversions/a7WRo0m6/videos/siZKbF3X-26910838.mp4'
  },
  {
    id: 'siZKbF3X',
    imageUrl: 'https://assets-jpcust.jwpsrv.com/thumbnails/1jpmm2au-1920.jpg'
  }
]
mediaId: rPhV5vVH
Media found for: rPhV5vVH  header:  video/mp4
mediaId: mRSPatHt
Media found for: mRSPatHt  header:  video/mp4
mediaId: VXPeuGYU
Media found for: VXPeuGYU  header:  video/mp4
mediaId: vHYFpqoB
Media found for: vHYFpqoB  header:  video/mp4
mediaId: WErtoOVb
Media found for: WErtoOVb  header:  video/mp4
mediaId: q2YJSX4o
Media found for: q2YJSX4o  header:  video/mp4
mediaId: uATBIxp7
Media found for: uATBIxp7  header:  video/mp4
mediaId: BofCWEaN
Media found for: BofCWEaN  header:  video/mp4
mediaId: fozaJ0HG
Media found for: fozaJ0HG  header:  video/mp4
mediaId: 9FzKZQ1q
Media found for: 9FzKZQ1q  header:  video/mp4
mediaId: XVVWK9N6
Media found for: XVVWK9N6  header:  video/mp4
mediaId: Vlebznt1
Media found for: Vlebznt1  header:  video/mp4
mediaId: hGFZcDey
Media found for: hGFZcDey  header:  video/mp4
mediaId: 0kU614zJ
Media found for: 0kU614zJ  header:  video/mp4
mediaId: rqza4qPT
Media found for: rqza4qPT  header:  video/mp4
mediaId: WcanRwlg
Media found for: WcanRwlg  header:  video/mp4
mediaId: axEfvo5t
Media found for: axEfvo5t  header:  video/mp4
mediaId: NAMK4aHy
Media found for: NAMK4aHy  header:  video/mp4
mediaId: CxeOaCeL
Media found for: CxeOaCeL  header:  video/mp4
mediaId: Z9bpK39p
Media found for: Z9bpK39p  header:  video/mp4
mediaId: c6rbWtC9
Media found for: c6rbWtC9  header:  video/mp4
mediaId: 9M7jDBSL
Media found for: 9M7jDBSL  header:  video/mp4
mediaId: OVJHALjw
Media found for: OVJHALjw  header:  video/mp4
mediaId: D24JpZmT
Media found for: D24JpZmT  header:  video/mp4
mediaId: KxPcR2FZ
Media found for: KxPcR2FZ  header:  video/mp4
mediaId: G7bViHfb
Media found for: G7bViHfb  header:  video/mp4
mediaId: d9snSJFo
Media found for: d9snSJFo  header:  video/mp4
mediaId: fzdkjVXX
Media found for: fzdkjVXX  header:  video/mp4
mediaId: xo6fHfqe
Media found for: xo6fHfqe  header:  video/mp4
mediaId: d9snSJFo
Media found for: d9snSJFo  header:  video/mp4
mediaId: QZQKPulO
Media found for: QZQKPulO  header:  video/mp4
mediaId: IyZ2FNdR
Media found for: IyZ2FNdR  header:  video/mp4
mediaId: lPrZTV99
Media found for: lPrZTV99  header:  video/mp4
mediaId: RLivfW7U
Media NOT FOUND FOR ID: RLivfW7U
url: https://cdn.jwplayer.com/v2/sites/a7WRo0m6/media/RLivfW7U/playback.json?token=eyJhbGciOiJIUzI1NiIsInR5cCI6IkpXVCJ9.eyJyZXNvdXJjZSI6Ii92Mi9zaXRlcy9hN1dSbzBtNi9tZWRpYS9STGl2Zlc3VS9wbGF5YmFjay5qc29uIiwiZXhwIjoxNzc0NjQxMDAwfQ.ttV5F2wNwyjfzsXAkp7PWnQv4Es3LVZIxPjdRa6W-sE
videoUrl:: https://videos-cloudfront.jwpsrv.com/69c77a11_1d913af9596b7def37ce8ba5c18e810a0eecee01/content/conversions/a7WRo0m6/videos/RLivfW7U-26910841.mp4
imageUrl:: https://assets-jpcust.jwpsrv.com/thumbnails/quyfjam9-1920.jpg
notFoundMediaUrls: [
  {
    id: 'RLivfW7U',
    videoUrl: 'https://videos-cloudfront.jwpsrv.com/69c77a11_1d913af9596b7def37ce8ba5c18e810a0eecee01/content/conversions/a7WRo0m6/videos/RLivfW7U-26910841.mp4'
  },
  {
    id: 'RLivfW7U',
    imageUrl: 'https://assets-jpcust.jwpsrv.com/thumbnails/quyfjam9-1920.jpg'
  }
]
mediaId: NeAdqyxk
Media found for: NeAdqyxk  header:  video/mp4
mediaId: qPudqff3
Media found for: qPudqff3  header:  video/mp4
mediaId: fsJ7bhrM
Media NOT FOUND FOR ID: fsJ7bhrM
url: https://cdn.jwplayer.com/v2/sites/a7WRo0m6/media/fsJ7bhrM/playback.json?token=eyJhbGciOiJIUzI1NiIsInR5cCI6IkpXVCJ9.eyJyZXNvdXJjZSI6Ii92Mi9zaXRlcy9hN1dSbzBtNi9tZWRpYS9mc0o3YmhyTS9wbGF5YmFjay5qc29uIiwiZXhwIjoxNzc0NjQxMDAwfQ.aXLMg7tpNqY9EN5iyTTJaWbrf-gC0xYNzhZ3thKEppQ
videoUrl:: https://videos-cloudfront.jwpsrv.com/69c779fd_b88dde4aa6c390aa82f72ebc651dac76cfc520dd/content/conversions/a7WRo0m6/videos/fsJ7bhrM-26910838.mp4
imageUrl:: https://assets-jpcust.jwpsrv.com/thumbnails/saglqjko-1920.jpg
notFoundMediaUrls: [
  {
    id: 'fsJ7bhrM',
    videoUrl: 'https://videos-cloudfront.jwpsrv.com/69c779fd_b88dde4aa6c390aa82f72ebc651dac76cfc520dd/content/conversions/a7WRo0m6/videos/fsJ7bhrM-26910838.mp4'
  },
  {
    id: 'fsJ7bhrM',
    imageUrl: 'https://assets-jpcust.jwpsrv.com/thumbnails/saglqjko-1920.jpg'
  }
]
mediaId: qc5tKPY3
Media found for: qc5tKPY3  header:  video/mp4
mediaId: NeAdqyxk
Media found for: NeAdqyxk  header:  video/mp4
siteId is: hmPC8aAh
mediaId: Ay835DDw
Media found for: Ay835DDw  header:  video/mp4
mediaId: bj0z2ncC
Media found for: bj0z2ncC  header:  video/mp4
mediaId: 82wHnh8Y
Media found for: 82wHnh8Y  header:  video/mp4
mediaId: tHz4wW11
Media found for: tHz4wW11  header:  video/mp4
mediaId: 11NsCXNM
Media found for: 11NsCXNM  header:  video/mp4
mediaId: uxJYbvq9
Media found for: uxJYbvq9  header:  video/mp4
mediaId: AcLV48bN
Media found for: AcLV48bN  header:  video/mp4
mediaId: eUy6v1pF
Media found for: eUy6v1pF  header:  video/mp4
mediaId: 3TK6vSCg
Media found for: 3TK6vSCg  header:  video/mp4
mediaId: NJMzb4ku
Media found for: NJMzb4ku  header:  video/mp4
mediaId: TcU9KTQ6
Media found for: TcU9KTQ6  header:  video/mp4
mediaId: wyNcYehN
Media found for: wyNcYehN  header:  video/mp4
mediaId: RZCjxu8m
Media found for: RZCjxu8m  header:  video/mp4
mediaId: rwRx3Dts
Media found for: rwRx3Dts  header:  video/mp4
mediaId: ktwLKreH
Media found for: ktwLKreH  header:  video/mp4
mediaId: LbfSQnNr
Media found for: LbfSQnNr  header:  video/mp4
mediaId: TcU9KTQ6
Media found for: TcU9KTQ6  header:  video/mp4
mediaId: OzjsydlN
Media found for: OzjsydlN  header:  video/mp4
mediaId: RZCjxu8m
Media found for: RZCjxu8m  header:  video/mp4
mediaId: wyNcYehN
Media found for: wyNcYehN  header:  video/mp4
mediaId: ktwLKreH
Media found for: ktwLKreH  header:  video/mp4
mediaId: 16LKfdNt
Media found for: 16LKfdNt  header:  video/mp4
mediaId: LbfSQnNr
Media found for: LbfSQnNr  header:  video/mp4
mediaId: rwRx3Dts
Media found for: rwRx3Dts  header:  video/mp4
siteId is: rrdZdc0i
mediaId: 1ljnKVdH
Media found for: 1ljnKVdH  header:  video/mp4
mediaId: Yn7saeLf
Media found for: Yn7saeLf  header:  video/mp4
mediaId: r5HVDioq
Media found for: r5HVDioq  header:  video/mp4
mediaId: RThUBl5R
Media found for: RThUBl5R  header:  video/mp4
mediaId: NbCFU5dH
Media found for: NbCFU5dH  header:  video/mp4
mediaId: DGhF5Dk4
Media found for: DGhF5Dk4  header:  video/mp4
mediaId: CyikVZgX
Media found for: CyikVZgX  header:  video/mp4
mediaId: 4ck6ZjQV
Media found for: 4ck6ZjQV  header:  video/mp4
mediaId: GEXwByOR
Media found for: GEXwByOR  header:  video/mp4
mediaId: hcfJ8z3T
Media found for: hcfJ8z3T  header:  video/mp4
siteId is: V0dMg1j2
mediaId: nGkJ2g1V
Media found for: nGkJ2g1V  header:  video/mp4
mediaId: snwV0dHz
Media found for: snwV0dHz  header:  video/mp4
mediaId: NnmOdSrO
Media found for: NnmOdSrO  header:  video/mp4
mediaId: LnKlI965
Media found for: LnKlI965  header:  video/mp4
mediaId: W3aUj6T8
Media found for: W3aUj6T8  header:  video/mp4
mediaId: IOCdOFz9
Media found for: IOCdOFz9  header:  video/mp4
mediaId: srIZQTXL
Media found for: srIZQTXL  header:  video/mp4
mediaId: RBpwG4nI
Media found for: RBpwG4nI  header:  video/mp4
mediaId: l0nscBx7
Media found for: l0nscBx7  header:  video/mp4
mediaId: igXs0MEC
Media found for: igXs0MEC  header:  video/mp4
siteId is: wnXNgRL7
mediaId: coNhlBvV
Media found for: coNhlBvV  header:  video/mp4
mediaId: FE3Gdgm9
Media found for: FE3Gdgm9  header:  video/mp4
mediaId: vZvrJkyE
Media found for: vZvrJkyE  header:  video/mp4
mediaId: S91GLYJK
Media found for: S91GLYJK  header:  video/mp4
mediaId: csRzqETS
Media found for: csRzqETS  header:  video/mp4
mediaId: YNywUUK6
Media found for: YNywUUK6  header:  video/mp4
mediaId: TrKIWwii
Media found for: TrKIWwii  header:  video/mp4
mediaId: Fq5Gbsvn
Media found for: Fq5Gbsvn  header:  video/mp4
mediaId: ZyGUh35s
Media found for: ZyGUh35s  header:  video/mp4
mediaId: BHzYvTFb
Media found for: BHzYvTFb  header:  video/mp4
siteId is: gabeKBmV
mediaId: wFAmUnfI
Media found for: wFAmUnfI  header:  video/mp4
mediaId: YIdVsF9G
Media found for: YIdVsF9G  header:  video/mp4
mediaId: dfCjNdVp
Media found for: dfCjNdVp  header:  video/mp4
mediaId: NrhgIDrt
Media found for: NrhgIDrt  header:  video/mp4
mediaId: rXykrwvS
Media found for: rXykrwvS  header:  video/mp4
mediaId: yCLzbbTA
Media found for: yCLzbbTA  header:  video/mp4
mediaId: 4ipXmgQ3
Media found for: 4ipXmgQ3  header:  video/mp4
mediaId: stUhT3Ji
Media found for: stUhT3Ji  header:  video/mp4
mediaId: aVWfYSNQ
Media found for: aVWfYSNQ  header:  video/mp4
mediaId: Mm7QDlpZ
Media found for: Mm7QDlpZ  header:  video/mp4
siteId is: DbaGgv2V
mediaId: RH2ZPuYj
Media found for: RH2ZPuYj  header:  video/mp4
mediaId: tVHhlZo8
Media found for: tVHhlZo8  header:  video/mp4
mediaId: IE8N6rj0
Media found for: IE8N6rj0  header:  video/mp4
mediaId: OudebnwK
Media found for: OudebnwK  header:  video/mp4
mediaId: DGNowNkm
Media found for: DGNowNkm  header:  video/mp4
mediaId: nNFNbfwf
Media found for: nNFNbfwf  header:  video/mp4
siteId is: 3Ca2GzOj
mediaId: BcJ2Y48e
Media found for: BcJ2Y48e  header:  video/mp4
mediaId: 3i5BhWsL
Media found for: 3i5BhWsL  header:  video/mp4
mediaId: Xj2uDwQh
Media found for: Xj2uDwQh  header:  video/mp4
mediaId: V5spR42Y
Media found for: V5spR42Y  header:  video/mp4
mediaId: Sl68synV
Media found for: Sl68synV  header:  video/mp4
mediaId: OSdlveP6
Media found for: OSdlveP6  header:  video/mp4
mediaId: SmQS6RD1
Media found for: SmQS6RD1  header:  video/mp4
mediaId: aPC1mNhk
Media found for: aPC1mNhk  header:  video/mp4
mediaId: MBsR9phA
Media found for: MBsR9phA  header:  video/mp4
mediaId: ZqoiitYo
Media found for: ZqoiitYo  header:  video/mp4
mediaUrls is: [
  {
    id: 'm4G6ceFw',
    videoUrl: 'https://videos-cloudfront.jwpsrv.com/69c7788a_ddfae7c5848bb584516227ff7335689e376890f2/content/conversions/S41JwTap/videos/m4G6ceFw-25175562.mp4'
  },
  {
    id: 'm4G6ceFw',
    imageUrl: 'https://assets-jpcust.jwpsrv.com/thumbnails/mi5kdv9m-1920.jpg'
  },
  {
    id: '1IzvhWMT',
    videoUrl: 'https://videos-cloudfront.jwpsrv.com/69c777fd_6892589538199c544b408033233036ef58d81de8/content/conversions/S41JwTap/videos/1IzvhWMT-25175562.mp4'
  },
  {
    id: '1IzvhWMT',
    imageUrl: 'https://assets-jpcust.jwpsrv.com/thumbnails/pzvazx3v-1920.jpg'
  },
  {
    id: 'GC4lnrua',
    videoUrl: 'https://videos-cloudfront.jwpsrv.com/69c778c1_30e55e5fb953ad8986ef5f131207acfdcd383995/content/conversions/S41JwTap/videos/GC4lnrua-25175562.mp4'
  },
  {
    id: 'GC4lnrua',
    imageUrl: 'https://assets-jpcust.jwpsrv.com/thumbnails/w0xezvcj-1920.jpg'
  },
  {
    id: 'PRmZEddJ',
    videoUrl: 'https://videos-cloudfront.jwpsrv.com/69c777d1_94aa2ed7d9856c03b4562950e41342783fe810f9/content/conversions/S41JwTap/videos/PRmZEddJ-25175562.mp4'
  },
  {
    id: 'PRmZEddJ',
    imageUrl: 'https://assets-jpcust.jwpsrv.com/thumbnails/newym974-1920.jpg'
  },
  {
    id: 'ErCBQBdA',
    videoUrl: 'https://videos-cloudfront.jwpsrv.com/69c778e7_64b092dc458e6f50a040bb324873e22461eae0b1/content/conversions/S41JwTap/videos/ErCBQBdA-25175562.mp4'
  },
  {
    id: 'ErCBQBdA',
    imageUrl: 'https://assets-jpcust.jwpsrv.com/thumbnails/5girurdf-1920.jpg'
  },
  {
    id: '6XMvq4m6',
    videoUrl: 'https://videos-cloudfront.jwpsrv.com/69c777f6_0746afc4611ea26b8420bad380a68bf7e5687dc5/content/conversions/S41JwTap/videos/6XMvq4m6-25175562.mp4'
  },
  {
    id: '6XMvq4m6',
    imageUrl: 'https://assets-jpcust.jwpsrv.com/thumbnails/eajvtm5a-1920.jpg'
  },
  {
    id: 'EpgsvjRM',
    videoUrl: 'https://videos-cloudfront.jwpsrv.com/69c77859_e73a1572932b63e9b7edce6367baf99788a8b042/content/conversions/S41JwTap/videos/EpgsvjRM-25175562.mp4'
  },
  {
    id: 'EpgsvjRM',
    imageUrl: 'https://assets-jpcust.jwpsrv.com/thumbnails/9m7uuuq9-1920.jpg'
  },
  {
    id: '7z5CciPK',
    videoUrl: 'https://videos-cloudfront.jwpsrv.com/69c77845_da44fbfea450108c90e7b96fffd1080cc9da110a/content/conversions/S41JwTap/videos/7z5CciPK-25175562.mp4'
  },
  {
    id: '7z5CciPK',
    imageUrl: 'https://assets-jpcust.jwpsrv.com/thumbnails/jbca3mav-1920.jpg'
  },
  {
    id: 'IcZIQPtz',
    videoUrl: 'https://videos-cloudfront.jwpsrv.com/69c778eb_9c05ab3ec4dda978f1c2ffd20a857145a31646a1/content/conversions/S41JwTap/videos/IcZIQPtz-25175562.mp4'
  },
  {
    id: 'IcZIQPtz',
    imageUrl: 'https://assets-jpcust.jwpsrv.com/thumbnails/l6528jno-1920.jpg'
  },
  {
    id: 'rwYUWj05',
    videoUrl: 'https://videos-cloudfront.jwpsrv.com/69c778bb_3667328510ae66be7f23c418fd5c02e02d591056/content/conversions/S41JwTap/videos/rwYUWj05-25175562.mp4'
  },
  {
    id: 'rwYUWj05',
    imageUrl: 'https://assets-jpcust.jwpsrv.com/thumbnails/96xspyk0-1920.jpg'
  },
  {
    id: 'F5qs7wb7',
    videoUrl: 'https://videos-cloudfront.jwpsrv.com/69c77825_3ff79b983f3bfcb4eee044203eab88470462d36c/content/conversions/S41JwTap/videos/F5qs7wb7-25175562.mp4'
  },
  {
    id: 'F5qs7wb7',
    imageUrl: 'https://assets-jpcust.jwpsrv.com/thumbnails/umczh6tn-1920.jpg'
  },
  {
    id: 'xkgxlY1s',
    videoUrl: 'https://videos-cloudfront.jwpsrv.com/69c778ec_1739c34ad59c39e64ede3db1c0026447d87ddab3/content/conversions/S41JwTap/videos/xkgxlY1s-25175562.mp4'
  },
  {
    id: 'xkgxlY1s',
    imageUrl: 'https://assets-jpcust.jwpsrv.com/thumbnails/5tn8ybjw-1920.jpg'
  },
  {
    id: '9bqmDdjH',
    videoUrl: 'https://videos-cloudfront.jwpsrv.com/69c77828_442149ce4407a1a795b6ed3039e8b016fd656a1a/content/conversions/S41JwTap/videos/9bqmDdjH-25175562.mp4'
  },
  {
    id: '9bqmDdjH',
    imageUrl: 'https://assets-jpcust.jwpsrv.com/thumbnails/l157b04t-1920.jpg'
  },
  {
    id: 'fEUvHS01',
    videoUrl: 'https://videos-cloudfront.jwpsrv.com/69c7786e_18b64bc980622b1470ad0fb8927d4954e977d529/content/conversions/S41JwTap/videos/fEUvHS01-25175562.mp4'
  },
  {
    id: 'fEUvHS01',
    imageUrl: 'https://assets-jpcust.jwpsrv.com/thumbnails/a1aemlo6-1920.jpg'
  },
  {
    id: '55fWSFZl',
    videoUrl: 'https://videos-cloudfront.jwpsrv.com/69c7782d_77fd0b63cbffc55f78771aca302ca672b22afa3c/content/conversions/S41JwTap/videos/55fWSFZl-25175562.mp4'
  },
  {
    id: '55fWSFZl',
    imageUrl: 'https://assets-jpcust.jwpsrv.com/thumbnails/tbmc49t9-1920.jpg'
  },
  {
    id: 'vbBfA4Pd',
    videoUrl: 'https://videos-cloudfront.jwpsrv.com/69c77881_e3bba1381272e3e5415350088f1fe17651b6763a/content/conversions/S41JwTap/videos/vbBfA4Pd-25175562.mp4'
  },
  {
    id: 'vbBfA4Pd',
    imageUrl: 'https://assets-jpcust.jwpsrv.com/thumbnails/6vrpwgba-1920.jpg'
  },
  {
    id: '9tcIgshf',
    videoUrl: 'https://videos-cloudfront.jwpsrv.com/69c777dd_6895f192915955c9f1f2a226e3d79a14b66d62e7/content/conversions/S41JwTap/videos/9tcIgshf-25175562.mp4'
  },
  {
    id: '9tcIgshf',
    imageUrl: 'https://assets-jpcust.jwpsrv.com/thumbnails/oeeu6ezx-1920.jpg'
  },
  {
    id: 'mSO67f60',
    videoUrl: 'https://videos-cloudfront.jwpsrv.com/69c778b2_8e30210129f56990d124448b33d7e7674e2f58ec/content/conversions/S41JwTap/videos/mSO67f60-25175562.mp4'
  },
  {
    id: 'mSO67f60',
    imageUrl: 'https://assets-jpcust.jwpsrv.com/thumbnails/aezed5rh-1920.jpg'
  },
  {
    id: 'lebba41G',
    videoUrl: 'https://videos-cloudfront.jwpsrv.com/69c778b7_bb854b191338f632647b91453ed7d206e3699828/content/conversions/S41JwTap/videos/lebba41G-25175562.mp4'
  },
  {
    id: 'lebba41G',
    imageUrl: 'https://assets-jpcust.jwpsrv.com/thumbnails/06u1ej0c-1920.jpg'
  },
  {
    id: 'hU1Z2wSs',
    videoUrl: 'https://videos-cloudfront.jwpsrv.com/69c7790e_60848c52f7387b8bfde727cf2d196b1bdec72cef/content/conversions/S41JwTap/videos/hU1Z2wSs-25175562.mp4'
  },
  {
    id: 'hU1Z2wSs',
    imageUrl: 'https://assets-jpcust.jwpsrv.com/thumbnails/kyitvnl4-1920.jpg'
  },
  {
    id: '7Ijsex8L',
    videoUrl: 'https://videos-cloudfront.jwpsrv.com/69c77905_3617ca02248a263d73a497989631beaf8d92c96d/content/conversions/S41JwTap/videos/7Ijsex8L-25175562.mp4'
  },
  {
    id: '7Ijsex8L',
    imageUrl: 'https://assets-jpcust.jwpsrv.com/thumbnails/i776ey45-1920.jpg'
  },
  {
    id: 'Bvr7JpGq',
    videoUrl: 'https://videos-cloudfront.jwpsrv.com/69c777fe_b34bb76f368b17f917dad4570664bf657857fa14/content/conversions/S41JwTap/videos/Bvr7JpGq-25175562.mp4'
  },
  {
    id: 'Bvr7JpGq',
    imageUrl: 'https://assets-jpcust.jwpsrv.com/thumbnails/vwchvh4u-1920.jpg'
  },
  {
    id: 'd2y9IYSQ',
    videoUrl: 'https://videos-cloudfront.jwpsrv.com/69c7785d_bf102e8ee596d3c11f7aa079de86757bbca8d14c/content/conversions/S41JwTap/videos/d2y9IYSQ-25175562.mp4'
  },
  {
    id: 'd2y9IYSQ',
    imageUrl: 'https://assets-jpcust.jwpsrv.com/thumbnails/c0n1193b-1920.jpg'
  },
  {
    id: '6U0XLHa3',
    videoUrl: 'https://videos-cloudfront.jwpsrv.com/69c7785c_e0fb1dcd0c994abe00bc5da1e47d096ba2045ec5/content/conversions/S41JwTap/videos/6U0XLHa3-25175562.mp4'
  },
  {
    id: '6U0XLHa3',
    imageUrl: 'https://assets-jpcust.jwpsrv.com/thumbnails/p5c9c4t4-1920.jpg'
  },
  {
    id: '3f2MBcKh',
    videoUrl: 'https://videos-cloudfront.jwpsrv.com/69c778d3_36c06ed930fba1091885b2797309ef43e80990a4/content/conversions/S41JwTap/videos/3f2MBcKh-25175562.mp4'
  },
  {
    id: '3f2MBcKh',
    imageUrl: 'https://assets-jpcust.jwpsrv.com/thumbnails/clrnpov6-1920.jpg'
  },
  {
    id: 'hH2frMMC',
    videoUrl: 'https://videos-cloudfront.jwpsrv.com/69c777f6_ee15902bf19502b793f5575653d5166651da9119/content/conversions/S41JwTap/videos/hH2frMMC-25175562.mp4'
  },
  {
    id: 'hH2frMMC',
    imageUrl: 'https://assets-jpcust.jwpsrv.com/thumbnails/4ayqsngn-1920.jpg'
  },
  {
    id: 'dbW6MSQ0',
    videoUrl: 'https://videos-cloudfront.jwpsrv.com/69c778b0_f4c45829cbd546061a554a9417c749d6052e9f38/content/conversions/S41JwTap/videos/dbW6MSQ0-25175562.mp4'
  },
  {
    id: 'dbW6MSQ0',
    imageUrl: 'https://assets-jpcust.jwpsrv.com/thumbnails/kzrkivi1-1920.jpg'
  },
  {
    id: 'AoVv2qco',
    videoUrl: 'https://videos-cloudfront.jwpsrv.com/69c778e8_07ec08f4c365a1e24062e90721bc8f8eeb2ee6b9/content/conversions/S41JwTap/videos/AoVv2qco-25175562.mp4'
  },
  {
    id: 'AoVv2qco',
    imageUrl: 'https://assets-jpcust.jwpsrv.com/thumbnails/wmnfs2wf-1920.jpg'
  },
  {
    id: 'xzlAuVyv',
    videoUrl: 'https://videos-cloudfront.jwpsrv.com/69c77898_e8d5204db35e5efe2b804470cefc2bee1bfa0b3b/content/conversions/S41JwTap/videos/xzlAuVyv-25175562.mp4'
  },
  {
    id: 'xzlAuVyv',
    imageUrl: 'https://assets-jpcust.jwpsrv.com/thumbnails/wx03r1ak-1920.jpg'
  },
  {
    id: 'HYA9NFa5',
    videoUrl: 'https://videos-cloudfront.jwpsrv.com/69c778e8_9c699148bb91e0b57743f889dbfeb55fb2a526ee/content/conversions/S41JwTap/videos/HYA9NFa5-25175562.mp4'
  },
  {
    id: 'HYA9NFa5',
    imageUrl: 'https://assets-jpcust.jwpsrv.com/thumbnails/1gtdnold-1920.jpg'
  },
  {
    id: 'VnVjRvJm',
    videoUrl: 'https://videos-cloudfront.jwpsrv.com/69c7791c_5aec2a593dbacbbbbf4164ff320858327de62c91/content/conversions/S41JwTap/videos/VnVjRvJm-25175562.mp4'
  },
  {
    id: 'VnVjRvJm',
    imageUrl: 'https://assets-jpcust.jwpsrv.com/thumbnails/a9wi18k1-1920.jpg'
  },
  {
    id: 'dmiiWvBU',
    videoUrl: 'https://videos-cloudfront.jwpsrv.com/69c778b7_16e6ea1d17153c6ff7dfd4651a93e4eae39318b5/content/conversions/S41JwTap/videos/dmiiWvBU-25175562.mp4'
  },
  {
    id: 'dmiiWvBU',
    imageUrl: 'https://assets-jpcust.jwpsrv.com/thumbnails/d49gr8a7-1920.jpg'
  },
  {
    id: 'akSgRQU9',
    videoUrl: 'https://videos-cloudfront.jwpsrv.com/69c77822_1ed0bc5499ab45fc10357673916962eeb92bb2ca/content/conversions/S41JwTap/videos/akSgRQU9-25175562.mp4'
  },
  {
    id: 'akSgRQU9',
    imageUrl: 'https://assets-jpcust.jwpsrv.com/thumbnails/t5vfo6g4-1920.jpg'
  },
  {
    id: 'bohgzEP9',
    videoUrl: 'https://videos-cloudfront.jwpsrv.com/69c778ab_17663759901390bd784a2894a71336a09cf5d64e/content/conversions/S41JwTap/videos/bohgzEP9-25175562.mp4'
  },
  {
    id: 'bohgzEP9',
    imageUrl: 'https://assets-jpcust.jwpsrv.com/thumbnails/9ibpy0wi-1920.jpg'
  },
  {
    id: 'ITnrK2Ng',
    videoUrl: 'https://videos-cloudfront.jwpsrv.com/69c778f9_c060028afdfb0d33dd8ceb4b4bc14b6baefcfed1/content/conversions/S41JwTap/videos/ITnrK2Ng-25175562.mp4'
  },
  {
    id: 'ITnrK2Ng',
    imageUrl: 'https://assets-jpcust.jwpsrv.com/thumbnails/1ewf2juq-1920.jpg'
  },
  {
    id: 'cqFEJKmL',
    videoUrl: 'https://videos-cloudfront.jwpsrv.com/69c77885_37fad2dce31d2080d8f49a77ca0ecb5ea4695834/content/conversions/S41JwTap/videos/cqFEJKmL-25175562.mp4'
  },
  {
    id: 'cqFEJKmL',
    imageUrl: 'https://assets-jpcust.jwpsrv.com/thumbnails/q98vbu9n-1920.jpg'
  },
  {
    id: '4LmWIaPM',
    videoUrl: 'https://videos-cloudfront.jwpsrv.com/69c77882_eaf8fc9c080be1f6b135c55e8bc77666271b48ae/content/conversions/S41JwTap/videos/4LmWIaPM-25175562.mp4'
  },
  {
    id: '4LmWIaPM',
    imageUrl: 'https://assets-jpcust.jwpsrv.com/thumbnails/0mha4k6q-1920.jpg'
  },
  {
    id: 'l6GdRXwI',
    videoUrl: 'https://videos-cloudfront.jwpsrv.com/69c77849_dfa3437eb5854a27d9c36e1a388f0e561e008217/content/conversions/S41JwTap/videos/l6GdRXwI-25175562.mp4'
  },
  {
    id: 'l6GdRXwI',
    imageUrl: 'https://assets-jpcust.jwpsrv.com/thumbnails/46u419aj-1920.jpg'
  },
  {
    id: 'laiG57nW',
    videoUrl: 'https://videos-cloudfront.jwpsrv.com/69c7791a_db20fdb5ffa47a454385e0a19cc33f2b28c7efeb/content/conversions/S41JwTap/videos/laiG57nW-25175562.mp4'
  },
  {
    id: 'laiG57nW',
    imageUrl: 'https://assets-jpcust.jwpsrv.com/thumbnails/9y2rrr5i-1920.jpg'
  },
  {
    id: 'fSxjEAsz',
    videoUrl: 'https://videos-cloudfront.jwpsrv.com/69c77914_63bf6888fec1921e590d58f2f9ea3813a1ecf0ce/content/conversions/a7WRo0m6/videos/fSxjEAsz-26910841.mp4'
  },
  {
    id: 'fSxjEAsz',
    imageUrl: 'https://assets-jpcust.jwpsrv.com/thumbnails/e3bqjhxx-1920.jpg'
  },
  {
    id: 'WUuJvd7D',
    videoUrl: 'https://videos-cloudfront.jwpsrv.com/69c778a3_1d82a9c040e96c6c537e7f7efec01b102ba6c28c/content/conversions/a7WRo0m6/videos/WUuJvd7D-26910841.mp4'
  },
  {
    id: 'WUuJvd7D',
    imageUrl: 'https://assets-jpcust.jwpsrv.com/thumbnails/l1wat7uu-1920.jpg'
  },
  {
    id: 'nRBufDDm',
    videoUrl: 'https://videos-cloudfront.jwpsrv.com/69c77883_fe3d32d865aaa9fcdaf5e7416c9263f997df8cf6/content/conversions/a7WRo0m6/videos/nRBufDDm-26910841.mp4'
  },
  {
    id: 'nRBufDDm',
    imageUrl: 'https://assets-jpcust.jwpsrv.com/thumbnails/6izq41ep-1920.jpg'
  },
  {
    id: 'o6u2Cpvf',
    videoUrl: 'https://videos-cloudfront.jwpsrv.com/69c778ed_85d629573a89f651dd64d88514c1796820a855f5/content/conversions/a7WRo0m6/videos/o6u2Cpvf-26910841.mp4'
  },
  {
    id: 'o6u2Cpvf',
    imageUrl: 'https://assets-jpcust.jwpsrv.com/thumbnails/k8xsf1yt-1920.jpg'
  },
  {
    id: 'xezNURC5',
    videoUrl: 'https://videos-cloudfront.jwpsrv.com/69c7796d_a206a80c4e7b2d200b248214ffd698f0d8a744c4/content/conversions/a7WRo0m6/videos/xezNURC5-26910841.mp4'
  },
  {
    id: 'xezNURC5',
    imageUrl: 'https://assets-jpcust.jwpsrv.com/thumbnails/i8s2vmrf-1920.jpg'
  },
  {
    id: 'YKVQv3Pv',
    videoUrl: 'https://videos-cloudfront.jwpsrv.com/69c7788b_70f60ad67add1a0845013e882bca4a25762c957b/content/conversions/a7WRo0m6/videos/YKVQv3Pv-26910841.mp4'
  },
  {
    id: 'YKVQv3Pv',
    imageUrl: 'https://assets-jpcust.jwpsrv.com/thumbnails/ljan5q09-1920.jpg'
  },
  {
    id: 'uFk3x39h',
    videoUrl: 'https://videos-cloudfront.jwpsrv.com/69c7795e_2e92133fd6bccbf669616d9f7587fca9186f0fd8/content/conversions/a7WRo0m6/videos/uFk3x39h-26910841.mp4'
  },
  {
    id: 'uFk3x39h',
    imageUrl: 'https://assets-jpcust.jwpsrv.com/thumbnails/r9c0gmy0-1920.jpg'
  },
  {
    id: '5BVYnLyH',
    videoUrl: 'https://videos-cloudfront.jwpsrv.com/69c7791f_d8b80468ff0a28406fbc19853eb2f564c8348a21/content/conversions/a7WRo0m6/videos/5BVYnLyH-26910841.mp4'
  },
  {
    id: '5BVYnLyH',
    imageUrl: 'https://assets-jpcust.jwpsrv.com/thumbnails/af3masjf-1920.jpg'
  },
  {
    id: 'WPDaKPEL',
    videoUrl: 'https://videos-cloudfront.jwpsrv.com/69c7786d_c63d59347d4baff536b7c254fb1b4df70451cd4e/content/conversions/a7WRo0m6/videos/WPDaKPEL-26910841.mp4'
  },
  {
    id: 'WPDaKPEL',
    imageUrl: 'https://assets-jpcust.jwpsrv.com/thumbnails/e15ew9af-1920.jpg'
  },
  {
    id: 'mE4QZcYr',
    videoUrl: 'https://videos-cloudfront.jwpsrv.com/69c77927_3f1e952a3c0500c2e2114b560b132df6333ee8f0/content/conversions/a7WRo0m6/videos/mE4QZcYr-26910841.mp4'
  },
  {
    id: 'mE4QZcYr',
    imageUrl: 'https://assets-jpcust.jwpsrv.com/thumbnails/xt4n5gz6-1920.jpg'
  },
  {
    id: '2SABsZTA',
    videoUrl: 'https://videos-cloudfront.jwpsrv.com/69c77889_90edfa2a539be5eb587fd309f21fcb25d0a1c8ed/content/conversions/a7WRo0m6/videos/2SABsZTA-26910841.mp4'
  },
  {
    id: '2SABsZTA',
    imageUrl: 'https://assets-jpcust.jwpsrv.com/thumbnails/7wbsl7zy-1920.jpg'
  },
  ... 190 more items
]
