siteId is: S41JwTap
Media found for: z7LeOSy3  header:  video/mp4
Media found for: STWYoBQy  header:  video/mp4
Media found for: ShsIhtjD  header:  video/mp4
Media found for: WA2YRETv  header:  video/mp4
Media found for: bhYOD2lh  header:  video/mp4
Media found for: OcrzCmeQ  header:  video/mp4
Media found for: KsNGVhDC  header:  video/mp4
Media found for: 7ty2vdqv  header:  video/mp4
Media found for: BvO0DGKx  header:  video/mp4
Media found for: lRHa169A  header:  video/mp4
Media found for: oNXIN6o7  header:  video/mp4
Media found for: dLQcrjtK  header:  video/mp4
Media found for: JCfDUlyc  header:  video/mp4
Media found for: dGGAAB8K  header:  video/mp4
Media found for: YV7VLEaL  header:  video/mp4
Media found for: 46TnEjfh  header:  video/mp4
Media found for: cjHTTk1f  header:  video/mp4
Media found for: NaeI0WU9  header:  video/mp4
Media found for: 2DguMbbN  header:  video/mp4
Media found for: J6YVXB0m  header:  video/mp4
Media found for: J4ichn8V  header:  video/mp4
Media found for: Z1njjhxI  header:  video/mp4
Media found for: ifmEehac  header:  video/mp4
Media found for: FZkzwQrg  header:  video/mp4
Media found for: IKm6sdvP  header:  video/mp4
Media found for: a3VObsWz  header:  video/mp4
Media found for: GpCO2xuz  header:  video/mp4
Media found for: RnHpBoPM  header:  video/mp4
Media found for: LBgmUfoi  header:  video/mp4
Media found for: qQ7iQMnh  header:  video/mp4
Media found for: LvqIgGIp  header:  video/mp4
Media found for: gnuko5m5  header:  video/mp4
Media found for: SiwKGqYw  header:  video/mp4
Media found for: 5XTTWF9G  header:  video/mp4
Media found for: tuxHnKuF  header:  video/mp4
Media found for: Xp8yWBYZ  header:  video/mp4
Media found for: aqoF3CEa  header:  video/mp4
Media found for: 9UADz6Qb  header:  video/mp4
Media found for: WVBxvuuB  header:  video/mp4
Media found for: qahTFk7a  header:  video/mp4
Media found for: ZxfPNKJt  header:  video/mp4
Media found for: vpnZLIMk  header:  video/mp4
Media found for: iAIdaSQM  header:  video/mp4
Media found for: ZRLIsMBx  header:  video/mp4
Media found for: QkmNzhul  header:  video/mp4
Media found for: wLQ7eipW  header:  video/mp4
Media found for: 4Uw9tJm9  header:  video/mp4
Media found for: 6CDjUfdy  header:  video/mp4
Media found for: rgGcBnZ1  header:  video/mp4
Media found for: G5MmCT6a  header:  video/mp4
Media found for: VnFzug5O  header:  video/mp4
Media found for: yu745Af4  header:  video/mp4
Media found for: CC64j0p8  header:  video/mp4
Media found for: 6jdliXRG  header:  video/mp4
Media found for: pZWNlEYq  header:  video/mp4
Media found for: 0ULlvHE3  header:  video/mp4
Media found for: UNBX2EkQ  header:  video/mp4
Media found for: UHUTgUkf  header:  video/mp4
Media found for: jRp4bqco  header:  video/mp4
Media found for: COiLCKi9  header:  video/mp4
Media found for: 3ZQ5NxEu  header:  video/mp4
Media found for: 6pFrGtHx  header:  video/mp4
Media found for: Zss86O7T  header:  video/mp4
Media found for: vibpxgBW  header:  video/mp4
Media found for: fXa3nwjH  header:  video/mp4
Media found for: BoY3SCHQ  header:  video/mp4
Media found for: 93ck7miq  header:  video/mp4
Media found for: 1ewroSJ5  header:  video/mp4
Media found for: Q7pujDTr  header:  video/mp4
Media found for: lcU2rqa7  header:  video/mp4
Media found for: xVqyQBI0  header:  video/mp4
Media found for: N1mmYWwe  header:  video/mp4
Media found for: a70UZfZ0  header:  video/mp4
Media found for: ALNintyg  header:  video/mp4
Media found for: uSyiDE9Q  header:  video/mp4
Media found for: dRYAeM9h  header:  video/mp4
Media found for: D5ovGHOR  header:  video/mp4
Media found for: bELWl4ju  header:  video/mp4
Media found for: UXudcMSK  header:  video/mp4
Media found for: Aakl3DnD  header:  video/mp4
Media found for: wBD2WQn1  header:  video/mp4
Media found for: bxOHct3m  header:  video/mp4
Media found for: VpBr65rE  header:  video/mp4
Media found for: 7VqsObVa  header:  video/mp4
Media found for: l8XFtMUq  header:  video/mp4
Media found for: FpWSWxDw  header:  video/mp4
Media found for: XUlnsWgg  header:  video/mp4
Media found for: LYMmTAXb  header:  video/mp4
Media found for: V8oBI4Ly  header:  video/mp4
Media found for: I1uO5vqQ  header:  video/mp4
Media found for: 2HacakLO  header:  video/mp4
Media found for: 4mZ2F0Dw  header:  video/mp4
Media found for: KN7oPnjt  header:  video/mp4
Media found for: nbHXCL0L  header:  video/mp4
Media found for: Irg0pasR  header:  video/mp4
Media found for: 4LcS0HwF  header:  video/mp4
Media found for: hO1Vu3Gv  header:  video/mp4
Media found for: PhQhF42l  header:  video/mp4
Media found for: XhUF4PRN  header:  video/mp4
Media found for: PvnFgaJb  header:  video/mp4
Media found for: hYSnL0zu  header:  video/mp4
Media found for: HQKeWHos  header:  video/mp4
Media found for: mz7lRmex  header:  video/mp4
Media found for: lA1GTHNo  header:  video/mp4
Media found for: MzJ3fTPy  header:  video/mp4
Media found for: kgarMCoH  header:  video/mp4
Media found for: 6reyBMha  header:  video/mp4
Media found for: pm0rMQ4t  header:  video/mp4
Media found for: Kb5DxTIc  header:  video/mp4
Media found for: ZhMZvvtA  header:  video/mp4
Media found for: 6vSe5uBP  header:  video/mp4
Media found for: wDbG0trg  header:  video/mp4
Media found for: zjMN54Vv  header:  video/mp4
Media found for: qGBW18Ih  header:  video/mp4
Media found for: EWTkECTn  header:  video/mp4
Media found for: zCcalB7Q  header:  video/mp4
Media found for: irjAn1yY  header:  video/mp4
Media found for: dMzORNwj  header:  video/mp4
Media found for: lW7vQNaT  header:  video/mp4
Media found for: uhdJ0Smr  header:  video/mp4
Media found for: 3q2MTeJM  header:  video/mp4
Media found for: 9nNLAr8z  header:  video/mp4
Media found for: 0Yce67U2  header:  video/mp4
Media found for: VGoqLVqJ  header:  video/mp4
Media found for: Xr7FBipS  header:  video/mp4
Media found for: HIzQOLmi  header:  video/mp4
Media found for: KwOMChCR  header:  video/mp4
Media found for: 2YXLCOl5  header:  video/mp4
Media found for: InhG1Su7  header:  video/mp4
Media found for: aMVqXoRN  header:  video/mp4
Media found for: g1NWRXl4  header:  video/mp4
Media found for: Ext0bK1y  header:  video/mp4
Media found for: 0DNZgD8w  header:  video/mp4
Media found for: xYV9KrvL  header:  video/mp4
Media found for: qfMhCR8L  header:  video/mp4
Media found for: WNbqx3wY  header:  video/mp4
Media found for: ZXnEc8zO  header:  video/mp4
Media found for: JGkPnr4Z  header:  video/mp4
Media found for: hunS7v1y  header:  video/mp4
Media found for: jpqoSU0V  header:  video/mp4
Media found for: MsYiM8U8  header:  video/mp4
Media found for: i79XFmvl  header:  video/mp4
Media found for: SIyUYZ2r  header:  video/mp4
Media found for: ipB2vcfR  header:  video/mp4
Media found for: E3SUfqDG  header:  video/mp4
Media found for: sSwaZ69q  header:  video/mp4
Media found for: L3iGJ8l9  header:  video/mp4
Media found for: oBbfkACr  header:  video/mp4
Media found for: vAXLIPdN  header:  video/mp4
Media found for: DAaTAFO3  header:  video/mp4
Media found for: NiWILkHZ  header:  video/mp4
Media found for: DldFHFsr  header:  video/mp4
Media found for: BsMn3zwu  header:  video/mp4
Media found for: rhRfOBfj  header:  video/mp4
Media found for: WEgeGJOr  header:  video/mp4
Media found for: fCKDjv4y  header:  video/mp4
Media found for: bxZiDj9z  header:  video/mp4
Media found for: KW0fGWYn  header:  video/mp4
Media found for: 3IH9AY6d  header:  video/mp4
Media found for: NZyHhIjS  header:  video/mp4
Media found for: TgfbIZ9x  header:  video/mp4
Media found for: LxZYI7hi  header:  video/mp4
Media found for: bPv89k9f  header:  video/mp4
Media found for: CfcyZHST  header:  video/mp4
Media found for: SmHyJ1vw  header:  video/mp4
Media found for: sdX1MAD7  header:  video/mp4
Media found for: gSIBwd4Y  header:  video/mp4
Media found for: Mp4GXcJs  header:  video/mp4
Media found for: M92P4OAP  header:  video/mp4
Media found for: GdkY7Jk5  header:  video/mp4
Media found for: 87gDR9Mb  header:  video/mp4
Media found for: uORUiRt0  header:  video/mp4
Media found for: U9laSKA1  header:  video/mp4
Media found for: vxrrUbF5  header:  video/mp4
Media found for: plG9Chqz  header:  video/mp4
Media found for: Lu7zXAtZ  header:  video/mp4
Media found for: bJRairkT  header:  video/mp4
Media found for: uQNnk3Cs  header:  video/mp4
Media found for: 6gM6e0Bc  header:  video/mp4
Media found for: WkjC9ZBu  header:  video/mp4
Media found for: eptlxlOO  header:  video/mp4
Media found for: mQrRw9yJ  header:  video/mp4
Media found for: buuTzJQn  header:  video/mp4
Media found for: qUXBXSc0  header:  video/mp4
Media found for: 7XTvJoZy  header:  video/mp4
Media found for: xB76qD36  header:  video/mp4
Media found for: dzqRW6YK  header:  video/mp4
Media found for: nSYoB2sQ  header:  video/mp4
Media found for: PVdb5D6p  header:  video/mp4
Media found for: jbWGZasb  header:  video/mp4
Media found for: U1IQL9WO  header:  video/mp4
Media found for: 4jigxCRf  header:  video/mp4
Media found for: sRxN8lcN  header:  video/mp4
Media found for: Curj8jj8  header:  video/mp4
Media found for: DdHjaDxE  header:  video/mp4
Media found for: skC8DqH6  header:  video/mp4
Media found for: v3nuD1BB  header:  video/mp4
Media found for: PfcuKtas  header:  video/mp4
Media found for: uuW7W9NZ  header:  video/mp4
Media found for: lOYPi26v  header:  video/mp4
Media found for: x1XJJ7rb  header:  video/mp4
Media found for: M1KD2W37  header:  video/mp4
Media found for: OIpo1hTt  header:  video/mp4
Media found for: pyEZN9IM  header:  video/mp4
Media found for: K1kuaFjQ  header:  video/mp4
Media found for: r1R65r12  header:  video/mp4
Media found for: Z6S2omqk  header:  video/mp4
Media found for: FZy8woIc  header:  video/mp4
Media found for: PYZBz4yM  header:  video/mp4
Media found for: eSgNtCbV  header:  video/mp4
Media found for: s4NYHkFh  header:  video/mp4
Media found for: QhJGdRzC  header:  video/mp4
Media found for: wYIiflrV  header:  video/mp4
Media found for: Gzsw0xuz  header:  video/mp4
Media found for: jtDNenUw  header:  video/mp4
Media found for: 3fK73Lap  header:  video/mp4
Media found for: LZGCevJE  header:  video/mp4
Media found for: mtx9hlsE  header:  video/mp4
Media found for: 6I8jXynm  header:  video/mp4
Media found for: 2V8Sx3GJ  header:  video/mp4
Media found for: BKOFxKfh  header:  video/mp4
Media found for: aUECXnzA  header:  video/mp4
Media found for: 2hRxoD2j  header:  video/mp4
Media found for: nIeSzYzk  header:  video/mp4
Media found for: cpvAxGJd  header:  video/mp4
Media found for: ybN4xiKf  header:  video/mp4
Media found for: cCbX1x9X  header:  video/mp4
Media found for: um5smFTZ  header:  video/mp4
Media found for: dDM2dZTc  header:  video/mp4
Media found for: vnAVhjvf  header:  video/mp4
Media found for: ZS4ZGD4l  header:  video/mp4
Media found for: jEHx2o9R  header:  video/mp4
Media found for: kI5S8npV  header:  video/mp4
Media found for: LcFozKGK  header:  video/mp4
Media found for: beTWQnnC  header:  video/mp4
Media found for: i7WA9Fhp  header:  video/mp4
Media found for: 9ww6LeeP  header:  video/mp4
Media found for: dbj2U0VE  header:  video/mp4
Media found for: B5zKxw9I  header:  video/mp4
Media found for: qTdWw1Zh  header:  video/mp4
Media found for: SjGbQsS6  header:  video/mp4
Media found for: SzOhJFAK  header:  video/mp4
Media found for: KeASsDiH  header:  video/mp4
Media found for: go27ydp0  header:  video/mp4
Media found for: uOgTsSEf  header:  video/mp4
Media found for: UlQgfDO7  header:  video/mp4
Media found for: LbXjGXFM  header:  video/mp4
Media found for: VPqOhRyM  header:  video/mp4
Media found for: mVw180tU  header:  video/mp4
Media found for: XZ26XoDf  header:  video/mp4
Media found for: b9EfOeZR  header:  video/mp4
Media found for: wXmRGCxa  header:  video/mp4
Media found for: M75P8tL0  header:  video/mp4
Media found for: zsThulQc  header:  video/mp4
Media found for: 1blbvDBf  header:  video/mp4
Media found for: wgJ8ZHcw  header:  video/mp4
Media found for: srQ598lo  header:  video/mp4
Media found for: DNCG8pDN  header:  video/mp4
Media found for: 2Q6dZvxD  header:  video/mp4
Media found for: DCaf4UyM  header:  video/mp4
Media found for: aJQj3NkV  header:  video/mp4
Media found for: ob9rG2mc  header:  video/mp4
Media found for: HNvaoxwR  header:  video/mp4
Media found for: AVkf7EGG  header:  video/mp4
Media found for: iWtJ7QZ7  header:  video/mp4
Media found for: wzQ40Lhd  header:  video/mp4
Media found for: iEU8JFr7  header:  video/mp4
Media found for: VWI453R2  header:  video/mp4
Media found for: wBmGczUW  header:  video/mp4
Media found for: z01W9CzW  header:  video/mp4
Media found for: zsef3sS2  header:  video/mp4
Media found for: nmMdAPWn  header:  video/mp4
Media found for: zgvFhR5B  header:  video/mp4
Media found for: DRj7LqAx  header:  video/mp4
Media found for: pIXsDg8I  header:  video/mp4
Media found for: hWKSttp8  header:  video/mp4
Media found for: 3Osm897M  header:  video/mp4
Media found for: ZsQFdLRk  header:  video/mp4
Media found for: HPnUslTD  header:  video/mp4
Media found for: RbeTzAhj  header:  video/mp4
Media found for: BVNBV6zL  header:  video/mp4
Media found for: qn4cvHjx  header:  video/mp4
Media found for: yuLNN9OD  header:  video/mp4
Media found for: xQbC9tWp  header:  video/mp4
Media found for: NjYoktoR  header:  video/mp4
Media found for: aucIJPf0  header:  video/mp4
Media found for: HraTyr2G  header:  video/mp4
Media found for: PIja5Edf  header:  video/mp4
Media found for: 4ndsp1id  header:  video/mp4
Media found for: ZUEBA51Y  header:  video/mp4
Media found for: vjc0MSEL  header:  video/mp4
Media found for: 1Uoi0fAR  header:  video/mp4
Media found for: EXqvQnHx  header:  video/mp4
Media found for: RFCMYSl8  header:  video/mp4
Media found for: sg1Xsobz  header:  video/mp4
Media found for: pgfSoUl6  header:  video/mp4
Media found for: MNarrXm3  header:  video/mp4
Media found for: QfDzIU9g  header:  video/mp4
Media found for: bhN0y366  header:  video/mp4
Media found for: TlJA6pPs  header:  video/mp4
Media found for: l38Cie9X  header:  video/mp4
Media found for: XQoT20de  header:  video/mp4
Media found for: GrqHawGn  header:  video/mp4
Media found for: r2mGmxLp  header:  video/mp4
Media found for: nArlr4Ro  header:  video/mp4
Media found for: GLst45PR  header:  video/mp4
Media found for: eYkXTHH6  header:  video/mp4
Media found for: ogunLAFL  header:  video/mp4
Media found for: hBDYw3XP  header:  video/mp4
Media found for: wpmBfrMA  header:  video/mp4
Media found for: M0dImtXI  header:  video/mp4
Media found for: ZbOTDr7i  header:  video/mp4
Media found for: LmInn7YU  header:  video/mp4
Media found for: 46i28FOg  header:  video/mp4
Media found for: LBMrjzv9  header:  video/mp4
Media found for: IOTUp9c2  header:  video/mp4
Media found for: 4XxpBU5W  header:  video/mp4
Media found for: epzeyc6e  header:  video/mp4
Media found for: CwUkYZ8q  header:  video/mp4
Media found for: 6bFNtnp2  header:  video/mp4
Media found for: V0Kx54gA  header:  video/mp4
Media found for: gl7o2Jxr  header:  video/mp4
Media found for: pUtLicvN  header:  video/mp4
Media found for: jH0kcjNv  header:  video/mp4
Media found for: 8wbRFEJK  header:  video/mp4
Media found for: msUCWeIv  header:  video/mp4
Media found for: 0mlKmDmn  header:  video/mp4
Media found for: EKZZnA3c  header:  video/mp4
Media found for: JthVP95t  header:  video/mp4
Media found for: 7RStg4sH  header:  video/mp4
Media found for: jAscrBnK  header:  video/mp4
Media found for: 6bpZTxQ4  header:  video/mp4
Media found for: NpBqo6Gj  header:  video/mp4
Media found for: MEraNQ2r  header:  video/mp4
Media found for: 7WFEK5mw  header:  video/mp4
Media found for: mtWOaNfA  header:  video/mp4
Media found for: 8TUFMv9b  header:  video/mp4
Media found for: QDNPaF2B  header:  video/mp4
Media found for: JLu3XmNJ  header:  video/mp4
Media found for: Y7G3v32q  header:  video/mp4
Media found for: fYR2nldY  header:  video/mp4
Media found for: XovY78cc  header:  video/mp4
Media found for: RvioiR7F  header:  video/mp4
Media found for: 9fG6cfcF  header:  video/mp4
Media found for: lIMAQWUt  header:  video/mp4
Media found for: S7HuTXfK  header:  video/mp4
Media found for: 2pk1SDm9  header:  video/mp4
Media found for: 81BtIRxZ  header:  video/mp4
Media found for: ftrMcO1D  header:  video/mp4
Media found for: DTIsdlNA  header:  video/mp4
Media found for: oytBWtDt  header:  video/mp4
Media found for: mHzo8trA  header:  video/mp4
Media found for: VRF5AXle  header:  video/mp4
Media found for: FhalvlrI  header:  video/mp4
Media found for: RzpK6XcA  header:  video/mp4
Media found for: 8KvfABFX  header:  video/mp4
Media found for: l0xebpnH  header:  video/mp4
Media found for: b9snkt0C  header:  video/mp4
Media found for: txiH6aFx  header:  video/mp4
Media found for: pCSshiRF  header:  video/mp4
Media found for: FdQvueaX  header:  video/mp4
Media found for: 6RXORSig  header:  video/mp4
Media found for: o7oTu0Lm  header:  video/mp4
Media found for: 2g8e5z8Y  header:  video/mp4
Media found for: NvjhWG5n  header:  video/mp4
Media found for: DJVtP3qI  header:  video/mp4
Media found for: LG0Q8kIS  header:  video/mp4
Media found for: 8m1SDOg9  header:  video/mp4
Media found for: ptJlTw2n  header:  video/mp4
Media found for: jofll9H1  header:  video/mp4
Media found for: IFYS35yt  header:  video/mp4
Media found for: z3HeTjJc  header:  video/mp4
Media found for: lak520pZ  header:  video/mp4
Media found for: mITiOCV7  header:  video/mp4
Media found for: YrCdLv3e  header:  video/mp4
Media found for: T732zX7P  header:  video/mp4
Media found for: qnXu8Mck  header:  video/mp4
Media found for: jLWZOqGa  header:  video/mp4
Media found for: Uvdo7Np6  header:  video/mp4
Media found for: 0DAQlBA7  header:  video/mp4
Media found for: b30Pg2Pj  header:  video/mp4
Media found for: CcwVqdiI  header:  video/mp4
Media found for: iVk2Pp1B  header:  video/mp4
Media found for: DyFuhZhN  header:  video/mp4
Media found for: P6NKNnal  header:  video/mp4
Media found for: MCQ6ODZf  header:  video/mp4
Media found for: oSW0CnRM  header:  video/mp4
Media found for: AAcGV2r8  header:  video/mp4
Media found for: 92uIrgJ1  header:  video/mp4
Media found for: qu6kUY3a  header:  video/mp4
Media found for: Cie6AJKb  header:  video/mp4
Media found for: Uf9rvtQP  header:  video/mp4
Media found for: qzn4IqXZ  header:  video/mp4
Media found for: 2itDJYru  header:  video/mp4
Media found for: 5Bkvusx1  header:  video/mp4
Media found for: xd7g0rWq  header:  video/mp4
Media found for: VvxIBXou  header:  video/mp4
Media found for: JB0s1SMr  header:  video/mp4
Media found for: mPl8fLss  header:  video/mp4
Media found for: 3QwLhoBi  header:  video/mp4
Media found for: ULM4zdC7  header:  video/mp4
Media found for: Fr1wQZEp  header:  video/mp4
Media found for: LtC8WEXn  header:  video/mp4
Media found for: hJYioW5u  header:  video/mp4
Media found for: EBHs9E5D  header:  video/mp4
Media found for: 9EY4bjQ4  header:  video/mp4
Media found for: cKhJR7kq  header:  video/mp4
Media found for: KYsermo1  header:  video/mp4
Media found for: eStfEJ00  header:  video/mp4
Media found for: AT5NFzDt  header:  video/mp4
Media found for: AdJ1cfRW  header:  video/mp4
Media found for: 9kXO8NS6  header:  video/mp4
Media found for: 4BuuJpLH  header:  video/mp4
Media found for: Ys8KfZUI  header:  video/mp4
Media found for: bXbNEpvO  header:  video/mp4
Media found for: wKsqk3iY  header:  video/mp4
Media found for: jetCL3CG  header:  video/mp4
Media found for: h9RHgycp  header:  video/mp4
Media found for: zBkkVt4v  header:  video/mp4
Media found for: 8M17jIOC  header:  video/mp4
Media found for: OTIZMciR  header:  video/mp4
Media found for: QcyakCNe  header:  video/mp4
Media found for: cr1pf4Ld  header:  video/mp4
Media found for: wtYvcsJh  header:  video/mp4
Media found for: Tx7avH44  header:  video/mp4
Media found for: bvAE9Urv  header:  video/mp4
Media found for: zhGlm3hG  header:  video/mp4
Media found for: lfmr8vEx  header:  video/mp4
Media found for: vWwjwCfc  header:  video/mp4
Media found for: N1MCKyfp  header:  video/mp4
Media found for: e4Umlfhl  header:  video/mp4
Media found for: Ic5vDX4w  header:  video/mp4
Media found for: jlSQD6eQ  header:  video/mp4
Media found for: DlZeRSmf  header:  video/mp4
Media found for: 8i2iZjlp  header:  video/mp4
Media found for: cShRnmT1  header:  video/mp4
Media found for: cQdgjXt4  header:  video/mp4
Media found for: VXkLi8v4  header:  video/mp4
Media found for: NnhQz2ha  header:  video/mp4
Media found for: wYhsb7PQ  header:  video/mp4
Media found for: KXX4UcD4  header:  video/mp4
Media found for: SrA6VcNf  header:  video/mp4
Media found for: GkLpA5Xe  header:  video/mp4
Media found for: TSZsWax6  header:  video/mp4
Media found for: egRDIzEp  header:  video/mp4
Media found for: olsxnjSU  header:  video/mp4
Media found for: 3PytA8JH  header:  video/mp4
Media found for: nfeUiZo0  header:  video/mp4
Media found for: k7ZZwxTp  header:  video/mp4
Media found for: zYXHmMfK  header:  video/mp4
Media found for: 86rwMHUM  header:  video/mp4
Media found for: lfcOGHvn  header:  video/mp4
Media found for: jxMcdCWW  header:  video/mp4
Media found for: ZeHTPgJE  header:  video/mp4
Media found for: RPGUTj6v  header:  video/mp4
Media found for: 8oHcf4hr  header:  video/mp4
Media found for: T1B3RPrO  header:  video/mp4
Media found for: QeZj1kmN  header:  video/mp4
Media found for: AWSy0euO  header:  video/mp4
Media found for: yNwEMbPC  header:  video/mp4
Media found for: FWbvbigv  header:  video/mp4
Media found for: 7XUO4Eoi  header:  video/mp4
Media found for: rWMKadWq  header:  video/mp4
Media found for: PHWAc4jR  header:  video/mp4
Media found for: 1jhbFm4F  header:  video/mp4
Media found for: kNY4Gq5K  header:  video/mp4
Media found for: u05IdZ1a  header:  video/mp4
Media found for: e4ipIMCU  header:  video/mp4
Media found for: LHjfJ0GC  header:  video/mp4
Media found for: Q7mDAqna  header:  video/mp4
Media found for: nYkZ9dZJ  header:  video/mp4
Media found for: tW4zNQZ2  header:  video/mp4
Media found for: 7PMR5VOE  header:  video/mp4
Media found for: bdIOs806  header:  video/mp4
Media found for: f0M2kNnT  header:  video/mp4
Media found for: exTjsEnD  header:  video/mp4
Media found for: 56ui0mhj  header:  video/mp4
Media found for: PoZYNKOS  header:  video/mp4
Media found for: s3BkTMdf  header:  video/mp4
Media found for: uhk8nKPP  header:  video/mp4
Media found for: gWZvkz6n  header:  video/mp4
Media found for: hQNLeHa6  header:  video/mp4
Media found for: DdpxHpC0  header:  video/mp4
Media found for: YUj1VUXX  header:  video/mp4
Media found for: 7TDWf5BN  header:  video/mp4
Media found for: qsTiRfgN  header:  video/mp4
Media found for: OROo1fPh  header:  video/mp4
Media found for: wOCMuGlG  header:  video/mp4
Media found for: LNFyxZLv  header:  video/mp4
Media found for: UxLp5N8J  header:  video/mp4
Media found for: dnaDSKEZ  header:  video/mp4
Media found for: BIf8F944  header:  video/mp4
Media found for: SQZJzYx8  header:  video/mp4
Media found for: 6l7qEhX5  header:  video/mp4
Media found for: g6w8b6Me  header:  video/mp4
Media found for: oUkdZOZF  header:  video/mp4
Media found for: DI6Las4N  header:  video/mp4
Media found for: pPJh4wpz  header:  video/mp4
Media found for: a7RyMr8T  header:  video/mp4
Media found for: 5l6usG3I  header:  video/mp4
Media found for: WDpl68xl  header:  video/mp4
Media found for: K7dcdH4D  header:  video/mp4
Media found for: A4Or23C3  header:  video/mp4
Media found for: 61jzC7aK  header:  video/mp4
Media found for: Vx7lu65d  header:  video/mp4
Media found for: n7VXCMP9  header:  video/mp4
Media found for: pMHnTqNY  header:  video/mp4
Media found for: oh1XiXCu  header:  video/mp4
Media found for: TrZ8qe0F  header:  video/mp4
Media found for: oQ7K2Wvc  header:  video/mp4
Media found for: lflPty0n  header:  video/mp4
Media found for: lG2vhzFK  header:  video/mp4
Media found for: mOnowfsb  header:  video/mp4
Media found for: eJTwZ2js  header:  video/mp4
Media found for: DGw3hcyD  header:  video/mp4
Media found for: FYUarb1E  header:  video/mp4
Media found for: LzQ9vtwF  header:  video/mp4
Media found for: tLDEGC7R  header:  video/mp4
Media found for: raQZUvvK  header:  video/mp4
Media found for: SdvyuozL  header:  video/mp4
Media found for: uZlx1HJ4  header:  video/mp4
Media found for: cNQmdcXj  header:  video/mp4
Media found for: QT6UUPyU  header:  video/mp4
Media found for: JoEOmivl  header:  video/mp4
Media found for: IEdZQjiv  header:  video/mp4
Media found for: uk03Q34U  header:  video/mp4
Media found for: pTyt49Xk  header:  video/mp4
Media found for: N9jWIyOt  header:  video/mp4
Media found for: iDpGWQ4l  header:  video/mp4
Media found for: dNkOCAqx  header:  video/mp4
Media found for: ShEklRnB  header:  video/mp4
Media found for: aAn79P1e  header:  video/mp4
Media found for: MgwA358Z  header:  video/mp4
Media found for: 1ek8p1EW  header:  video/mp4
Media found for: 5D4YOdop  header:  video/mp4
Media found for: vu7OJEXl  header:  video/mp4
Media found for: rDVLhDuc  header:  video/mp4
Media found for: qQ4IOOoG  header:  video/mp4
Media found for: gwKar5mx  header:  video/mp4
Media found for: j4YpFRLM  header:  video/mp4
Media found for: 4u4H7KS8  header:  video/mp4
Media found for: OPs16fWb  header:  video/mp4
Media found for: N2P7sGar  header:  video/mp4
Media found for: rNZHeKGz  header:  video/mp4
Media found for: 2fjhqAlK  header:  video/mp4
Media found for: 5VurhvVf  header:  video/mp4
Media found for: CKtwdizz  header:  video/mp4
Media found for: I1lum58D  header:  video/mp4
Media found for: 2GpYkm8n  header:  video/mp4
Media found for: sS4fPfw4  header:  video/mp4
Media found for: TNmwgjQe  header:  video/mp4
Media found for: qMkUf6FQ  header:  video/mp4
Media found for: HIirMcPa  header:  video/mp4
Media found for: 5AqFdajO  header:  video/mp4
Media found for: ORm9YMI2  header:  video/mp4
Media found for: Rv0DmEd7  header:  video/mp4
Media found for: 1rCuJDJA  header:  video/mp4
Media found for: VNAIf59d  header:  video/mp4
Media found for: dM8TujqY  header:  video/mp4
Media found for: 96lj1Hjk  header:  video/mp4
Media found for: AlSLdyE4  header:  video/mp4
Media found for: Cjl5kKzx  header:  video/mp4
Media found for: SxnpAyXr  header:  video/mp4
Media found for: bo3W6CKu  header:  video/mp4
Media found for: iUtMujQ6  header:  video/mp4
Media found for: JN1f3Sb9  header:  video/mp4
Media found for: sz40JBlW  header:  video/mp4
Media found for: 6Ux42aSp  header:  video/mp4
Media found for: OL6La7st  header:  video/mp4
Media found for: t69SRafX  header:  video/mp4
Media found for: apoUGJto  header:  video/mp4
Media found for: VJKEG6li  header:  video/mp4
Media found for: 8rdGFDWA  header:  video/mp4
Media found for: meh8tNhv  header:  video/mp4
Media found for: HJp6KFV4  header:  video/mp4
Media found for: icwlLEaV  header:  video/mp4
Media found for: sB2AE5C8  header:  video/mp4
Media found for: k55NGtLh  header:  video/mp4
Media found for: CgdP9uOy  header:  video/mp4
Media found for: ZEhtTCYw  header:  video/mp4
Media found for: ItEzwNIh  header:  video/mp4
Media found for: oNfhyfS1  header:  video/mp4
Media found for: zdwOvYJr  header:  video/mp4
Media found for: PfsVzm4U  header:  video/mp4
Media found for: Tec3Tfht  header:  video/mp4
Media found for: yrVYb1rX  header:  video/mp4
Media found for: fjRuUWqm  header:  video/mp4
Media found for: ug6HoQ9F  header:  video/mp4
Media found for: gBV0ihya  header:  video/mp4
Media found for: C2ILdhke  header:  video/mp4
Media found for: g0BC4F2b  header:  video/mp4
Media found for: 6G3elJuM  header:  video/mp4
Media found for: pM7carnJ  header:  video/mp4
Media found for: qQ4LoJkp  header:  video/mp4
Media found for: aGqfiOYD  header:  video/mp4
Media found for: WqjC0k0Q  header:  video/mp4
Media found for: sYlp7Wgb  header:  video/mp4
Media found for: eLDe73qx  header:  video/mp4
Media found for: NgEIoukA  header:  video/mp4
Media found for: IkVqMnzg  header:  video/mp4
Media found for: eAu6VGEg  header:  video/mp4
Media found for: FFojs3hQ  header:  video/mp4
Media found for: sUwuKs10  header:  video/mp4
Media found for: IWQW5es5  header:  video/mp4
Media found for: jasPS8qu  header:  video/mp4
Media found for: mw38Wi2U  header:  video/mp4
Media found for: 3O8jmsmf  header:  video/mp4
Media found for: uG72YRkn  header:  video/mp4
Media found for: 9FjSutXe  header:  video/mp4
Media found for: q7vAq0gj  header:  video/mp4
Media found for: XsRPfA8x  header:  video/mp4
Media found for: NWiaRw8j  header:  video/mp4
Media found for: gseckK05  header:  video/mp4
Media found for: MS0fjTLd  header:  video/mp4
Media found for: 9clbnSe2  header:  video/mp4
Media found for: Rk5M8s7X  header:  video/mp4
Media found for: NlZVMFrD  header:  video/mp4
Media found for: yHX3ICrl  header:  video/mp4
Media found for: lV6H6KmJ  header:  video/mp4
Media found for: sw04Yf2V  header:  video/mp4
Media found for: Vbs5AFFt  header:  video/mp4
Media found for: KMPzsJNc  header:  video/mp4
Media found for: 2BRA48X2  header:  video/mp4
Media found for: tc4T1qCy  header:  video/mp4
Media found for: bNeIL1qJ  header:  video/mp4
Media found for: pWm5aYte  header:  video/mp4
Media found for: kEOnte1B  header:  video/mp4
Media found for: ZFbfIkaC  header:  video/mp4
Media found for: OAOIRUOq  header:  video/mp4
Media found for: 9wVpbstE  header:  video/mp4
Media found for: Xdw8Ud64  header:  video/mp4
Media found for: t7Wtef17  header:  video/mp4
Media found for: B1YqnT3v  header:  video/mp4
Media found for: wrc3V3zx  header:  video/mp4
Media found for: 5FGLn5f4  header:  video/mp4
Media found for: uupAsb2L  header:  video/mp4
Media found for: g3VEVzG9  header:  video/mp4
Media found for: QFPPNeSe  header:  video/mp4
Media found for: JzCOEQfx  header:  video/mp4
Media found for: cG8foreN  header:  video/mp4
Media found for: o2GN21d5  header:  video/mp4
Media found for: kOTC43cx  header:  video/mp4
Media found for: hIfip529  header:  video/mp4
Media found for: 9j43jx5r  header:  video/mp4
Media found for: NgD5BEN1  header:  video/mp4
Media found for: USoO1Dtz  header:  video/mp4
Media found for: tlU8OPFq  header:  video/mp4
Media found for: RjOLY9Sq  header:  video/mp4
Media found for: nF5WT0BE  header:  video/mp4
Media found for: dYmr05Lz  header:  video/mp4
Media found for: F2ZeDAEk  header:  video/mp4
Media found for: KBSe1Ovc  header:  video/mp4
Media found for: 5mUViRKw  header:  video/mp4
Media found for: 7bOpxwAA  header:  video/mp4
Media found for: YrnWfXcC  header:  video/mp4
Media found for: 0Ec4kPem  header:  video/mp4
Media found for: Z9DpvqbS  header:  video/mp4
Media found for: I10cebPn  header:  video/mp4
Media found for: utSJhjxA  header:  video/mp4
Media found for: U6vbeURv  header:  video/mp4
Media found for: EWoUblx7  header:  video/mp4
Media found for: W9R8mrgn  header:  video/mp4
Media found for: a9dRx2DT  header:  video/mp4
Media found for: R3rqlDbD  header:  video/mp4
Media found for: ztghgcHt  header:  video/mp4
Media found for: qMMixEYH  header:  video/mp4
Media found for: RoHm6iH1  header:  video/mp4
Media found for: GaN4GqMS  header:  video/mp4
Media found for: QkceuRfF  header:  video/mp4
Media found for: aofVKnZw  header:  video/mp4
Media found for: AwdPTIWk  header:  video/mp4
Media found for: iZoLQAtw  header:  video/mp4
Media found for: veephNkf  header:  video/mp4
Media found for: ARfS2TXw  header:  video/mp4
Media found for: tlPmA3ZA  header:  video/mp4
Media found for: oJzsQK5D  header:  video/mp4
Media found for: ujk1PcGh  header:  video/mp4
Media found for: QA1vpqKq  header:  video/mp4
Media found for: qKJmkdcQ  header:  video/mp4
Media found for: UQaQw6Mx  header:  video/mp4
Media found for: icxn2WSV  header:  video/mp4
Media found for: aaPu5Ecl  header:  video/mp4
Media found for: DZHQIt0Y  header:  video/mp4
Media found for: ENtXtbZH  header:  video/mp4
Media found for: X6Iz2NvV  header:  video/mp4
Media found for: a71aq4hr  header:  video/mp4
Media found for: euM4Zm5M  header:  video/mp4
Media found for: WUKKIGHP  header:  video/mp4
Media found for: ftklbOzy  header:  video/mp4
Media found for: H3eeSVwK  header:  video/mp4
Media found for: lsA67WyF  header:  video/mp4
Media found for: ZFdIHX51  header:  video/mp4
Media found for: 0ap5owtf  header:  video/mp4
Media found for: 2Kii2WhS  header:  video/mp4
Media found for: hDDqSFYh  header:  video/mp4
Media found for: 8HmNNnpj  header:  video/mp4
Media found for: u241kC7W  header:  video/mp4
Media found for: 4xfqLiXM  header:  video/mp4
Media NOT FOUND FOR ID: BxZuWHpr
url: https://cdn.jwplayer.com/v2/sites/S41JwTap/media/BxZuWHpr/playback.json?token=eyJhbGciOiJIUzI1NiIsInR5cCI6IkpXVCJ9.eyJyZXNvdXJjZSI6Ii92Mi9zaXRlcy9TNDFKd1RhcC9tZWRpYS9CeFp1V0hwci9wbGF5YmFjay5qc29uIiwiZXhwIjoxNzc0NjYyMDAwfQ.WXDPNEeqiwT5FeEqNGKlMclzB-shVqOWYZXYvPKWzuw
videoUrl:: https://videos-cloudfront.jwpsrv.com/69c7cb36_035a9560831d0c6001ce4135bb575e8d7d9bdd2e/content/conversions/S41JwTap/videos/BxZuWHpr-25175562.mp4
imageUrl:: https://assets-jpcust.jwpsrv.com/thumbnails/qnissrcb-1920.jpg
notFoundMediaUrls: [
  {
    id: 'BxZuWHpr',
    videoUrl: 'https://videos-cloudfront.jwpsrv.com/69c7cb36_035a9560831d0c6001ce4135bb575e8d7d9bdd2e/content/conversions/S41JwTap/videos/BxZuWHpr-25175562.mp4'
  },
  {
    id: 'BxZuWHpr',
    imageUrl: 'https://assets-jpcust.jwpsrv.com/thumbnails/qnissrcb-1920.jpg'
  }
]
Media found for: witurY7L  header:  video/mp4
Media found for: eN2xt9R3  header:  video/mp4
Media found for: V51659xA  header:  video/mp4
Media found for: C3dLnudS  header:  video/mp4
Media found for: 6cR4WiH8  header:  video/mp4
Media found for: hac2xAJ1  header:  video/mp4
Media found for: nMdzXAis  header:  video/mp4
Media found for: LmUiIDCq  header:  video/mp4
Media found for: nrgAsuer  header:  video/mp4
Media found for: 9FgfdPTO  header:  video/mp4
Media found for: l77MdEJj  header:  video/mp4
Media found for: UhZcxI6R  header:  video/mp4
Media found for: gMY6A4Hq  header:  video/mp4
Media found for: YzcQVDlI  header:  video/mp4
Media found for: v5MzzLeU  header:  video/mp4
Media found for: kNnvc6LL  header:  video/mp4
Media found for: EkyCi4Jd  header:  video/mp4
Media found for: d3V37kHr  header:  video/mp4
Media found for: ah2CuDVS  header:  video/mp4
Media found for: 7wW3dHnv  header:  video/mp4
Media found for: MhyePP7S  header:  video/mp4
Media found for: 0FH4ocaK  header:  video/mp4
Media found for: KeIr0IPg  header:  video/mp4
Media found for: D0a9L5zq  header:  video/mp4
Media found for: w97AVt91  header:  video/mp4
Media found for: toOLkMxp  header:  video/mp4
Media found for: WNRq5Fqm  header:  video/mp4
Media found for: W4j8qG7w  header:  video/mp4
Media found for: y96JaP7N  header:  video/mp4
Media found for: 2VY5gPrA  header:  video/mp4
Media found for: usyjU9op  header:  video/mp4
Media found for: vfdnrZyE  header:  video/mp4
Media found for: SUhlTCyL  header:  video/mp4
Media found for: igkDpuG9  header:  video/mp4
Media found for: TtuMewLT  header:  video/mp4
Media found for: b8LYHpKg  header:  video/mp4
Media found for: QCVwS4d7  header:  video/mp4
Media found for: nVy0TKVf  header:  video/mp4
Media found for: LsEnNhbd  header:  video/mp4
Media found for: A6bQsX7c  header:  video/mp4
Media found for: Wvaoy4lb  header:  video/mp4
Media found for: iJHFi87f  header:  video/mp4
Media found for: 73JpCnOJ  header:  video/mp4
Media found for: D5ZEmCet  header:  video/mp4
Media found for: 77dNAhgH  header:  video/mp4
Media found for: 93mM4c9F  header:  video/mp4
Media found for: uR2wO5ul  header:  video/mp4
Media found for: vRvdotEu  header:  video/mp4
Media found for: iokWoz59  header:  video/mp4
Media found for: CZJC5D9d  header:  video/mp4
Media found for: npUh5tRS  header:  video/mp4
Media found for: QV5qjfIz  header:  video/mp4
Media found for: FHhw48P7  header:  video/mp4
Media found for: BZrRCpDq  header:  video/mp4
Media found for: JdctSWEg  header:  video/mp4
Media found for: CEUef30m  header:  video/mp4
Media found for: oIAeUaZD  header:  video/mp4
Media found for: WNzwhAJK  header:  video/mp4
Media found for: yzByRFxd  header:  video/mp4
Media found for: vp6PIk7W  header:  video/mp4
Media found for: 6yzQRctU  header:  video/mp4
Media found for: oNtAHM0W  header:  video/mp4
Media found for: eOuYE5kZ  header:  video/mp4
Media found for: IP1MFSPF  header:  video/mp4
Media found for: Nk0N3Rya  header:  video/mp4
Media found for: zp7IHdCk  header:  video/mp4
Media found for: ak5sTPz9  header:  video/mp4
Media found for: KnHhFlAI  header:  video/mp4
Media found for: iLh4Ds8a  header:  video/mp4
Media found for: SUobvmcY  header:  video/mp4
Media found for: c0xVQasB  header:  video/mp4
Media found for: TRS8ubT5  header:  video/mp4
Media found for: tojbZB80  header:  video/mp4
Media found for: obghaHux  header:  video/mp4
Media found for: oAJK5XDv  header:  video/mp4
Media found for: PFklWuZs  header:  video/mp4
Media found for: HBneVsK4  header:  video/mp4
Media found for: AxgKivYV  header:  video/mp4
Media found for: 6viXt2Lb  header:  video/mp4
Media found for: 6cDSiAsZ  header:  video/mp4
Media found for: XxJPBEHY  header:  video/mp4
Media found for: 9a3q1BS8  header:  video/mp4
Media found for: qWIBcgQc  header:  video/mp4
Media found for: LXQOsdjo  header:  video/mp4
Media found for: iaL3iQWK  header:  video/mp4
Media found for: RBBzurr1  header:  video/mp4
Media found for: LmdIZG6Z  header:  video/mp4
Media found for: SJnLZAVF  header:  video/mp4
Media found for: rrhH4obq  header:  video/mp4
Media found for: be3f6qgU  header:  video/mp4
Media found for: goeXjAS2  header:  video/mp4
Media found for: TYgbrVWS  header:  video/mp4
Media found for: dTamPLRG  header:  video/mp4
Media found for: IIDX927Q  header:  video/mp4
Media found for: fH0rje4J  header:  video/mp4
Media found for: PJ9TIrum  header:  video/mp4
Media found for: gklgKLtV  header:  video/mp4
Media found for: MO34nqp2  header:  video/mp4
Media found for: qlYP9dfk  header:  video/mp4
Media found for: HH2RNlcy  header:  video/mp4
Media NOT FOUND FOR ID: SOezsufe
url: https://cdn.jwplayer.com/v2/sites/S41JwTap/media/SOezsufe/playback.json?token=eyJhbGciOiJIUzI1NiIsInR5cCI6IkpXVCJ9.eyJyZXNvdXJjZSI6Ii92Mi9zaXRlcy9TNDFKd1RhcC9tZWRpYS9TT2V6c3VmZS9wbGF5YmFjay5qc29uIiwiZXhwIjoxNzc0NjYyMzAwfQ.J19o87zsdBTqUnvmULf0CtOp4xNxeq-Pz_42Cim3d4U
videoUrl:: https://videos-cloudfront.jwpsrv.com/69c7cd64_79fe4fa68caa17a08d7af0d9f70e10e547d0d06a/content/conversions/S41JwTap/videos/SOezsufe-25175562.mp4
imageUrl:: https://assets-jpcust.jwpsrv.com/thumbnails/665ydm4x-1920.jpg
notFoundMediaUrls: [
  {
    id: 'SOezsufe',
    videoUrl: 'https://videos-cloudfront.jwpsrv.com/69c7cd64_79fe4fa68caa17a08d7af0d9f70e10e547d0d06a/content/conversions/S41JwTap/videos/SOezsufe-25175562.mp4'
  },
  {
    id: 'SOezsufe',
    imageUrl: 'https://assets-jpcust.jwpsrv.com/thumbnails/665ydm4x-1920.jpg'
  }
]
Media NOT FOUND FOR ID: 1m5t6tTJ
url: https://cdn.jwplayer.com/v2/sites/S41JwTap/media/1m5t6tTJ/playback.json?token=eyJhbGciOiJIUzI1NiIsInR5cCI6IkpXVCJ9.eyJyZXNvdXJjZSI6Ii92Mi9zaXRlcy9TNDFKd1RhcC9tZWRpYS8xbTV0NnRUSi9wbGF5YmFjay5qc29uIiwiZXhwIjoxNzc0NjYyMzAwfQ.sFqDLbtf_Eq8Q-gsn0w8-bLa8QJgnpVxttxE09PEzRw
videoUrl:: https://videos-cloudfront.jwpsrv.com/69c7cd8a_7441f0e437384f138ea0540934f205c54cb52b26/content/conversions/S41JwTap/videos/1m5t6tTJ-25175562.mp4
imageUrl:: https://assets-jpcust.jwpsrv.com/thumbnails/hah02gtw-1920.jpg
notFoundMediaUrls: [
  {
    id: '1m5t6tTJ',
    videoUrl: 'https://videos-cloudfront.jwpsrv.com/69c7cd8a_7441f0e437384f138ea0540934f205c54cb52b26/content/conversions/S41JwTap/videos/1m5t6tTJ-25175562.mp4'
  },
  {
    id: '1m5t6tTJ',
    imageUrl: 'https://assets-jpcust.jwpsrv.com/thumbnails/hah02gtw-1920.jpg'
  }
]
Media found for: ZrthMS7y  header:  video/mp4
Media NOT FOUND FOR ID: ubR5lWsx
url: https://cdn.jwplayer.com/v2/sites/S41JwTap/media/ubR5lWsx/playback.json?token=eyJhbGciOiJIUzI1NiIsInR5cCI6IkpXVCJ9.eyJyZXNvdXJjZSI6Ii92Mi9zaXRlcy9TNDFKd1RhcC9tZWRpYS91YlI1bFdzeC9wbGF5YmFjay5qc29uIiwiZXhwIjoxNzc0NjYyMzAwfQ.GbKCUyvOw4Y5lh3jpk_70UzUb8U-eEiuGZKwYBm5_Eo
videoUrl:: https://videos-cloudfront.jwpsrv.com/69c7cceb_c4de6ef0b4cf807c255ca10b739ca8f6b5da52e7/content/conversions/S41JwTap/videos/ubR5lWsx-25175562.mp4
imageUrl:: https://assets-jpcust.jwpsrv.com/thumbnails/bp3nhgz5-1920.jpg
notFoundMediaUrls: [
  {
    id: 'ubR5lWsx',
    videoUrl: 'https://videos-cloudfront.jwpsrv.com/69c7cceb_c4de6ef0b4cf807c255ca10b739ca8f6b5da52e7/content/conversions/S41JwTap/videos/ubR5lWsx-25175562.mp4'
  },
  {
    id: 'ubR5lWsx',
    imageUrl: 'https://assets-jpcust.jwpsrv.com/thumbnails/bp3nhgz5-1920.jpg'
  }
]
Media NOT FOUND FOR ID: 1iQ45WAh
url: https://cdn.jwplayer.com/v2/sites/S41JwTap/media/1iQ45WAh/playback.json?token=eyJhbGciOiJIUzI1NiIsInR5cCI6IkpXVCJ9.eyJyZXNvdXJjZSI6Ii92Mi9zaXRlcy9TNDFKd1RhcC9tZWRpYS8xaVE0NVdBaC9wbGF5YmFjay5qc29uIiwiZXhwIjoxNzc0NjYyMzAwfQ.MTjWcLXBo_yxyGLNxckrfVzfACxL0V7rkV8RnF7bI_U
videoUrl:: https://videos-cloudfront.jwpsrv.com/69c7cd5e_50291883d02494d60b7e4b28df92a2a88871b88e/content/conversions/S41JwTap/videos/1iQ45WAh-25175562.mp4
imageUrl:: https://assets-jpcust.jwpsrv.com/thumbnails/bhqp60ks-1920.jpg
notFoundMediaUrls: [
  {
    id: '1iQ45WAh',
    videoUrl: 'https://videos-cloudfront.jwpsrv.com/69c7cd5e_50291883d02494d60b7e4b28df92a2a88871b88e/content/conversions/S41JwTap/videos/1iQ45WAh-25175562.mp4'
  },
  {
    id: '1iQ45WAh',
    imageUrl: 'https://assets-jpcust.jwpsrv.com/thumbnails/bhqp60ks-1920.jpg'
  }
]
Media found for: YG9v292Y  header:  video/mp4
Media NOT FOUND FOR ID: UCSQMNF2
url: https://cdn.jwplayer.com/v2/sites/S41JwTap/media/UCSQMNF2/playback.json?token=eyJhbGciOiJIUzI1NiIsInR5cCI6IkpXVCJ9.eyJyZXNvdXJjZSI6Ii92Mi9zaXRlcy9TNDFKd1RhcC9tZWRpYS9VQ1NRTU5GMi9wbGF5YmFjay5qc29uIiwiZXhwIjoxNzc0NjYyMzAwfQ.YSgZSR84UYQE7m2GD7h0XWaFPx2ezKGNTaCo0itQbOo
videoUrl:: https://videos-cloudfront.jwpsrv.com/69c7cdb1_d9bf762b6a9cc09c916579af2de079714a9b64c7/content/conversions/S41JwTap/videos/UCSQMNF2-25175562.mp4
imageUrl:: https://assets-jpcust.jwpsrv.com/thumbnails/yph8g6i0-1920.jpg
notFoundMediaUrls: [
  {
    id: 'UCSQMNF2',
    videoUrl: 'https://videos-cloudfront.jwpsrv.com/69c7cdb1_d9bf762b6a9cc09c916579af2de079714a9b64c7/content/conversions/S41JwTap/videos/UCSQMNF2-25175562.mp4'
  },
  {
    id: 'UCSQMNF2',
    imageUrl: 'https://assets-jpcust.jwpsrv.com/thumbnails/yph8g6i0-1920.jpg'
  }
]
Media found for: fXT2PUxA  header:  video/mp4
Media found for: ZL2ES8in  header:  video/mp4
Media found for: VpJv4z4T  header:  video/mp4
Media found for: 3L4o7xgV  header:  video/mp4
Media found for: K8TXOMuI  header:  video/mp4
Media found for: CGBSGdSW  header:  video/mp4
Media found for: HA5LWvRU  header:  video/mp4
Media found for: YNeaaVAB  header:  video/mp4
Media found for: mqspPI57  header:  video/mp4
Media found for: d2y9IYSQ  header:  video/mp4
Media found for: ErCBQBdA  header:  video/mp4
Media found for: 9bqmDdjH  header:  video/mp4
Media found for: bohgzEP9  header:  video/mp4
Media found for: xzlAuVyv  header:  video/mp4
Media found for: akSgRQU9  header:  video/mp4
Media found for: AoVv2qco  header:  video/mp4
Media found for: lebba41G  header:  video/mp4
Media NOT FOUND FOR ID: rnH6ISkj
url: https://cdn.jwplayer.com/v2/sites/S41JwTap/media/rnH6ISkj/playback.json?token=eyJhbGciOiJIUzI1NiIsInR5cCI6IkpXVCJ9.eyJyZXNvdXJjZSI6Ii92Mi9zaXRlcy9TNDFKd1RhcC9tZWRpYS9ybkg2SVNrai9wbGF5YmFjay5qc29uIiwiZXhwIjoxNzc0NjYyMzAwfQ.VdKwuq5z1JXXxLYZcsdCWKynkBGn-dyB0C0OrId0PbA
videoUrl:: https://videos-cloudfront.jwpsrv.com/69c7cdec_07e7822bbce8bfdda28ab063c03531adf1607f02/content/conversions/S41JwTap/videos/rnH6ISkj-25175562.mp4
imageUrl:: https://assets-jpcust.jwpsrv.com/thumbnails/nlmbrwcj-1920.jpg
notFoundMediaUrls: [
  {
    id: 'rnH6ISkj',
    videoUrl: 'https://videos-cloudfront.jwpsrv.com/69c7cdec_07e7822bbce8bfdda28ab063c03531adf1607f02/content/conversions/S41JwTap/videos/rnH6ISkj-25175562.mp4'
  },
  {
    id: 'rnH6ISkj',
    imageUrl: 'https://assets-jpcust.jwpsrv.com/thumbnails/nlmbrwcj-1920.jpg'
  }
]
Media found for: 1IzvhWMT  header:  video/mp4
Media found for: xkgxlY1s  header:  video/mp4
Media found for: 7z5CciPK  header:  video/mp4
Media found for: VnVjRvJm  header:  video/mp4
Media found for: 9tcIgshf  header:  video/mp4
Media found for: EpgsvjRM  header:  video/mp4
Media found for: hU1Z2wSs  header:  video/mp4
Media found for: l6GdRXwI  header:  video/mp4
Media found for: hH2frMMC  header:  video/mp4
Media found for: 55fWSFZl  header:  video/mp4
Media found for: vbBfA4Pd  header:  video/mp4
Media found for: F5qs7wb7  header:  video/mp4
Media found for: IcZIQPtz  header:  video/mp4
Media found for: rwYUWj05  header:  video/mp4
Media found for: 4LmWIaPM  header:  video/mp4
Media NOT FOUND FOR ID: Inwhvatv
url: https://cdn.jwplayer.com/v2/sites/S41JwTap/media/Inwhvatv/playback.json?token=eyJhbGciOiJIUzI1NiIsInR5cCI6IkpXVCJ9.eyJyZXNvdXJjZSI6Ii92Mi9zaXRlcy9TNDFKd1RhcC9tZWRpYS9JbndodmF0di9wbGF5YmFjay5qc29uIiwiZXhwIjoxNzc0NjYyMzAwfQ.zdHMMTknjyv5nNjoEOP8KlOqmYG982eoHEH--nluAM8
videoUrl:: https://videos-cloudfront.jwpsrv.com/69c7cd1e_50725454caa578a99f138e91ad953eb90b93f5ab/content/conversions/S41JwTap/videos/Inwhvatv-25175562.mp4
imageUrl:: https://assets-jpcust.jwpsrv.com/thumbnails/48h9a8ms-1920.jpg
notFoundMediaUrls: [
  {
    id: 'Inwhvatv',
    videoUrl: 'https://videos-cloudfront.jwpsrv.com/69c7cd1e_50725454caa578a99f138e91ad953eb90b93f5ab/content/conversions/S41JwTap/videos/Inwhvatv-25175562.mp4'
  },
  {
    id: 'Inwhvatv',
    imageUrl: 'https://assets-jpcust.jwpsrv.com/thumbnails/48h9a8ms-1920.jpg'
  }
]
Media NOT FOUND FOR ID: k8j3OeMt
url: https://cdn.jwplayer.com/v2/sites/S41JwTap/media/k8j3OeMt/playback.json?token=eyJhbGciOiJIUzI1NiIsInR5cCI6IkpXVCJ9.eyJyZXNvdXJjZSI6Ii92Mi9zaXRlcy9TNDFKd1RhcC9tZWRpYS9rOGozT2VNdC9wbGF5YmFjay5qc29uIiwiZXhwIjoxNzc0NjYyMzAwfQ.haksjRLRnz5F6bM3ZFaF64gbaSoOKt9QhD2vB1viyNk
videoUrl:: https://videos-cloudfront.jwpsrv.com/69c7cd2c_de9a12dcc72c8ce3d3d7b66ae132285b5652d176/content/conversions/S41JwTap/videos/k8j3OeMt-25175562.mp4
imageUrl:: https://assets-jpcust.jwpsrv.com/thumbnails/djvbp9uw-1920.jpg
notFoundMediaUrls: [
  {
    id: 'k8j3OeMt',
    videoUrl: 'https://videos-cloudfront.jwpsrv.com/69c7cd2c_de9a12dcc72c8ce3d3d7b66ae132285b5652d176/content/conversions/S41JwTap/videos/k8j3OeMt-25175562.mp4'
  },
  {
    id: 'k8j3OeMt',
    imageUrl: 'https://assets-jpcust.jwpsrv.com/thumbnails/djvbp9uw-1920.jpg'
  }
]
Media found for: oiQM4jBe  header:  video/mp4
Media found for: F9A8BsSN  header:  video/mp4
Media found for: mNxuQc4W  header:  video/mp4
Media found for: mB7W9hZ9  header:  video/mp4
Media found for: qcU6AP0x  header:  video/mp4
Media found for: Bvr7JpGq  header:  video/mp4
Media found for: yrqyfJp5  header:  video/mp4
Media found for: ksQ2XVKX  header:  video/mp4
Media found for: OBXJGH42  header:  video/mp4
Media found for: O93SsEHk  header:  video/mp4
Media found for: 6Y7BSHi0  header:  video/mp4
Media found for: PRmZEddJ  header:  video/mp4
Media found for: Zlq49d3l  header:  video/mp4
Media found for: lpZAEBEv  header:  video/mp4
Media found for: HYA9NFa5  header:  video/mp4
Media found for: GC4lnrua  header:  video/mp4
Media found for: 6XMvq4m6  header:  video/mp4
Media found for: 7Ijsex8L  header:  video/mp4
Media found for: fEUvHS01  header:  video/mp4
Media found for: m4G6ceFw  header:  video/mp4
Media found for: mSO67f60  header:  video/mp4
Media found for: dbW6MSQ0  header:  video/mp4
Media found for: 6U0XLHa3  header:  video/mp4
Media found for: dmiiWvBU  header:  video/mp4
Media found for: cqFEJKmL  header:  video/mp4
Media found for: ITnrK2Ng  header:  video/mp4
Media found for: 3f2MBcKh  header:  video/mp4
Media found for: tkJ89Ote  header:  video/mp4
Media found for: WYAVv2D0  header:  video/mp4
Media found for: 96Efh1Mv  header:  video/mp4
Media found for: HVKzfURE  header:  video/mp4
Media found for: uyDu349v  header:  video/mp4
Media found for: F57Q7Tkh  header:  video/mp4
Media found for: rHLKNKWL  header:  video/mp4
Media found for: s04aeFbT  header:  video/mp4
Media found for: MxycGMtN  header:  video/mp4
Media found for: G0V7pJjH  header:  video/mp4
Media found for: Qe8KroOy  header:  video/mp4
Media found for: tSEcDHal  header:  video/mp4
Media found for: YbftZgAv  header:  video/mp4
Media found for: X7ymNMr6  header:  video/mp4
Media found for: YpT8WrWI  header:  video/mp4
Media found for: takU2ebo  header:  video/mp4
Media found for: dN85QQ6q  header:  video/mp4
Media found for: VIjgUiNo  header:  video/mp4
Media found for: mOM4KR5h  header:  video/mp4
Media found for: 7H4qpPSD  header:  video/mp4
Media found for: oTaYwGiN  header:  video/mp4
Media found for: LybG5DsT  header:  video/mp4
Media found for: o2TeJwRx  header:  video/mp4
Media found for: qZrZxL4I  header:  video/mp4
Media found for: kBXIL6co  header:  video/mp4
Media found for: DYxifM0e  header:  video/mp4
Media found for: 8oKMlPhR  header:  video/mp4
Media found for: YT41nKff  header:  video/mp4
Media found for: LaGhDkcQ  header:  video/mp4
Media found for: 2DuA2QW3  header:  video/mp4
Media NOT FOUND FOR ID: bCCXGzWe
url: https://cdn.jwplayer.com/v2/sites/S41JwTap/media/bCCXGzWe/playback.json?token=eyJhbGciOiJIUzI1NiIsInR5cCI6IkpXVCJ9.eyJyZXNvdXJjZSI6Ii92Mi9zaXRlcy9TNDFKd1RhcC9tZWRpYS9iQ0NYR3pXZS9wbGF5YmFjay5qc29uIiwiZXhwIjoxNzc0NjYyNjAwfQ.efDZbSIpdm_DFHcvZOF18rFXU-3jTjXdyxGrzdJ8Png
videoUrl:: https://videos-cloudfront.jwpsrv.com/69c7ce32_295c3c283af00eb89a50f204b60882f6ca0fedcf/content/conversions/S41JwTap/videos/bCCXGzWe-25175559.mp4
imageUrl:: https://assets-jpcust.jwpsrv.com/thumbnails/hbd4x7ee-1920.jpg
notFoundMediaUrls: [
  {
    id: 'bCCXGzWe',
    videoUrl: 'https://videos-cloudfront.jwpsrv.com/69c7ce32_295c3c283af00eb89a50f204b60882f6ca0fedcf/content/conversions/S41JwTap/videos/bCCXGzWe-25175559.mp4'
  },
  {
    id: 'bCCXGzWe',
    imageUrl: 'https://assets-jpcust.jwpsrv.com/thumbnails/hbd4x7ee-1920.jpg'
  }
]
Media found for: qlnP49B7  header:  video/mp4
Media found for: w7o7zAie  header:  video/mp4
Media found for: 1VgAB47j  header:  video/mp4
Media found for: laQPAohl  header:  video/mp4
Media found for: ITlyaavb  header:  video/mp4
Media found for: qN2TllQF  header:  video/mp4
Media found for: PkgyCBzL  header:  video/mp4
Media found for: 4coYNThf  header:  video/mp4
Media found for: KIEZPYka  header:  video/mp4
Media found for: pIf07ioU  header:  video/mp4
Media found for: XPYxetiO  header:  video/mp4
Media found for: ik2U1EHT  header:  video/mp4
Media found for: t0jjrdqm  header:  video/mp4
Media found for: ghdS6q7l  header:  video/mp4
Media found for: Uo5ckyPu  header:  video/mp4
Media found for: 4bFSfP1C  header:  video/mp4
Media found for: slJ9gjNG  header:  video/mp4
Media found for: go8J3Pvm  header:  video/mp4
Media found for: LYXUIHR5  header:  video/mp4
Media found for: f4AjZH25  header:  video/mp4
Media found for: MtbCM8YU  header:  video/mp4
Media found for: TfFCG18S  header:  video/mp4
Media found for: 3oLILCP9  header:  video/mp4
Media found for: Z4iGZKuv  header:  video/mp4
Media found for: GmQTguWb  header:  video/mp4
Media found for: EkIThwHy  header:  video/mp4
Media found for: gVsjvp1Z  header:  video/mp4
Media found for: jtJDlpGG  header:  video/mp4
Media found for: QEx8yhhb  header:  video/mp4
Media found for: pr8AlM78  header:  video/mp4
Media found for: zBGyMWkc  header:  video/mp4
Media found for: KjypAmuz  header:  video/mp4
Media found for: 6e32QFzp  header:  video/mp4
Media found for: 4gVeLl1c  header:  video/mp4
Media found for: IFeK4poH  header:  video/mp4
Media found for: YTwnJKp2  header:  video/mp4
Media found for: k9dzCJ9H  header:  video/mp4
Media found for: j14WxC3B  header:  video/mp4
Media found for: f1G39uxP  header:  video/mp4
Media found for: jKNP5PI0  header:  video/mp4
Media found for: NucnOOeI  header:  video/mp4
Media found for: zlt3Y0rl  header:  video/mp4
Media found for: AsuOJcBy  header:  video/mp4
Media found for: ROXLXnSc  header:  video/mp4
Media found for: gs6R1Uks  header:  video/mp4
Media found for: QS71B7vF  header:  video/mp4
Media found for: 7eYw35ob  header:  video/mp4
Media found for: 1CrY0cIg  header:  video/mp4
Media found for: P4RFwAn5  header:  video/mp4
Media found for: cAbI237n  header:  video/mp4
Media found for: j4Yy6JUW  header:  video/mp4
Media found for: iQQY7rgR  header:  video/mp4
Media found for: B5QzyZIS  header:  video/mp4
Media found for: 1xzXSQMu  header:  video/mp4
Media found for: wmgqpGfd  header:  video/mp4
Media found for: hUV3qu1y  header:  video/mp4
Media found for: oQXiKqF9  header:  video/mp4
Media found for: 60XBNVX7  header:  video/mp4
Media found for: n60aRcwd  header:  video/mp4
Media found for: Y6ty5XoD  header:  video/mp4
Media found for: 1XnLDKLv  header:  video/mp4
Media found for: HM2XtKJp  header:  video/mp4
Media found for: Nj4xcSm7  header:  video/mp4
Media found for: 6Gpv5gAx  header:  video/mp4
Media found for: ScwdLCJl  header:  video/mp4
Media found for: diawCIB5  header:  video/mp4
Media found for: GCnLMNot  header:  video/mp4
Media found for: m2IphnSW  header:  video/mp4
Media found for: h7hXpfr0  header:  video/mp4
Media found for: 0C5CIHxj  header:  video/mp4
Media found for: yHkXAofs  header:  video/mp4
Media found for: znstrOux  header:  video/mp4
Media found for: iYgvaWqG  header:  video/mp4
Media found for: ELIHCp0p  header:  video/mp4
Media found for: mIl9UbSy  header:  video/mp4
Media found for: PRZrlFPE  header:  video/mp4
Media found for: F40GkuLg  header:  video/mp4
Media found for: 3TfzC1Hu  header:  video/mp4
Media found for: qA97VDBi  header:  video/mp4
Media found for: h6LQsIep  header:  video/mp4
Media found for: bkAmmS5w  header:  video/mp4
Media found for: DU5tkX98  header:  video/mp4
Media found for: 2DZUAZhK  header:  video/mp4
Media found for: QWXKYslu  header:  video/mp4
Media found for: zlBreLHw  header:  video/mp4
Media found for: ZP0NTkcR  header:  video/mp4
Media found for: 8oJ0lwMJ  header:  video/mp4
Media found for: Y1UfcZqE  header:  video/mp4
Media found for: wF0PISS4  header:  video/mp4
Media found for: GxkiCl7f  header:  video/mp4
Media found for: VoUUg6bB  header:  video/mp4
Media found for: DIVNtfSz  header:  video/mp4
Media found for: HlwT0bsD  header:  video/mp4
Media found for: CvKuMsZK  header:  video/mp4
Media found for: QKXWFqPC  header:  video/mp4
Media found for: 37s6hWY7  header:  video/mp4
Media found for: ziv70hNj  header:  video/mp4
Media found for: xd7SYzTf  header:  video/mp4
Media found for: l1YrEOxj  header:  video/mp4
Media found for: SLFREz6m  header:  video/mp4
Media found for: tzfAZrqM  header:  video/mp4
Media found for: xZStSkLf  header:  video/mp4
Media found for: oBE1S2IH  header:  video/mp4
Media found for: 6Sn4GPa4  header:  video/mp4
Media found for: dVrCiGq6  header:  video/mp4
Media found for: J5segCxN  header:  video/mp4
Media found for: ER1VFLS7  header:  video/mp4
Media found for: EFw5XhiN  header:  video/mp4
Media found for: DahS2tlB  header:  video/mp4
Media found for: 4cajQLS0  header:  video/mp4
Media found for: VzU5iQDP  header:  video/mp4
Media found for: KPk36gH4  header:  video/mp4
Media found for: rYEvWN3m  header:  video/mp4
Media found for: n2WCCL9D  header:  video/mp4
Media found for: avW13hfO  header:  video/mp4
Media found for: ZcTbD4fJ  header:  video/mp4
Media found for: QWWVXuIt  header:  video/mp4
Media found for: ZgwnooAj  header:  video/mp4
Media found for: NAS84yYz  header:  video/mp4
Media found for: 08mpeAWB  header:  video/mp4
Media found for: Vrj0rtl5  header:  video/mp4
Media found for: zhgu6OPL  header:  video/mp4
Media found for: UwSbT4bF  header:  video/mp4
Media found for: 2yO4CxF4  header:  video/mp4
Media found for: pcYT8Fld  header:  video/mp4
Media found for: ZsITDplU  header:  video/mp4
Media found for: 6aCGMMtr  header:  video/mp4
Media found for: inOo2eeL  header:  video/mp4
Media found for: 60zGZENa  header:  video/mp4
Media found for: QKjwEaNS  header:  video/mp4
Media found for: nDpdX5H4  header:  video/mp4
Media NOT FOUND FOR ID: GewgLYDT
url: https://cdn.jwplayer.com/v2/sites/S41JwTap/media/GewgLYDT/playback.json?token=eyJhbGciOiJIUzI1NiIsInR5cCI6IkpXVCJ9.eyJyZXNvdXJjZSI6Ii92Mi9zaXRlcy9TNDFKd1RhcC9tZWRpYS9HZXdnTFlEVC9wbGF5YmFjay5qc29uIiwiZXhwIjoxNzc0NjYyOTAwfQ.XcY2yeS1BEN4xRNoVqxYzqMz2AhRdDAd3Jq07rdPwH0
videoUrl:: https://videos-cloudfront.jwpsrv.com/69c7cf2d_2cac2becf57d6dccd4cd80f263eef112239b33a2/content/conversions/S41JwTap/videos/GewgLYDT-25175562.mp4
imageUrl:: https://assets-jpcust.jwpsrv.com/thumbnails/p4dtcm8l-1920.jpg
notFoundMediaUrls: [
  {
    id: 'GewgLYDT',
    videoUrl: 'https://videos-cloudfront.jwpsrv.com/69c7cf2d_2cac2becf57d6dccd4cd80f263eef112239b33a2/content/conversions/S41JwTap/videos/GewgLYDT-25175562.mp4'
  },
  {
    id: 'GewgLYDT',
    imageUrl: 'https://assets-jpcust.jwpsrv.com/thumbnails/p4dtcm8l-1920.jpg'
  }
]
Media found for: mZfgOjjC  header:  video/mp4
Media found for: wXtkyaLz  header:  video/mp4
Media found for: PhBj8XZ7  header:  video/mp4
Media found for: znaNgI4A  header:  video/mp4
Media found for: xBOVBUcs  header:  video/mp4
Media NOT FOUND FOR ID: h6aiII8Q
url: https://cdn.jwplayer.com/v2/sites/S41JwTap/media/h6aiII8Q/playback.json?token=eyJhbGciOiJIUzI1NiIsInR5cCI6IkpXVCJ9.eyJyZXNvdXJjZSI6Ii92Mi9zaXRlcy9TNDFKd1RhcC9tZWRpYS9oNmFpSUk4US9wbGF5YmFjay5qc29uIiwiZXhwIjoxNzc0NjYyOTAwfQ.QsStkT4VeB9PktzhTC8ZbyoWd9OsP76xobZxpRyQ5ZU
videoUrl:: https://videos-cloudfront.jwpsrv.com/69c7cf42_6eabdaf155893710d4d9b9c97fc382160acd6e29/content/conversions/S41JwTap/videos/h6aiII8Q-25175562.mp4
imageUrl:: https://assets-jpcust.jwpsrv.com/thumbnails/jskcbaja-1920.jpg
notFoundMediaUrls: [
  {
    id: 'h6aiII8Q',
    videoUrl: 'https://videos-cloudfront.jwpsrv.com/69c7cf42_6eabdaf155893710d4d9b9c97fc382160acd6e29/content/conversions/S41JwTap/videos/h6aiII8Q-25175562.mp4'
  },
  {
    id: 'h6aiII8Q',
    imageUrl: 'https://assets-jpcust.jwpsrv.com/thumbnails/jskcbaja-1920.jpg'
  }
]
Media found for: agamsUfo  header:  video/mp4
Media found for: 5CS8NTF4  header:  video/mp4
Media NOT FOUND FOR ID: FbfMclAP
url: https://cdn.jwplayer.com/v2/sites/S41JwTap/media/FbfMclAP/playback.json?token=eyJhbGciOiJIUzI1NiIsInR5cCI6IkpXVCJ9.eyJyZXNvdXJjZSI6Ii92Mi9zaXRlcy9TNDFKd1RhcC9tZWRpYS9GYmZNY2xBUC9wbGF5YmFjay5qc29uIiwiZXhwIjoxNzc0NjYyOTAwfQ.VQ7lW2h2CRI6zcTxIGIAG1olY1vyfVrm6P-BZY2PKS8
videoUrl:: https://videos-cloudfront.jwpsrv.com/69c7cfd7_736675da05a26120a04ab149ae86f03eaf04c342/content/conversions/S41JwTap/videos/FbfMclAP-25175562.mp4
imageUrl:: https://assets-jpcust.jwpsrv.com/thumbnails/81d1o3lm-1920.jpg
notFoundMediaUrls: [
  {
    id: 'FbfMclAP',
    videoUrl: 'https://videos-cloudfront.jwpsrv.com/69c7cfd7_736675da05a26120a04ab149ae86f03eaf04c342/content/conversions/S41JwTap/videos/FbfMclAP-25175562.mp4'
  },
  {
    id: 'FbfMclAP',
    imageUrl: 'https://assets-jpcust.jwpsrv.com/thumbnails/81d1o3lm-1920.jpg'
  }
]
Media found for: vcItu43E  header:  video/mp4
Media NOT FOUND FOR ID: F34Fuwje
url: https://cdn.jwplayer.com/v2/sites/S41JwTap/media/F34Fuwje/playback.json?token=eyJhbGciOiJIUzI1NiIsInR5cCI6IkpXVCJ9.eyJyZXNvdXJjZSI6Ii92Mi9zaXRlcy9TNDFKd1RhcC9tZWRpYS9GMzRGdXdqZS9wbGF5YmFjay5qc29uIiwiZXhwIjoxNzc0NjYyOTAwfQ.nJTHDKhRYETRMUdJsZ8MR52nwJbveuAOEy_yjV9KHiw
videoUrl:: https://videos-cloudfront.jwpsrv.com/69c7cf6a_66e5b9a06d948a9d3788b4abc9625245b2415c33/content/conversions/S41JwTap/videos/F34Fuwje-25175562.mp4
imageUrl:: https://assets-jpcust.jwpsrv.com/thumbnails/uesxzpo5-1920.jpg
notFoundMediaUrls: [
  {
    id: 'F34Fuwje',
    videoUrl: 'https://videos-cloudfront.jwpsrv.com/69c7cf6a_66e5b9a06d948a9d3788b4abc9625245b2415c33/content/conversions/S41JwTap/videos/F34Fuwje-25175562.mp4'
  },
  {
    id: 'F34Fuwje',
    imageUrl: 'https://assets-jpcust.jwpsrv.com/thumbnails/uesxzpo5-1920.jpg'
  }
]
Media found for: Qb9R2YsM  header:  video/mp4
Media NOT FOUND FOR ID: GiutJF84
url: https://cdn.jwplayer.com/v2/sites/S41JwTap/media/GiutJF84/playback.json?token=eyJhbGciOiJIUzI1NiIsInR5cCI6IkpXVCJ9.eyJyZXNvdXJjZSI6Ii92Mi9zaXRlcy9TNDFKd1RhcC9tZWRpYS9HaXV0SkY4NC9wbGF5YmFjay5qc29uIiwiZXhwIjoxNzc0NjYyOTAwfQ.ltdsjbS9DGFBrAJN7XGzFriRGmupfctW0Vlj-KD9Vts
videoUrl:: https://videos-cloudfront.jwpsrv.com/69c7cfe7_615b656dcb77de6afa6760aca38ce5828162b8b5/content/conversions/S41JwTap/videos/GiutJF84-25175562.mp4
imageUrl:: https://assets-jpcust.jwpsrv.com/thumbnails/9dtm8r9u-1920.jpg
notFoundMediaUrls: [
  {
    id: 'GiutJF84',
    videoUrl: 'https://videos-cloudfront.jwpsrv.com/69c7cfe7_615b656dcb77de6afa6760aca38ce5828162b8b5/content/conversions/S41JwTap/videos/GiutJF84-25175562.mp4'
  },
  {
    id: 'GiutJF84',
    imageUrl: 'https://assets-jpcust.jwpsrv.com/thumbnails/9dtm8r9u-1920.jpg'
  }
]
Media found for: nFUPKYfE  header:  video/mp4
Media found for: YasSI7mU  header:  video/mp4
Media NOT FOUND FOR ID: jQkCrPGM
url: https://cdn.jwplayer.com/v2/sites/S41JwTap/media/jQkCrPGM/playback.json?token=eyJhbGciOiJIUzI1NiIsInR5cCI6IkpXVCJ9.eyJyZXNvdXJjZSI6Ii92Mi9zaXRlcy9TNDFKd1RhcC9tZWRpYS9qUWtDclBHTS9wbGF5YmFjay5qc29uIiwiZXhwIjoxNzc0NjYyOTAwfQ.6eCBJN1KM3FgXq1WoxTSpVVvMBvlCIe5g9jVvQLPug4
videoUrl:: https://videos-cloudfront.jwpsrv.com/69c7cfd2_32ab0920229c230d642e7a3c5218ed8984c46e24/content/conversions/S41JwTap/videos/RiXEJ2a0-25175562.mp4
imageUrl:: https://assets-jpcust.jwpsrv.com/thumbnails/c184lvdg-1920.jpg
notFoundMediaUrls: [
  {
    id: 'jQkCrPGM',
    videoUrl: 'https://videos-cloudfront.jwpsrv.com/69c7cfd2_32ab0920229c230d642e7a3c5218ed8984c46e24/content/conversions/S41JwTap/videos/RiXEJ2a0-25175562.mp4'
  },
  {
    id: 'jQkCrPGM',
    imageUrl: 'https://assets-jpcust.jwpsrv.com/thumbnails/c184lvdg-1920.jpg'
  }
]
Media found for: O638k42l  header:  video/mp4
Media NOT FOUND FOR ID: jVlj6A78
url: https://cdn.jwplayer.com/v2/sites/S41JwTap/media/jVlj6A78/playback.json?token=eyJhbGciOiJIUzI1NiIsInR5cCI6IkpXVCJ9.eyJyZXNvdXJjZSI6Ii92Mi9zaXRlcy9TNDFKd1RhcC9tZWRpYS9qVmxqNkE3OC9wbGF5YmFjay5qc29uIiwiZXhwIjoxNzc0NjYyOTAwfQ.nnGw-Ii9uVye7GXlCGpiA0tyU4QNpO5IHguPP3X_QHY
videoUrl:: https://videos-cloudfront.jwpsrv.com/69c7cf5e_1751f6b6d49e1968eed07683b946d6412434a61c/content/conversions/S41JwTap/videos/jVlj6A78-25175562.mp4
imageUrl:: https://assets-jpcust.jwpsrv.com/thumbnails/txyuht1o-1920.jpg
notFoundMediaUrls: [
  {
    id: 'jVlj6A78',
    videoUrl: 'https://videos-cloudfront.jwpsrv.com/69c7cf5e_1751f6b6d49e1968eed07683b946d6412434a61c/content/conversions/S41JwTap/videos/jVlj6A78-25175562.mp4'
  },
  {
    id: 'jVlj6A78',
    imageUrl: 'https://assets-jpcust.jwpsrv.com/thumbnails/txyuht1o-1920.jpg'
  }
]
Media found for: idfrJw16  header:  video/mp4
Media found for: CnDYdZQf  header:  video/mp4
Media NOT FOUND FOR ID: FR830DLh
url: https://cdn.jwplayer.com/v2/sites/S41JwTap/media/FR830DLh/playback.json?token=eyJhbGciOiJIUzI1NiIsInR5cCI6IkpXVCJ9.eyJyZXNvdXJjZSI6Ii92Mi9zaXRlcy9TNDFKd1RhcC9tZWRpYS9GUjgzMERMaC9wbGF5YmFjay5qc29uIiwiZXhwIjoxNzc0NjYyOTAwfQ.ZllMN8B3QUMTQblbA_IqNUwRewzxAgYmM0sct5mpk2w
videoUrl:: https://videos-cloudfront.jwpsrv.com/69c7cfd9_8004033fff49e1ab846c41efe9079897d213aca5/content/conversions/S41JwTap/videos/vKdm9axS-25175562.mp4
imageUrl:: https://assets-jpcust.jwpsrv.com/thumbnails/n9p6n225-1920.jpg
notFoundMediaUrls: [
  {
    id: 'FR830DLh',
    videoUrl: 'https://videos-cloudfront.jwpsrv.com/69c7cfd9_8004033fff49e1ab846c41efe9079897d213aca5/content/conversions/S41JwTap/videos/vKdm9axS-25175562.mp4'
  },
  {
    id: 'FR830DLh',
    imageUrl: 'https://assets-jpcust.jwpsrv.com/thumbnails/n9p6n225-1920.jpg'
  }
]
Media found for: HubcMNzo  header:  video/mp4
Media found for: hSIDn2Gp  header:  video/mp4
Media found for: saDCbI1p  header:  video/mp4
Media found for: IfHZEXAr  header:  video/mp4
Media found for: 9RnxSyUg  header:  video/mp4
Media found for: U1NqUxDD  header:  video/mp4
Media found for: rXczs1bP  header:  video/mp4
Media found for: T4CiC5Kg  header:  video/mp4
Media found for: a00HMKyq  header:  video/mp4
Media found for: gtT2YoNV  header:  video/mp4
Media found for: gOKKsCYl  header:  video/mp4
Media found for: 4vQom56s  header:  video/mp4
Media found for: O7NJBwYj  header:  video/mp4
Media found for: c0tYgQXx  header:  video/mp4
Media found for: 7XpRaqUv  header:  video/mp4
Media NOT FOUND FOR ID: kQOWiFjo
url: https://cdn.jwplayer.com/v2/sites/S41JwTap/media/kQOWiFjo/playback.json?token=eyJhbGciOiJIUzI1NiIsInR5cCI6IkpXVCJ9.eyJyZXNvdXJjZSI6Ii92Mi9zaXRlcy9TNDFKd1RhcC9tZWRpYS9rUU9XaUZqby9wbGF5YmFjay5qc29uIiwiZXhwIjoxNzc0NjYyOTAwfQ.fb8sSRojEVKytMAonyLcUd0xftm5HKGVSt-xa8JpTFs
videoUrl:: https://videos-cloudfront.jwpsrv.com/69c7cff9_860546cc484e959c2c9946efce40cbf902a6aee5/content/conversions/S41JwTap/videos/kQOWiFjo-25175562.mp4
imageUrl:: https://assets-jpcust.jwpsrv.com/thumbnails/7ik8tsjv-1920.jpg
notFoundMediaUrls: [
  {
    id: 'kQOWiFjo',
    videoUrl: 'https://videos-cloudfront.jwpsrv.com/69c7cff9_860546cc484e959c2c9946efce40cbf902a6aee5/content/conversions/S41JwTap/videos/kQOWiFjo-25175562.mp4'
  },
  {
    id: 'kQOWiFjo',
    imageUrl: 'https://assets-jpcust.jwpsrv.com/thumbnails/7ik8tsjv-1920.jpg'
  }
]
Media found for: cOvj46hl  header:  video/mp4
Media found for: sn4F0PGN  header:  video/mp4
Media found for: fqNhBLcc  header:  video/mp4
Media found for: cq3BOvt5  header:  video/mp4
Media found for: oQK3KyeY  header:  video/mp4
Media found for: f0OmWPfB  header:  video/mp4
Media found for: VU7E0I5f  header:  video/mp4
Media found for: 74xIJyFK  header:  video/mp4
Media found for: dNKFueWX  header:  video/mp4
Media found for: B0etIsWr  header:  video/mp4
Media found for: 3C49yV0j  header:  video/mp4
Media found for: q4mKYqS8  header:  video/mp4
Media found for: uXJ5fu7f  header:  video/mp4
Media found for: 1k96keXU  header:  video/mp4
Media found for: PPua43m1  header:  video/mp4
Media found for: CogAsSEC  header:  video/mp4
Media found for: pYYxWvyk  header:  video/mp4
Media found for: 77GfgpPJ  header:  video/mp4
Media found for: jveRkOqk  header:  video/mp4
Media found for: Ovto55EF  header:  video/mp4
Media found for: V36RCjpw  header:  video/mp4
Media found for: Fqk6cWLz  header:  video/mp4
Media found for: XMb1SFyo  header:  video/mp4
Media found for: dUBNxDSQ  header:  video/mp4
Media found for: 74YHEZH1  header:  video/mp4
Media found for: WeADJSb0  header:  video/mp4
Media found for: uSTzLtwr  header:  video/mp4
Media found for: qVeIK5Zi  header:  video/mp4
Media found for: uDIB74N6  header:  video/mp4
Media found for: bULDAtbm  header:  video/mp4
Media found for: W57kY7XD  header:  video/mp4
Media found for: KwJZHroM  header:  video/mp4
Media found for: eSEGUGS1  header:  video/mp4
Media found for: kuZMrdav  header:  video/mp4
Media found for: fL8RymIi  header:  video/mp4
Media found for: WMau8Fnb  header:  video/mp4
Media found for: wXxpl5Gv  header:  video/mp4
Media found for: 1vVNcIZq  header:  video/mp4
Media found for: npQEaifG  header:  video/mp4
Media found for: bDxKr6tu  header:  video/mp4
Media found for: NKkJ6LBG  header:  video/mp4
Media found for: uyX8Q0Eg  header:  video/mp4
Media found for: Yt2DPcAq  header:  video/mp4
Media found for: La4Aw1Nw  header:  video/mp4
Media found for: BcQJPofY  header:  video/mp4
Media found for: JOc9uVju  header:  video/mp4
Media found for: iraWOnlT  header:  video/mp4
Media found for: 4VZBuzFb  header:  video/mp4
Media found for: cpVFsu80  header:  video/mp4
Media found for: 7Jlr8nbM  header:  video/mp4
Media found for: DPvn2qQv  header:  video/mp4
Media found for: RobtbCHK  header:  video/mp4
Media found for: LXiAbHC9  header:  video/mp4
Media found for: SnzOuV5K  header:  video/mp4
Media found for: 2NlGZZCA  header:  video/mp4
Media found for: 0mXYJLZA  header:  video/mp4
Media found for: GzHZzQdt  header:  video/mp4
Media found for: 4u4j098N  header:  video/mp4
Media found for: wIyWUpe3  header:  video/mp4
Media found for: MCHFmnR1  header:  video/mp4
Media found for: IqV5CEqg  header:  video/mp4
Media found for: fkfVMAk8  header:  video/mp4
Media found for: viIUSTOW  header:  video/mp4
Media found for: KTcuEzDV  header:  video/mp4
Media found for: OTK9NL1J  header:  video/mp4
Media found for: FuN5SGtj  header:  video/mp4
Media found for: pfYt0brM  header:  video/mp4
Media found for: J9zwMLqe  header:  video/mp4
Media found for: 7QmBbLmx  header:  video/mp4
Media found for: 9q9v5dq3  header:  video/mp4
Media found for: xjfXze9V  header:  video/mp4
Media found for: DDzOiB2C  header:  video/mp4
Media found for: wNXoPIuB  header:  video/mp4
Media found for: ZuXtprEt  header:  video/mp4
Media found for: JhLOAUfG  header:  video/mp4
Media found for: 4u5NJOaq  header:  video/mp4
Media NOT FOUND FOR ID: aMHzH4NY
url: https://cdn.jwplayer.com/v2/sites/S41JwTap/media/aMHzH4NY/playback.json?token=eyJhbGciOiJIUzI1NiIsInR5cCI6IkpXVCJ9.eyJyZXNvdXJjZSI6Ii92Mi9zaXRlcy9TNDFKd1RhcC9tZWRpYS9hTUh6SDROWS9wbGF5YmFjay5qc29uIiwiZXhwIjoxNzc0NjYzMjAwfQ.Sq7s2jtfdpL3ABRoxa6ExD-gAQ-JDDvdcP1UKWzhXC8
videoUrl:: https://videos-cloudfront.jwpsrv.com/69c7d02a_52854d01e51756b5711ff42dfcee2fa6d97c0295/content/conversions/S41JwTap/videos/aMHzH4NY-25175562.mp4
imageUrl:: https://assets-jpcust.jwpsrv.com/thumbnails/qjn1t3bd-1920.jpg
notFoundMediaUrls: [
  {
    id: 'aMHzH4NY',
    videoUrl: 'https://videos-cloudfront.jwpsrv.com/69c7d02a_52854d01e51756b5711ff42dfcee2fa6d97c0295/content/conversions/S41JwTap/videos/aMHzH4NY-25175562.mp4'
  },
  {
    id: 'aMHzH4NY',
    imageUrl: 'https://assets-jpcust.jwpsrv.com/thumbnails/qjn1t3bd-1920.jpg'
  }
]
Media found for: gJrAcGyK  header:  video/mp4
Media found for: z3dwdjEt  header:  video/mp4
Media found for: C7Iwjgpu  header:  video/mp4
Media found for: nQDUtRI6  header:  video/mp4
Media found for: IFOnoi3e  header:  video/mp4
Media found for: KekHWBGO  header:  video/mp4
Media found for: 4sIb1wsp  header:  video/mp4
Media found for: e9HvCdrC  header:  video/mp4
Media found for: zLls4lxf  header:  video/mp4
Media found for: bYdCTGbO  header:  video/mp4
Media found for: WZivZxvZ  header:  video/mp4
Media found for: 5bUhiFE7  header:  video/mp4
Media found for: ZyBZ1VCe  header:  video/mp4
Media found for: QjAJkcSa  header:  video/mp4
Media found for: j7qrj4r2  header:  video/mp4
Media found for: 4TuyDLhG  header:  video/mp4
Media found for: pSZRd1MM  header:  video/mp4
Media found for: MJocKAUH  header:  video/mp4
Media found for: RM4jj0Uf  header:  video/mp4
Media found for: zbN4HuSU  header:  video/mp4
Media found for: PC2U35uZ  header:  video/mp4
Media found for: eaGYkrLb  header:  video/mp4
Media found for: svejWEZ5  header:  video/mp4
Media found for: Qlxm33t0  header:  video/mp4
Media found for: BWrg6xA7  header:  video/mp4
Media found for: K0yqVn86  header:  video/mp4
Media found for: yXyYbhkG  header:  video/mp4
Media found for: Rg4k8tNb  header:  video/mp4
Media found for: R6RtgXHq  header:  video/mp4
Media found for: TtRvpOeW  header:  video/mp4
Media found for: HHhO0fRS  header:  video/mp4
Media found for: iyasHFQG  header:  video/mp4
Media found for: e1Kl8SB3  header:  video/mp4
Media found for: cvIzaEly  header:  video/mp4
Media found for: nWtQ7fB9  header:  video/mp4
Media found for: 2Wm3MgGt  header:  video/mp4
Media found for: z8hxbWXH  header:  video/mp4
Media found for: PPhVvdAi  header:  video/mp4
Media found for: b0QMfJeQ  header:  video/mp4
Media found for: gIv8FRPd  header:  video/mp4
Media found for: WvQ7N6Hs  header:  video/mp4
Media found for: s82lyskr  header:  video/mp4
Media found for: wYmZPHTA  header:  video/mp4
Media found for: Lw6yvi9p  header:  video/mp4
Media found for: dT4RjBSo  header:  video/mp4
Media found for: sSRrkUCz  header:  video/mp4
Media found for: WkRmvz1T  header:  video/mp4
Media found for: xfmL1n3a  header:  video/mp4
Media found for: sHCeQEoQ  header:  video/mp4
Media found for: PKygJWno  header:  video/mp4
Media found for: dKPk22aQ  header:  video/mp4
Media found for: OeVreK2R  header:  video/mp4
Media found for: PttGbdIb  header:  video/mp4
Media found for: taf3cqUX  header:  video/mp4
Media found for: lPCehtdq  header:  video/mp4
Media found for: xTvGsZmk  header:  video/mp4
Media found for: ULlrD6jj  header:  video/mp4
Media found for: Q7Ipfkha  header:  video/mp4
Media found for: kYw4r7GQ  header:  video/mp4
Media found for: dq3uSs6R  header:  video/mp4
Media found for: oKa1rSlq  header:  video/mp4
Media found for: 4Itd9ppU  header:  video/mp4
Media found for: FJbkSVpb  header:  video/mp4
Media found for: P86IauCL  header:  video/mp4
Media found for: Y0uV6BoN  header:  video/mp4
Media found for: cjmGnLjO  header:  video/mp4
Media found for: B8OytW6O  header:  video/mp4
Media found for: Hax3EHi4  header:  video/mp4
Media found for: quyDmcRx  header:  video/mp4
Media found for: RTf39XMy  header:  video/mp4
Media found for: CzVf7Yn6  header:  video/mp4
Media found for: 3bac3y3F  header:  video/mp4
Media found for: M70z9Gcv  header:  video/mp4
Media found for: ZSltGL8j  header:  video/mp4
Media found for: VqYU8MEb  header:  video/mp4
Media found for: ds3ymefr  header:  video/mp4
Media found for: ScPrE25b  header:  video/mp4
Media found for: Ihu0Wtho  header:  video/mp4
Media found for: yCIn3bHC  header:  video/mp4
Media found for: Li4z1J2j  header:  video/mp4
Media found for: V1aFJixG  header:  video/mp4
Media found for: qElzBN5U  header:  video/mp4
Media found for: czQvoI3m  header:  video/mp4
Media found for: 9Qgp0L53  header:  video/mp4
Media found for: QIFFCgHd  header:  video/mp4
Media found for: QTGVosfL  header:  video/mp4
Media found for: 9jyKR7My  header:  video/mp4
Media found for: jfTXbs46  header:  video/mp4
Media found for: W1wRyY9j  header:  video/mp4
Media found for: d7RdO2Vl  header:  video/mp4
Media found for: JaFfE2Sy  header:  video/mp4
Media found for: GaQ0ULPY  header:  video/mp4
Media found for: zX80bDPe  header:  video/mp4
Media found for: A6PUqvuP  header:  video/mp4
Media found for: SU9KoopR  header:  video/mp4
Media found for: YqBl4VcH  header:  video/mp4
Media found for: eyPNAAJm  header:  video/mp4
Media found for: f2JwY9l4  header:  video/mp4
Media found for: 83NuHC33  header:  video/mp4
Media found for: ZOZezC65  header:  video/mp4
Media found for: h5y9r45K  header:  video/mp4
Media found for: laiG57nW  header:  video/mp4
Media found for: URSSjLMW  header:  video/mp4
Media found for: VhqeghVu  header:  video/mp4
Media found for: ypg0ScnW  header:  video/mp4
Media found for: wurqqQec  header:  video/mp4
Media found for: 7Y0QUflf  header:  video/mp4
Media found for: LCvw6jrg  header:  video/mp4
Media found for: UCGHRpMp  header:  video/mp4
Media found for: SEN3nCfs  header:  video/mp4
Media found for: 03W2Izrt  header:  video/mp4
Media found for: U0Sxvmo0  header:  video/mp4
Media found for: pN47eQcE  header:  video/mp4
Media found for: ilJknNOo  header:  video/mp4
Media found for: I2PklqwW  header:  video/mp4
Media found for: 2ryWwYqS  header:  video/mp4
Media found for: TajNwr3k  header:  video/mp4
Media found for: R7I0tq38  header:  video/mp4
Media found for: dD8flkMC  header:  video/mp4
Media found for: m3aSydp2  header:  video/mp4
Media found for: 8KvVaHk0  header:  video/mp4
Media found for: W6c5dMg6  header:  video/mp4
Media found for: 1rtbTT5F  header:  video/mp4
Media found for: BRoG6NYH  header:  video/mp4
Media found for: snEcyocB  header:  video/mp4
Media found for: fSt3rrqv  header:  video/mp4
Media found for: Yl3kLHf6  header:  video/mp4
Media found for: qwkQ0Rpb  header:  video/mp4
Media found for: dR7zwJpL  header:  video/mp4
Media found for: kRG5ejOz  header:  video/mp4
Media found for: tlRqzssB  header:  video/mp4
Media found for: HHRT3v7E  header:  video/mp4
Media found for: 5OoEkhNc  header:  video/mp4
Media found for: hQWuMZvH  header:  video/mp4
Media found for: ADqwJRdG  header:  video/mp4
Media found for: mKoTBi6y  header:  video/mp4
Media found for: bKU9pRIU  header:  video/mp4
Media found for: AuyViTph  header:  video/mp4
Media found for: C8o65Qmw  header:  video/mp4
Media found for: kqz5HWem  header:  video/mp4
Media found for: b3e81oAl  header:  video/mp4
Media found for: 9p6bq8Tf  header:  video/mp4
Media found for: 3cEwEg5K  header:  video/mp4
Media found for: ToX7He5c  header:  video/mp4
Media found for: Xq2tAPpa  header:  video/mp4
Media found for: PdRJxAED  header:  video/mp4
Media found for: 2cGMO264  header:  video/mp4
Media found for: 4hCEnL4p  header:  video/mp4
Media found for: 2aQFU1Mw  header:  video/mp4
Media found for: jmJqfXiN  header:  video/mp4
Media found for: i09XiU8J  header:  video/mp4
Media found for: zDMoEK2J  header:  video/mp4
Media found for: yvmVGk4P  header:  video/mp4
Media found for: 85sRVC31  header:  video/mp4
Media found for: EKc6twYy  header:  video/mp4
Media found for: TK9yBhxI  header:  video/mp4
Media found for: zRSGGFQZ  header:  video/mp4
Media found for: qvjthoZO  header:  video/mp4
Media found for: 7ifuIU7J  header:  video/mp4
Media found for: oLqN8dP1  header:  video/mp4
Media found for: AO57eKUN  header:  video/mp4
Media found for: ninFlJAq  header:  video/mp4
Media found for: XM3BdgNr  header:  video/mp4
Media found for: EPqB83RP  header:  video/mp4
Media found for: dA3rOtRH  header:  video/mp4
Media found for: cUYd21xM  header:  video/mp4
Media found for: Z9g7okSS  header:  video/mp4
Media found for: yDEkSg2e  header:  video/mp4
Media found for: RMuN6KGb  header:  video/mp4
Media found for: I2FuaOSK  header:  video/mp4
Media found for: WeF8D1x7  header:  video/mp4
Media found for: YcQ8fDSx  header:  video/mp4
Media found for: hUA22fAR  header:  video/mp4
Media found for: jAGMNBH1  header:  video/mp4
Media found for: 7BLoSQDK  header:  video/mp4
Media found for: boX889qx  header:  video/mp4
Media found for: uqwneU6A  header:  video/mp4
Media found for: qKNpnSdN  header:  video/mp4
Media found for: e4ESlyTk  header:  video/mp4
Media found for: vVRi630K  header:  video/mp4
Media found for: 2JKzgIW0  header:  video/mp4
Media found for: uf6MfbZX  header:  video/mp4
Media found for: Vw3xGZZJ  header:  video/mp4
Media found for: K8KLgOy5  header:  video/mp4
Media found for: bE1l8wsA  header:  video/mp4
Media found for: 6ZmnHFYz  header:  video/mp4
Media found for: K16GfyNC  header:  video/mp4
Media found for: HwEsnKjI  header:  video/mp4
Media found for: ZOv3HCYh  header:  video/mp4
Media found for: W7JfUIeS  header:  video/mp4
Media found for: NVG7Iyg0  header:  video/mp4
Media found for: SSjpFlDG  header:  video/mp4
Media found for: WGwT0Sv5  header:  video/mp4
Media found for: Jq64Kmcg  header:  video/mp4
Media found for: rF6Zp8T1  header:  video/mp4
Media found for: YCmMeUq5  header:  video/mp4
Media found for: b92yThNp  header:  video/mp4
Media found for: hmyXbGys  header:  video/mp4
Media found for: OSiutPNu  header:  video/mp4
Media found for: cgQuL34L  header:  video/mp4
Media found for: LAGzJGmI  header:  video/mp4
Media found for: PbU2F5sX  header:  video/mp4
Media found for: uQZJBwFE  header:  video/mp4
Media found for: mlcFVB8t  header:  video/mp4
Media found for: NUe97dS1  header:  video/mp4
Media found for: 5ZfOy5xY  header:  video/mp4
Media found for: oeetSSmo  header:  video/mp4
Media found for: orEFKRxo  header:  video/mp4
Media found for: ZEQWBltu  header:  video/mp4
Media found for: Yll4MVaR  header:  video/mp4
Media found for: IOSfWByC  header:  video/mp4
Media found for: oYB1u4Mj  header:  video/mp4
Media found for: Bxrtd6Fz  header:  video/mp4
Media found for: Kr6PpLMp  header:  video/mp4
Media found for: 40zvzP2Y  header:  video/mp4
Media found for: roaHBhE4  header:  video/mp4
Media found for: ZnUdQNTF  header:  video/mp4
Media found for: LZCODPpW  header:  video/mp4
Media found for: TDid9zHe  header:  video/mp4
Media found for: vAAokWtc  header:  video/mp4
Media found for: xSFV13XN  header:  video/mp4
Media found for: Jz36Pb3i  header:  video/mp4
Media found for: zLWIK251  header:  video/mp4
Media found for: 0iICmkeB  header:  video/mp4
Media found for: bDAm39hs  header:  video/mp4
Media found for: QhfMEzxD  header:  video/mp4
Media found for: zOnqKbQi  header:  video/mp4
Media found for: BWgeKpwA  header:  video/mp4
Media found for: RBEdu2cx  header:  video/mp4
Media found for: 03hQzPA9  header:  video/mp4
Media found for: Y1Zvsdtz  header:  video/mp4
Media found for: N1KjlEDP  header:  video/mp4
Media found for: VLnHqglP  header:  video/mp4
Media found for: 0wd6J4TS  header:  video/mp4
Media found for: 1bCzWws5  header:  video/mp4
Media found for: Xm78VK47  header:  video/mp4
Media found for: ZKKtSXfo  header:  video/mp4
Media found for: 5uMhctKx  header:  video/mp4
Media found for: yeUKRQNn  header:  video/mp4
Media found for: 06fTqW6O  header:  video/mp4
Media found for: ZvwfgoAa  header:  video/mp4
Media found for: trUeH5Z6  header:  video/mp4
Media found for: EqMaiUSk  header:  video/mp4
Media found for: SqiOEsrj  header:  video/mp4
Media found for: vIJYhrXJ  header:  video/mp4
Media found for: jg7E6h1i  header:  video/mp4
Media found for: gUiCjrzZ  header:  video/mp4
Media found for: lBvDY2tU  header:  video/mp4
Media found for: j18Ryddh  header:  video/mp4
Media found for: 7tca0Xjh  header:  video/mp4
Media found for: ZPaIDSSA  header:  video/mp4
Media found for: m1qtABJl  header:  video/mp4
Media found for: 9YxkQBwM  header:  video/mp4
Media found for: VoOt3tfI  header:  video/mp4
Media found for: ZDcI74v9  header:  video/mp4
Media found for: Llgg1TSI  header:  video/mp4
Media found for: G9yQ3oqu  header:  video/mp4
Media found for: jTRUtQhq  header:  video/mp4
Media found for: UyH8wkWW  header:  video/mp4
Media found for: mdKMTqjV  header:  video/mp4
Media found for: zToEMwH4  header:  video/mp4
Media found for: L4ixYgGA  header:  video/mp4
Media found for: W0HVq4l7  header:  video/mp4
Media found for: wn5wCMsK  header:  video/mp4
Media found for: kveDpazS  header:  video/mp4
Media found for: H3R4B5nU  header:  video/mp4
Media found for: UVh2XD4t  header:  video/mp4
Media found for: zSY8FklN  header:  video/mp4
Media found for: IGJGg4F8  header:  video/mp4
Media found for: iDSpMlZ9  header:  video/mp4
Media NOT FOUND FOR ID: hTVigYv2
url: https://cdn.jwplayer.com/v2/sites/S41JwTap/media/hTVigYv2/playback.json?token=eyJhbGciOiJIUzI1NiIsInR5cCI6IkpXVCJ9.eyJyZXNvdXJjZSI6Ii92Mi9zaXRlcy9TNDFKd1RhcC9tZWRpYS9oVFZpZ1l2Mi9wbGF5YmFjay5qc29uIiwiZXhwIjoxNzc0NjYzNTAwfQ.8dUtOtpDmdNAZtTV4U_ABVfU6abvr4uVy3XxY16a4C8
videoUrl:: https://videos-cloudfront.jwpsrv.com/69c7d139_b5c8e415ffc13cf22ec306fe38a2ac885b813237/content/conversions/S41JwTap/videos/UMJmnJAP-25175562.mp4
imageUrl:: https://assets-jpcust.jwpsrv.com/thumbnails/lvo24u19-1920.jpg
notFoundMediaUrls: [
  {
    id: 'hTVigYv2',
    videoUrl: 'https://videos-cloudfront.jwpsrv.com/69c7d139_b5c8e415ffc13cf22ec306fe38a2ac885b813237/content/conversions/S41JwTap/videos/UMJmnJAP-25175562.mp4'
  },
  {
    id: 'hTVigYv2',
    imageUrl: 'https://assets-jpcust.jwpsrv.com/thumbnails/lvo24u19-1920.jpg'
  }
]
Media NOT FOUND FOR ID: BGffEcfB
url: https://cdn.jwplayer.com/v2/sites/S41JwTap/media/BGffEcfB/playback.json?token=eyJhbGciOiJIUzI1NiIsInR5cCI6IkpXVCJ9.eyJyZXNvdXJjZSI6Ii92Mi9zaXRlcy9TNDFKd1RhcC9tZWRpYS9CR2ZmRWNmQi9wbGF5YmFjay5qc29uIiwiZXhwIjoxNzc0NjYzNTAwfQ.-AodK8dnNRWen2czV4lcD1z8MlH3GCUFSXmFxCGXmAI
videoUrl:: https://videos-cloudfront.jwpsrv.com/69c7d13e_1e4b86d2c12d648a458604fd32dee1fd04ab3420/content/conversions/S41JwTap/videos/q0XK0cnC-25175562.mp4
imageUrl:: https://assets-jpcust.jwpsrv.com/thumbnails/3712xdxt-1920.jpg
notFoundMediaUrls: [
  {
    id: 'BGffEcfB',
    videoUrl: 'https://videos-cloudfront.jwpsrv.com/69c7d13e_1e4b86d2c12d648a458604fd32dee1fd04ab3420/content/conversions/S41JwTap/videos/q0XK0cnC-25175562.mp4'
  },
  {
    id: 'BGffEcfB',
    imageUrl: 'https://assets-jpcust.jwpsrv.com/thumbnails/3712xdxt-1920.jpg'
  }
]
Media NOT FOUND FOR ID: Is4IiuJw
url: https://cdn.jwplayer.com/v2/sites/S41JwTap/media/Is4IiuJw/playback.json?token=eyJhbGciOiJIUzI1NiIsInR5cCI6IkpXVCJ9.eyJyZXNvdXJjZSI6Ii92Mi9zaXRlcy9TNDFKd1RhcC9tZWRpYS9JczRJaXVKdy9wbGF5YmFjay5qc29uIiwiZXhwIjoxNzc0NjYzNTAwfQ.ZHpxPn1RuFGI0pZ3WR3mA47mJKrjIzap5ZgW0oKVimY
videoUrl:: https://videos-cloudfront.jwpsrv.com/69c7d220_005603bca009b7f95f4126f7f6edb255a1a3cd63/content/conversions/S41JwTap/videos/ToLAHYvP-25175562.mp4
imageUrl:: https://assets-jpcust.jwpsrv.com/thumbnails/3s9ov49e-1920.jpg
notFoundMediaUrls: [
  {
    id: 'Is4IiuJw',
    videoUrl: 'https://videos-cloudfront.jwpsrv.com/69c7d220_005603bca009b7f95f4126f7f6edb255a1a3cd63/content/conversions/S41JwTap/videos/ToLAHYvP-25175562.mp4'
  },
  {
    id: 'Is4IiuJw',
    imageUrl: 'https://assets-jpcust.jwpsrv.com/thumbnails/3s9ov49e-1920.jpg'
  }
]
Media NOT FOUND FOR ID: kQaqV9YE
url: https://cdn.jwplayer.com/v2/sites/S41JwTap/media/kQaqV9YE/playback.json?token=eyJhbGciOiJIUzI1NiIsInR5cCI6IkpXVCJ9.eyJyZXNvdXJjZSI6Ii92Mi9zaXRlcy9TNDFKd1RhcC9tZWRpYS9rUWFxVjlZRS9wbGF5YmFjay5qc29uIiwiZXhwIjoxNzc0NjYzNTAwfQ.9zUWOEcyzR6shDQA3N7-kOuSGIDZhijVixn11rjiC5I
videoUrl:: https://videos-cloudfront.jwpsrv.com/69c7d1d7_3b63694d7294c0163fd074fd4cc32ed04fe9ed67/content/conversions/S41JwTap/videos/1rY7wSTH-25175562.mp4
imageUrl:: https://assets-jpcust.jwpsrv.com/thumbnails/pertukwf-1920.jpg
notFoundMediaUrls: [
  {
    id: 'kQaqV9YE',
    videoUrl: 'https://videos-cloudfront.jwpsrv.com/69c7d1d7_3b63694d7294c0163fd074fd4cc32ed04fe9ed67/content/conversions/S41JwTap/videos/1rY7wSTH-25175562.mp4'
  },
  {
    id: 'kQaqV9YE',
    imageUrl: 'https://assets-jpcust.jwpsrv.com/thumbnails/pertukwf-1920.jpg'
  }
]
Media found for: c7nTW8Kv  header:  video/mp4
Media found for: BUj2sxZA  header:  video/mp4
Media found for: Wm95iAfK  header:  video/mp4
Media found for: rF0KibNH  header:  video/mp4
Media NOT FOUND FOR ID: f3iAOHI4
url: https://cdn.jwplayer.com/v2/sites/S41JwTap/media/f3iAOHI4/playback.json?token=eyJhbGciOiJIUzI1NiIsInR5cCI6IkpXVCJ9.eyJyZXNvdXJjZSI6Ii92Mi9zaXRlcy9TNDFKd1RhcC9tZWRpYS9mM2lBT0hJNC9wbGF5YmFjay5qc29uIiwiZXhwIjoxNzc0NjYzNTAwfQ.33plIpe4GX1ta9DGgwdbnMeKryde2BCR8vekBepgK-4
videoUrl:: https://videos-cloudfront.jwpsrv.com/69c7d217_cbf4af046dc2aac1a846e440e0feb3763e545077/content/conversions/S41JwTap/videos/ALuIiXaQ-25175562.mp4
imageUrl:: https://assets-jpcust.jwpsrv.com/thumbnails/fbz36f81-1920.jpg
notFoundMediaUrls: [
  {
    id: 'f3iAOHI4',
    videoUrl: 'https://videos-cloudfront.jwpsrv.com/69c7d217_cbf4af046dc2aac1a846e440e0feb3763e545077/content/conversions/S41JwTap/videos/ALuIiXaQ-25175562.mp4'
  },
  {
    id: 'f3iAOHI4',
    imageUrl: 'https://assets-jpcust.jwpsrv.com/thumbnails/fbz36f81-1920.jpg'
  }
]
Media NOT FOUND FOR ID: X0lyJHob
url: https://cdn.jwplayer.com/v2/sites/S41JwTap/media/X0lyJHob/playback.json?token=eyJhbGciOiJIUzI1NiIsInR5cCI6IkpXVCJ9.eyJyZXNvdXJjZSI6Ii92Mi9zaXRlcy9TNDFKd1RhcC9tZWRpYS9YMGx5SkhvYi9wbGF5YmFjay5qc29uIiwiZXhwIjoxNzc0NjYzNTAwfQ.wq7q3rINfV2PAQr3qNQMeL4TRA21ralf6XpOax6UICM
videoUrl:: https://videos-cloudfront.jwpsrv.com/69c7d20f_50339dfc82b65823e3c8612705651c91877ebc3a/content/conversions/S41JwTap/videos/ux66kAST-25175562.mp4
imageUrl:: https://assets-jpcust.jwpsrv.com/thumbnails/0n20qdv4-1920.jpg
notFoundMediaUrls: [
  {
    id: 'X0lyJHob',
    videoUrl: 'https://videos-cloudfront.jwpsrv.com/69c7d20f_50339dfc82b65823e3c8612705651c91877ebc3a/content/conversions/S41JwTap/videos/ux66kAST-25175562.mp4'
  },
  {
    id: 'X0lyJHob',
    imageUrl: 'https://assets-jpcust.jwpsrv.com/thumbnails/0n20qdv4-1920.jpg'
  }
]
Media found for: eG72btus  header:  video/mp4
Media NOT FOUND FOR ID: YkcheayE
url: https://cdn.jwplayer.com/v2/sites/S41JwTap/media/YkcheayE/playback.json?token=eyJhbGciOiJIUzI1NiIsInR5cCI6IkpXVCJ9.eyJyZXNvdXJjZSI6Ii92Mi9zaXRlcy9TNDFKd1RhcC9tZWRpYS9Za2NoZWF5RS9wbGF5YmFjay5qc29uIiwiZXhwIjoxNzc0NjYzNTAwfQ.5MaAteKxAuO1UT6cWOrkArNhZ1dUHkRLUATlkyAwekM
videoUrl:: https://videos-cloudfront.jwpsrv.com/69c7d1dc_882d9ba516a2c266ac12e8d4ce5ec787b6587430/content/conversions/S41JwTap/videos/MT0VM2yO-25175562.mp4
imageUrl:: https://assets-jpcust.jwpsrv.com/thumbnails/m3yoi3p5-1920.jpg
notFoundMediaUrls: [
  {
    id: 'YkcheayE',
    videoUrl: 'https://videos-cloudfront.jwpsrv.com/69c7d1dc_882d9ba516a2c266ac12e8d4ce5ec787b6587430/content/conversions/S41JwTap/videos/MT0VM2yO-25175562.mp4'
  },
  {
    id: 'YkcheayE',
    imageUrl: 'https://assets-jpcust.jwpsrv.com/thumbnails/m3yoi3p5-1920.jpg'
  }
]
Media NOT FOUND FOR ID: dhehUHqK
url: https://cdn.jwplayer.com/v2/sites/S41JwTap/media/dhehUHqK/playback.json?token=eyJhbGciOiJIUzI1NiIsInR5cCI6IkpXVCJ9.eyJyZXNvdXJjZSI6Ii92Mi9zaXRlcy9TNDFKd1RhcC9tZWRpYS9kaGVoVUhxSy9wbGF5YmFjay5qc29uIiwiZXhwIjoxNzc0NjYzNTAwfQ.ToUwTQQa05HN8imojMhwA64IWgJ347nxzR0cwc8zCnI
videoUrl:: https://videos-cloudfront.jwpsrv.com/69c7d194_20f49b75b23c77d6a668219c00f3e400ec97c886/content/conversions/S41JwTap/videos/gRl4VnB5-25175562.mp4
imageUrl:: https://assets-jpcust.jwpsrv.com/thumbnails/0y7bzmmp-1920.jpg
notFoundMediaUrls: [
  {
    id: 'dhehUHqK',
    videoUrl: 'https://videos-cloudfront.jwpsrv.com/69c7d194_20f49b75b23c77d6a668219c00f3e400ec97c886/content/conversions/S41JwTap/videos/gRl4VnB5-25175562.mp4'
  },
  {
    id: 'dhehUHqK',
    imageUrl: 'https://assets-jpcust.jwpsrv.com/thumbnails/0y7bzmmp-1920.jpg'
  }
]
Media found for: JQiRCy9h  header:  video/mp4
Media NOT FOUND FOR ID: hZjRmE7Z
url: https://cdn.jwplayer.com/v2/sites/S41JwTap/media/hZjRmE7Z/playback.json?token=eyJhbGciOiJIUzI1NiIsInR5cCI6IkpXVCJ9.eyJyZXNvdXJjZSI6Ii92Mi9zaXRlcy9TNDFKd1RhcC9tZWRpYS9oWmpSbUU3Wi9wbGF5YmFjay5qc29uIiwiZXhwIjoxNzc0NjYzNTAwfQ.xTvw3bgGJ4CoSuXKe9NoOypAynpzPm6wSEKtS3oMy0I
videoUrl:: https://videos-cloudfront.jwpsrv.com/69c7d127_6b984b392fe02ef7c0cdaf67f7ca8b5aa3866375/content/conversions/S41JwTap/videos/cbZPI30r-25175562.mp4
imageUrl:: https://assets-jpcust.jwpsrv.com/thumbnails/k0m2v8gw-1920.jpg
notFoundMediaUrls: [
  {
    id: 'hZjRmE7Z',
    videoUrl: 'https://videos-cloudfront.jwpsrv.com/69c7d127_6b984b392fe02ef7c0cdaf67f7ca8b5aa3866375/content/conversions/S41JwTap/videos/cbZPI30r-25175562.mp4'
  },
  {
    id: 'hZjRmE7Z',
    imageUrl: 'https://assets-jpcust.jwpsrv.com/thumbnails/k0m2v8gw-1920.jpg'
  }
]
Media NOT FOUND FOR ID: TjmvKs85
url: https://cdn.jwplayer.com/v2/sites/S41JwTap/media/TjmvKs85/playback.json?token=eyJhbGciOiJIUzI1NiIsInR5cCI6IkpXVCJ9.eyJyZXNvdXJjZSI6Ii92Mi9zaXRlcy9TNDFKd1RhcC9tZWRpYS9Uam12S3M4NS9wbGF5YmFjay5qc29uIiwiZXhwIjoxNzc0NjYzNTAwfQ.8nYcAUhI8uW_gxpxVCgvwmqnuPlPf_bJS7jP1XBbcAQ
videoUrl:: https://videos-cloudfront.jwpsrv.com/69c7d202_6b4d80dd54548afb8eb5584ea3efa9b5e0a621cd/content/conversions/S41JwTap/videos/D8GPj3cm-25175562.mp4
imageUrl:: https://assets-jpcust.jwpsrv.com/thumbnails/4s8q6n30-1920.jpg
notFoundMediaUrls: [
  {
    id: 'TjmvKs85',
    videoUrl: 'https://videos-cloudfront.jwpsrv.com/69c7d202_6b4d80dd54548afb8eb5584ea3efa9b5e0a621cd/content/conversions/S41JwTap/videos/D8GPj3cm-25175562.mp4'
  },
  {
    id: 'TjmvKs85',
    imageUrl: 'https://assets-jpcust.jwpsrv.com/thumbnails/4s8q6n30-1920.jpg'
  }
]
Media found for: 3nCRaIq1  header:  video/mp4
Media found for: FkhRENRv  header:  video/mp4
Media found for: 8FrfZLNW  header:  video/mp4
Media found for: SrAbhRWa  header:  video/mp4
Media found for: 7riGQUxS  header:  video/mp4
Media NOT FOUND FOR ID: 1QEZS0YN
url: https://cdn.jwplayer.com/v2/sites/S41JwTap/media/1QEZS0YN/playback.json?token=eyJhbGciOiJIUzI1NiIsInR5cCI6IkpXVCJ9.eyJyZXNvdXJjZSI6Ii92Mi9zaXRlcy9TNDFKd1RhcC9tZWRpYS8xUUVaUzBZTi9wbGF5YmFjay5qc29uIiwiZXhwIjoxNzc0NjYzNTAwfQ.ZC-snnnTPT0zAsxxOxRJlBR3wXyvDqNpb0TpWRb6CCc
videoUrl:: https://videos-cloudfront.jwpsrv.com/69c7d1d2_4bea08720c3862690c1c8cdbb39083179b871a6e/content/conversions/S41JwTap/videos/BxE6gKHs-25175562.mp4
imageUrl:: https://assets-jpcust.jwpsrv.com/thumbnails/oq3w13hq-1920.jpg
notFoundMediaUrls: [
  {
    id: '1QEZS0YN',
    videoUrl: 'https://videos-cloudfront.jwpsrv.com/69c7d1d2_4bea08720c3862690c1c8cdbb39083179b871a6e/content/conversions/S41JwTap/videos/BxE6gKHs-25175562.mp4'
  },
  {
    id: '1QEZS0YN',
    imageUrl: 'https://assets-jpcust.jwpsrv.com/thumbnails/oq3w13hq-1920.jpg'
  }
]
Media found for: 2FjCY6XC  header:  video/mp4
Media NOT FOUND FOR ID: 8Jmy2TMp
url: https://cdn.jwplayer.com/v2/sites/S41JwTap/media/8Jmy2TMp/playback.json?token=eyJhbGciOiJIUzI1NiIsInR5cCI6IkpXVCJ9.eyJyZXNvdXJjZSI6Ii92Mi9zaXRlcy9TNDFKd1RhcC9tZWRpYS84Sm15MlRNcC9wbGF5YmFjay5qc29uIiwiZXhwIjoxNzc0NjYzNTAwfQ.F_gMKx8DempWoARxVo3h-sUeRP5bLvMO8PF8csxK0NM
videoUrl:: https://videos-cloudfront.jwpsrv.com/69c7d239_94f6541d464b828447d32b6fc67e6b8d2c67cb63/content/conversions/S41JwTap/videos/38fSQemm-25175562.mp4
imageUrl:: https://assets-jpcust.jwpsrv.com/thumbnails/h815007z-1920.jpg
notFoundMediaUrls: [
  {
    id: '8Jmy2TMp',
    videoUrl: 'https://videos-cloudfront.jwpsrv.com/69c7d239_94f6541d464b828447d32b6fc67e6b8d2c67cb63/content/conversions/S41JwTap/videos/38fSQemm-25175562.mp4'
  },
  {
    id: '8Jmy2TMp',
    imageUrl: 'https://assets-jpcust.jwpsrv.com/thumbnails/h815007z-1920.jpg'
  }
]
Media found for: qhxC4JKF  header:  video/mp4
Media found for: 535OeGFh  header:  video/mp4
Media NOT FOUND FOR ID: 8fhSmOpi
url: https://cdn.jwplayer.com/v2/sites/S41JwTap/media/8fhSmOpi/playback.json?token=eyJhbGciOiJIUzI1NiIsInR5cCI6IkpXVCJ9.eyJyZXNvdXJjZSI6Ii92Mi9zaXRlcy9TNDFKd1RhcC9tZWRpYS84ZmhTbU9waS9wbGF5YmFjay5qc29uIiwiZXhwIjoxNzc0NjYzNTAwfQ.wLQbeHFBbWo4cAHLScMUs8BEO21qJEqE-JourGzNBsA
videoUrl:: https://videos-cloudfront.jwpsrv.com/69c7d15f_b15dee0124b9fb5c4a5d1607f1944a9b4f226ce0/content/conversions/S41JwTap/videos/6d7Fy6Rc-25175562.mp4
imageUrl:: https://assets-jpcust.jwpsrv.com/thumbnails/fxtl8kg2-1920.jpg
notFoundMediaUrls: [
  {
    id: '8fhSmOpi',
    videoUrl: 'https://videos-cloudfront.jwpsrv.com/69c7d15f_b15dee0124b9fb5c4a5d1607f1944a9b4f226ce0/content/conversions/S41JwTap/videos/6d7Fy6Rc-25175562.mp4'
  },
  {
    id: '8fhSmOpi',
    imageUrl: 'https://assets-jpcust.jwpsrv.com/thumbnails/fxtl8kg2-1920.jpg'
  }
]
Media NOT FOUND FOR ID: uECei5RY
url: https://cdn.jwplayer.com/v2/sites/S41JwTap/media/uECei5RY/playback.json?token=eyJhbGciOiJIUzI1NiIsInR5cCI6IkpXVCJ9.eyJyZXNvdXJjZSI6Ii92Mi9zaXRlcy9TNDFKd1RhcC9tZWRpYS91RUNlaTVSWS9wbGF5YmFjay5qc29uIiwiZXhwIjoxNzc0NjYzNTAwfQ.RJlILCWw_3R4P3cciW84AVOUYM68kSg-WY_ImAV5vjQ
videoUrl:: https://videos-cloudfront.jwpsrv.com/69c7d257_d06c0cf5457148a584dd0f6f9892b28d1b4c9191/content/conversions/S41JwTap/videos/1mS02VmV-25175562.mp4
imageUrl:: https://assets-jpcust.jwpsrv.com/thumbnails/weykt9wg-1920.jpg
notFoundMediaUrls: [
  {
    id: 'uECei5RY',
    videoUrl: 'https://videos-cloudfront.jwpsrv.com/69c7d257_d06c0cf5457148a584dd0f6f9892b28d1b4c9191/content/conversions/S41JwTap/videos/1mS02VmV-25175562.mp4'
  },
  {
    id: 'uECei5RY',
    imageUrl: 'https://assets-jpcust.jwpsrv.com/thumbnails/weykt9wg-1920.jpg'
  }
]
Media found for: gLNjOnP3  header:  video/mp4
Media found for: 7BhTNbJj  header:  video/mp4
Media NOT FOUND FOR ID: j4dEF6pH
url: https://cdn.jwplayer.com/v2/sites/S41JwTap/media/j4dEF6pH/playback.json?token=eyJhbGciOiJIUzI1NiIsInR5cCI6IkpXVCJ9.eyJyZXNvdXJjZSI6Ii92Mi9zaXRlcy9TNDFKd1RhcC9tZWRpYS9qNGRFRjZwSC9wbGF5YmFjay5qc29uIiwiZXhwIjoxNzc0NjYzNTAwfQ.0gx3FLfPAJyt_zzudtfW__8BN8T4nZ0wyNzspfXq6lc
videoUrl:: https://videos-cloudfront.jwpsrv.com/69c7d1b0_f1176f354e97c5d52f4a20cfa2000d23682efed6/content/conversions/S41JwTap/videos/pUklhAFY-25175562.mp4
imageUrl:: https://assets-jpcust.jwpsrv.com/thumbnails/pt3u940f-1920.jpg
notFoundMediaUrls: [
  {
    id: 'j4dEF6pH',
    videoUrl: 'https://videos-cloudfront.jwpsrv.com/69c7d1b0_f1176f354e97c5d52f4a20cfa2000d23682efed6/content/conversions/S41JwTap/videos/pUklhAFY-25175562.mp4'
  },
  {
    id: 'j4dEF6pH',
    imageUrl: 'https://assets-jpcust.jwpsrv.com/thumbnails/pt3u940f-1920.jpg'
  }
]
Media found for: dV7bjnLQ  header:  video/mp4
Media found for: hLKmR8SX  header:  video/mp4
Media found for: 2lXq2cPl  header:  video/mp4
Media found for: 8XhrzLVL  header:  video/mp4
Media found for: lbmPCd6O  header:  video/mp4
Media found for: TAN6COuI  header:  video/mp4
Media found for: hzfPWT2A  header:  video/mp4
Media NOT FOUND FOR ID: dQ8fpNQY
url: https://cdn.jwplayer.com/v2/sites/S41JwTap/media/dQ8fpNQY/playback.json?token=eyJhbGciOiJIUzI1NiIsInR5cCI6IkpXVCJ9.eyJyZXNvdXJjZSI6Ii92Mi9zaXRlcy9TNDFKd1RhcC9tZWRpYS9kUThmcE5RWS9wbGF5YmFjay5qc29uIiwiZXhwIjoxNzc0NjYzNTAwfQ.KnRthNGM2ExvNNi9cghb24oLD9BebahO2YCQ_R70jdc
videoUrl:: https://videos-cloudfront.jwpsrv.com/69c7d14e_716aa729460aec74b3d69cce4d0f050d35bb82af/content/conversions/S41JwTap/videos/FaX4ItQu-25175562.mp4
imageUrl:: https://assets-jpcust.jwpsrv.com/thumbnails/3936ji03-1920.jpg
notFoundMediaUrls: [
  {
    id: 'dQ8fpNQY',
    videoUrl: 'https://videos-cloudfront.jwpsrv.com/69c7d14e_716aa729460aec74b3d69cce4d0f050d35bb82af/content/conversions/S41JwTap/videos/FaX4ItQu-25175562.mp4'
  },
  {
    id: 'dQ8fpNQY',
    imageUrl: 'https://assets-jpcust.jwpsrv.com/thumbnails/3936ji03-1920.jpg'
  }
]
Media found for: HexBcKwr  header:  video/mp4
Media found for: vGDiChwo  header:  video/mp4
Media found for: oH6BupNy  header:  video/mp4
Media found for: fF30RGos  header:  video/mp4
Media found for: JGsFVAjw  header:  video/mp4
Media found for: GW674BCi  header:  video/mp4
Media found for: CG8PSvCs  header:  video/mp4
Media found for: jlU7Zv1r  header:  video/mp4
Media found for: D5atTzZl  header:  video/mp4
Media found for: 8m4XZ3RF  header:  video/mp4
Media found for: qB1FH9TD  header:  video/mp4
Media found for: dEt6YvFh  header:  video/mp4
Media NOT FOUND FOR ID: FjWHxTLA
url: https://cdn.jwplayer.com/v2/sites/S41JwTap/media/FjWHxTLA/playback.json?token=eyJhbGciOiJIUzI1NiIsInR5cCI6IkpXVCJ9.eyJyZXNvdXJjZSI6Ii92Mi9zaXRlcy9TNDFKd1RhcC9tZWRpYS9GaldIeFRMQS9wbGF5YmFjay5qc29uIiwiZXhwIjoxNzc0NjYzNTAwfQ.lxMeSovP_gqvFmIQt4TWKRTwsns8wzgdmk0gj7sLEVI
videoUrl:: https://videos-cloudfront.jwpsrv.com/69c7d1fa_b42c5f03978133d56ca0b751ea3668284abec0e6/content/conversions/S41JwTap/videos/2NLr3Wu0-25175559.mp4
imageUrl:: https://assets-jpcust.jwpsrv.com/thumbnails/8gwkl7l3-1920.jpg
notFoundMediaUrls: [
  {
    id: 'FjWHxTLA',
    videoUrl: 'https://videos-cloudfront.jwpsrv.com/69c7d1fa_b42c5f03978133d56ca0b751ea3668284abec0e6/content/conversions/S41JwTap/videos/2NLr3Wu0-25175559.mp4'
  },
  {
    id: 'FjWHxTLA',
    imageUrl: 'https://assets-jpcust.jwpsrv.com/thumbnails/8gwkl7l3-1920.jpg'
  }
]
Media found for: sE6XY7gJ  header:  video/mp4
Media found for: YX5wfbey  header:  video/mp4
Media found for: KdLmUUSn  header:  video/mp4
Media found for: rXcPAini  header:  video/mp4
Media found for: 4HPiudTH  header:  video/mp4
Media found for: wpxb5Ofi  header:  video/mp4
Media found for: ONW4JIJ5  header:  video/mp4
Media NOT FOUND FOR ID: niRYQAeH
url: https://cdn.jwplayer.com/v2/sites/S41JwTap/media/niRYQAeH/playback.json?token=eyJhbGciOiJIUzI1NiIsInR5cCI6IkpXVCJ9.eyJyZXNvdXJjZSI6Ii92Mi9zaXRlcy9TNDFKd1RhcC9tZWRpYS9uaVJZUUFlSC9wbGF5YmFjay5qc29uIiwiZXhwIjoxNzc0NjYzNTAwfQ.i1ypPgWNAxou8aHDPkVIyXZhFkqorxc2-W32FFTvny8
videoUrl:: https://videos-cloudfront.jwpsrv.com/69c7d218_dc99eda1378a57b3d9c0aa3e10386ad5eb48f0ed/content/conversions/S41JwTap/videos/qPdBSM5r-25175562.mp4
imageUrl:: https://assets-jpcust.jwpsrv.com/thumbnails/z0cm11u0-1920.jpg
notFoundMediaUrls: [
  {
    id: 'niRYQAeH',
    videoUrl: 'https://videos-cloudfront.jwpsrv.com/69c7d218_dc99eda1378a57b3d9c0aa3e10386ad5eb48f0ed/content/conversions/S41JwTap/videos/qPdBSM5r-25175562.mp4'
  },
  {
    id: 'niRYQAeH',
    imageUrl: 'https://assets-jpcust.jwpsrv.com/thumbnails/z0cm11u0-1920.jpg'
  }
]
Media found for: YPWcTnHZ  header:  video/mp4
Media found for: WVCWzaU0  header:  video/mp4
Media found for: VD4etUDP  header:  video/mp4
Media NOT FOUND FOR ID: 3nMCVT4d
url: https://cdn.jwplayer.com/v2/sites/S41JwTap/media/3nMCVT4d/playback.json?token=eyJhbGciOiJIUzI1NiIsInR5cCI6IkpXVCJ9.eyJyZXNvdXJjZSI6Ii92Mi9zaXRlcy9TNDFKd1RhcC9tZWRpYS8zbk1DVlQ0ZC9wbGF5YmFjay5qc29uIiwiZXhwIjoxNzc0NjYzNTAwfQ.cwSwtJL7QcTVN66kFZB4EuChbrZCicsOQQ3SeKCIVsQ
videoUrl:: https://videos-cloudfront.jwpsrv.com/69c7d199_4623699b274ac261669e1184677e074adbe703f4/content/conversions/S41JwTap/videos/6UBD2sUY-25175562.mp4
imageUrl:: https://assets-jpcust.jwpsrv.com/thumbnails/adca8fqk-1920.jpg
notFoundMediaUrls: [
  {
    id: '3nMCVT4d',
    videoUrl: 'https://videos-cloudfront.jwpsrv.com/69c7d199_4623699b274ac261669e1184677e074adbe703f4/content/conversions/S41JwTap/videos/6UBD2sUY-25175562.mp4'
  },
  {
    id: '3nMCVT4d',
    imageUrl: 'https://assets-jpcust.jwpsrv.com/thumbnails/adca8fqk-1920.jpg'
  }
]
Media NOT FOUND FOR ID: dJZHv703
url: https://cdn.jwplayer.com/v2/sites/S41JwTap/media/dJZHv703/playback.json?token=eyJhbGciOiJIUzI1NiIsInR5cCI6IkpXVCJ9.eyJyZXNvdXJjZSI6Ii92Mi9zaXRlcy9TNDFKd1RhcC9tZWRpYS9kSlpIdjcwMy9wbGF5YmFjay5qc29uIiwiZXhwIjoxNzc0NjYzNTAwfQ.pNPhYOwaEr5zHHVPqn7ahWTnEpE25g04UP0-vZU6nGs
videoUrl:: https://videos-cloudfront.jwpsrv.com/69c7d1fa_75ec4f856a7a6214055a6ca3780a4450d472cf53/content/conversions/S41JwTap/videos/EdvtXJNp-25175562.mp4
imageUrl:: https://assets-jpcust.jwpsrv.com/thumbnails/a0iuyfzn-1920.jpg
notFoundMediaUrls: [
  {
    id: 'dJZHv703',
    videoUrl: 'https://videos-cloudfront.jwpsrv.com/69c7d1fa_75ec4f856a7a6214055a6ca3780a4450d472cf53/content/conversions/S41JwTap/videos/EdvtXJNp-25175562.mp4'
  },
  {
    id: 'dJZHv703',
    imageUrl: 'https://assets-jpcust.jwpsrv.com/thumbnails/a0iuyfzn-1920.jpg'
  }
]
Media NOT FOUND FOR ID: KD3QOism
url: https://cdn.jwplayer.com/v2/sites/S41JwTap/media/KD3QOism/playback.json?token=eyJhbGciOiJIUzI1NiIsInR5cCI6IkpXVCJ9.eyJyZXNvdXJjZSI6Ii92Mi9zaXRlcy9TNDFKd1RhcC9tZWRpYS9LRDNRT2lzbS9wbGF5YmFjay5qc29uIiwiZXhwIjoxNzc0NjYzNTAwfQ._o6DGy4AoURyhvnENXqsIUxsesOTyBXeU8rJdeUMnsA
videoUrl:: https://videos-cloudfront.jwpsrv.com/69c7d1ab_3722092bbd0032efefb15351381e5f0c093ec4ad/content/conversions/S41JwTap/videos/wOZhCeeG-25175562.mp4
imageUrl:: https://assets-jpcust.jwpsrv.com/thumbnails/noifh5n5-1920.jpg
notFoundMediaUrls: [
  {
    id: 'KD3QOism',
    videoUrl: 'https://videos-cloudfront.jwpsrv.com/69c7d1ab_3722092bbd0032efefb15351381e5f0c093ec4ad/content/conversions/S41JwTap/videos/wOZhCeeG-25175562.mp4'
  },
  {
    id: 'KD3QOism',
    imageUrl: 'https://assets-jpcust.jwpsrv.com/thumbnails/noifh5n5-1920.jpg'
  }
]
Media NOT FOUND FOR ID: bNGg9aRU
url: https://cdn.jwplayer.com/v2/sites/S41JwTap/media/bNGg9aRU/playback.json?token=eyJhbGciOiJIUzI1NiIsInR5cCI6IkpXVCJ9.eyJyZXNvdXJjZSI6Ii92Mi9zaXRlcy9TNDFKd1RhcC9tZWRpYS9iTkdnOWFSVS9wbGF5YmFjay5qc29uIiwiZXhwIjoxNzc0NjYzNTAwfQ.p1GOA5POfbk-TBXWMqgwaUXpjT-f6pFRQo2c8GE3WFw
videoUrl:: https://videos-cloudfront.jwpsrv.com/69c7d208_b4f699848b00eeb7fe8eb5a94c6311b632ebc87a/content/conversions/S41JwTap/videos/tfKB2OTR-25175562.mp4
imageUrl:: https://assets-jpcust.jwpsrv.com/thumbnails/j7de2xie-1920.jpg
notFoundMediaUrls: [
  {
    id: 'bNGg9aRU',
    videoUrl: 'https://videos-cloudfront.jwpsrv.com/69c7d208_b4f699848b00eeb7fe8eb5a94c6311b632ebc87a/content/conversions/S41JwTap/videos/tfKB2OTR-25175562.mp4'
  },
  {
    id: 'bNGg9aRU',
    imageUrl: 'https://assets-jpcust.jwpsrv.com/thumbnails/j7de2xie-1920.jpg'
  }
]
Media found for: XkarQiIN  header:  video/mp4
Media NOT FOUND FOR ID: vfvDUFiD
url: https://cdn.jwplayer.com/v2/sites/S41JwTap/media/vfvDUFiD/playback.json?token=eyJhbGciOiJIUzI1NiIsInR5cCI6IkpXVCJ9.eyJyZXNvdXJjZSI6Ii92Mi9zaXRlcy9TNDFKd1RhcC9tZWRpYS92ZnZEVUZpRC9wbGF5YmFjay5qc29uIiwiZXhwIjoxNzc0NjYzNTAwfQ.3QhCDkgrkaVxkvOw0hE1ZkaNGr8D5wQ8Z2vbcfXTZuw
videoUrl:: https://videos-cloudfront.jwpsrv.com/69c7d22a_df7694bf5c5756c7e78ec4ac9dcae684866ee8a8/content/conversions/S41JwTap/videos/mbPcQNVZ-25175562.mp4
imageUrl:: https://assets-jpcust.jwpsrv.com/thumbnails/x1g5eb3h-1920.jpg
notFoundMediaUrls: [
  {
    id: 'vfvDUFiD',
    videoUrl: 'https://videos-cloudfront.jwpsrv.com/69c7d22a_df7694bf5c5756c7e78ec4ac9dcae684866ee8a8/content/conversions/S41JwTap/videos/mbPcQNVZ-25175562.mp4'
  },
  {
    id: 'vfvDUFiD',
    imageUrl: 'https://assets-jpcust.jwpsrv.com/thumbnails/x1g5eb3h-1920.jpg'
  }
]
Media found for: 3ZihB271  header:  video/mp4
Media found for: G0OvePlC  header:  video/mp4
Media NOT FOUND FOR ID: ENXbIh1s
url: https://cdn.jwplayer.com/v2/sites/S41JwTap/media/ENXbIh1s/playback.json?token=eyJhbGciOiJIUzI1NiIsInR5cCI6IkpXVCJ9.eyJyZXNvdXJjZSI6Ii92Mi9zaXRlcy9TNDFKd1RhcC9tZWRpYS9FTlhiSWgxcy9wbGF5YmFjay5qc29uIiwiZXhwIjoxNzc0NjYzNTAwfQ.I_AX0GCu2-lpH1_mQ1g0ZMFYgAWn79LwwMGcr_Jqbs4
videoUrl:: https://videos-cloudfront.jwpsrv.com/69c7d22b_99f259383a57dc08779f419fc8608fabbfe9e815/content/conversions/S41JwTap/videos/gZlFWuMo-25175562.mp4
imageUrl:: https://assets-jpcust.jwpsrv.com/thumbnails/pafofp2z-1920.jpg
notFoundMediaUrls: [
  {
    id: 'ENXbIh1s',
    videoUrl: 'https://videos-cloudfront.jwpsrv.com/69c7d22b_99f259383a57dc08779f419fc8608fabbfe9e815/content/conversions/S41JwTap/videos/gZlFWuMo-25175562.mp4'
  },
  {
    id: 'ENXbIh1s',
    imageUrl: 'https://assets-jpcust.jwpsrv.com/thumbnails/pafofp2z-1920.jpg'
  }
]
Media found for: KAbDPWBo  header:  video/mp4
Media NOT FOUND FOR ID: ilmcoE1h
url: https://cdn.jwplayer.com/v2/sites/S41JwTap/media/ilmcoE1h/playback.json?token=eyJhbGciOiJIUzI1NiIsInR5cCI6IkpXVCJ9.eyJyZXNvdXJjZSI6Ii92Mi9zaXRlcy9TNDFKd1RhcC9tZWRpYS9pbG1jb0UxaC9wbGF5YmFjay5qc29uIiwiZXhwIjoxNzc0NjYzNTAwfQ.j75rYWE374hEGULDbJKA31q7wNHpW2hKscsU0TcqURs
videoUrl:: https://videos-cloudfront.jwpsrv.com/69c7d204_59891e6e2b685c9fcc046be7d69641ecb48c1f3a/content/conversions/S41JwTap/videos/Vv1zT514-25175562.mp4
imageUrl:: https://assets-jpcust.jwpsrv.com/thumbnails/7gkyrddw-1920.jpg
notFoundMediaUrls: [
  {
    id: 'ilmcoE1h',
    videoUrl: 'https://videos-cloudfront.jwpsrv.com/69c7d204_59891e6e2b685c9fcc046be7d69641ecb48c1f3a/content/conversions/S41JwTap/videos/Vv1zT514-25175562.mp4'
  },
  {
    id: 'ilmcoE1h',
    imageUrl: 'https://assets-jpcust.jwpsrv.com/thumbnails/7gkyrddw-1920.jpg'
  }
]
Media found for: z4v9Uw2c  header:  video/mp4
Media found for: bJxYmazn  header:  video/mp4
Media found for: zli2FbgE  header:  video/mp4
Media NOT FOUND FOR ID: 8qhz71hV
url: https://cdn.jwplayer.com/v2/sites/S41JwTap/media/8qhz71hV/playback.json?token=eyJhbGciOiJIUzI1NiIsInR5cCI6IkpXVCJ9.eyJyZXNvdXJjZSI6Ii92Mi9zaXRlcy9TNDFKd1RhcC9tZWRpYS84cWh6NzFoVi9wbGF5YmFjay5qc29uIiwiZXhwIjoxNzc0NjYzNTAwfQ.e4XDeNzzPdezBMXkJgiaNhhR0lCWERN7fdSqGUrnhxw
videoUrl:: https://videos-cloudfront.jwpsrv.com/69c7d1a5_802a9e92d4b34bb86f2b0df967bedfc2f04cd7d8/content/conversions/S41JwTap/videos/MX45uURN-25175562.mp4
imageUrl:: https://assets-jpcust.jwpsrv.com/thumbnails/c1p63373-1920.jpg
notFoundMediaUrls: [
  {
    id: '8qhz71hV',
    videoUrl: 'https://videos-cloudfront.jwpsrv.com/69c7d1a5_802a9e92d4b34bb86f2b0df967bedfc2f04cd7d8/content/conversions/S41JwTap/videos/MX45uURN-25175562.mp4'
  },
  {
    id: '8qhz71hV',
    imageUrl: 'https://assets-jpcust.jwpsrv.com/thumbnails/c1p63373-1920.jpg'
  }
]
Media found for: 4qVsOgpB  header:  video/mp4
Media found for: QQprmOGF  header:  video/mp4
Media found for: MKy7cnfc  header:  video/mp4
Media found for: 46stBLL6  header:  video/mp4
Media found for: BzqBG0to  header:  video/mp4
Media found for: axMHJSJh  header:  video/mp4
Media found for: Kjo1uADz  header:  video/mp4
Media found for: h1cpbkBO  header:  video/mp4
Media found for: g35Tsbbb  header:  video/mp4
Media found for: 1qzrjscI  header:  video/mp4
Media found for: PnTlY8Mx  header:  video/mp4
Media found for: 3XrrEYWH  header:  video/mp4
Media found for: jjTYxVN0  header:  video/mp4
Media found for: L4M1u8v5  header:  video/mp4
Media found for: USvOqGeN  header:  video/mp4
Media found for: 5I4Oi9i5  header:  video/mp4
Media NOT FOUND FOR ID: tdbm800I
url: https://cdn.jwplayer.com/v2/sites/S41JwTap/media/tdbm800I/playback.json?token=eyJhbGciOiJIUzI1NiIsInR5cCI6IkpXVCJ9.eyJyZXNvdXJjZSI6Ii92Mi9zaXRlcy9TNDFKd1RhcC9tZWRpYS90ZGJtODAwSS9wbGF5YmFjay5qc29uIiwiZXhwIjoxNzc0NjYzNTAwfQ.aOUT2ASuyGwT7W6HReWiHUmHEAGD1vYwiClPtLyqDzU
videoUrl:: https://videos-cloudfront.jwpsrv.com/69c7d248_0f1521be6416363a059bd4c00b68282ee1e84b91/content/conversions/S41JwTap/videos/UQG3Q9cI-25175562.mp4
imageUrl:: https://assets-jpcust.jwpsrv.com/thumbnails/duah43e4-1920.jpg
notFoundMediaUrls: [
  {
    id: 'tdbm800I',
    videoUrl: 'https://videos-cloudfront.jwpsrv.com/69c7d248_0f1521be6416363a059bd4c00b68282ee1e84b91/content/conversions/S41JwTap/videos/UQG3Q9cI-25175562.mp4'
  },
  {
    id: 'tdbm800I',
    imageUrl: 'https://assets-jpcust.jwpsrv.com/thumbnails/duah43e4-1920.jpg'
  }
]
Media found for: 7NfduUlZ  header:  video/mp4
Media found for: EidANST6  header:  video/mp4
Media found for: 299ewfbl  header:  video/mp4
Media found for: pAX6vCGI  header:  video/mp4
Media found for: L9DSbD06  header:  video/mp4
Media found for: im88CQ9I  header:  video/mp4
Media found for: pwp7snNU  header:  video/mp4
Media found for: IadrHfQH  header:  video/mp4
Media found for: gmKF0iWi  header:  video/mp4
Media found for: gw23GvsM  header:  video/mp4
Media found for: ZLFBDCY2  header:  video/mp4
Media found for: VmuShi0g  header:  video/mp4
Media found for: STe7QNfU  header:  video/mp4
Media found for: 0ma3NG88  header:  video/mp4
Media found for: Faw0W3tx  header:  video/mp4
Media found for: Tptsbzef  header:  video/mp4
Media found for: hYE2Y8tl  header:  video/mp4
Media found for: ZuJWJdxt  header:  video/mp4
Media found for: vMkkfquS  header:  video/mp4
Media found for: KwrpDjGF  header:  video/mp4
Media found for: oPquL62A  header:  video/mp4
Media found for: zwO9VEuV  header:  video/mp4
Media found for: TwnwoLTA  header:  video/mp4
Media found for: vHZB9DYT  header:  video/mp4
Media found for: 4vT430ku  header:  video/mp4
Media found for: 0YE8lqdD  header:  video/mp4
Media found for: fCUyuBx4  header:  video/mp4
Media found for: wYgLLrsO  header:  video/mp4
Media found for: 9jfIhc9U  header:  video/mp4
Media found for: z08hqk08  header:  video/mp4
Media found for: RWzSVgxI  header:  video/mp4
Media found for: JIuvqUgM  header:  video/mp4
Media found for: pgi4fgyo  header:  video/mp4
Media found for: 0K6wrgkq  header:  video/mp4
Media found for: DUxt0kFF  header:  video/mp4
Media found for: euHjWinC  header:  video/mp4
Media found for: 7dCfRNDb  header:  video/mp4
Media found for: cAHBfuz7  header:  video/mp4
Media found for: Z0U1Sv9p  header:  video/mp4
Media found for: 1MXvAlzK  header:  video/mp4
Media found for: ghp9GaY4  header:  video/mp4
Media found for: QygPlCx3  header:  video/mp4
Media found for: sxMnT8uM  header:  video/mp4
Media found for: y8FEGmbk  header:  video/mp4
Media found for: wo6id1f9  header:  video/mp4
Media found for: vLIC6hyv  header:  video/mp4
Media found for: sZAMLjBw  header:  video/mp4
Media found for: iojU99rK  header:  video/mp4
Media found for: zLTZF6aV  header:  video/mp4
Media found for: 3x6jciY7  header:  video/mp4
Media found for: TNNMhQmv  header:  video/mp4
Media found for: 9jlwTLHu  header:  video/mp4
Media found for: xognAzdO  header:  video/mp4
Media found for: c0sowJSN  header:  video/mp4
Media found for: emslYeV9  header:  video/mp4
Media found for: F9zULA7H  header:  video/mp4
Media found for: HToPpxC4  header:  video/mp4
Media found for: igYyhu26  header:  video/mp4
Media found for: sfsJTMye  header:  video/mp4
Media found for: u0LLtdem  header:  video/mp4
Media found for: yLeuWgsz  header:  video/mp4
Media found for: EnAGIlN6  header:  video/mp4
Media found for: BW9F3s42  header:  video/mp4
Media found for: mSxgPsKe  header:  video/mp4
Media found for: oCRQw4MU  header:  video/mp4
Media found for: iz16flQ9  header:  video/mp4
Media found for: GPnCLgds  header:  video/mp4
Media found for: dHaWQ6YL  header:  video/mp4
Media found for: ieRAgf2R  header:  video/mp4
Media found for: bdahBfkk  header:  video/mp4
Media found for: l4dKUYxI  header:  video/mp4
Media found for: oQvenqhj  header:  video/mp4
Media found for: HxOtE750  header:  video/mp4
Media found for: xK5erkJI  header:  video/mp4
Media found for: EdhRTsEY  header:  video/mp4
Media found for: KvPS4BJb  header:  video/mp4
Media found for: ixGyzPHC  header:  video/mp4
Media found for: 0nzR7KZg  header:  video/mp4
Media found for: auXFU3fE  header:  video/mp4
Media found for: qfdtYkuf  header:  video/mp4
Media found for: 0YofsB83  header:  video/mp4
Media found for: D4KfbwcV  header:  video/mp4
Media found for: RQ4qW5zz  header:  video/mp4
Media found for: Uz4pHnRa  header:  video/mp4
Media found for: nwx7IknS  header:  video/mp4
Media found for: imphGZjw  header:  video/mp4
Media found for: A7TWNvxx  header:  video/mp4
Media found for: AZ4YlpO4  header:  video/mp4
Media found for: EQwIbOJH  header:  video/mp4
Media found for: 8q9xSEMa  header:  video/mp4
Media found for: dPl0dSIy  header:  video/mp4
Media found for: ot0F81nl  header:  video/mp4
Media found for: VF6QEaqv  header:  video/mp4
Media found for: Y77qEk75  header:  video/mp4
Media found for: NFCRmEEN  header:  video/mp4
Media found for: 9TT2gUdr  header:  video/mp4
Media found for: SFGImVTO  header:  video/mp4
Media found for: qKbDmmYU  header:  video/mp4
Media found for: B3b7OjaB  header:  video/mp4
Media found for: QPx2lKnV  header:  video/mp4
Media found for: ASRvCd90  header:  video/mp4
Media found for: AXqH4VaQ  header:  video/mp4
Media found for: Ij8UKa3l  header:  video/mp4
Media found for: H0pveRpt  header:  video/mp4
Media found for: VURb0j8L  header:  video/mp4
Media found for: ufkUxQhX  header:  video/mp4
Media found for: XyFJ4JEd  header:  video/mp4
Media found for: i6pNeIaY  header:  video/mp4
Media found for: xmaKuHur  header:  video/mp4
Media found for: HU9TYvrO  header:  video/mp4
Media found for: mxcdCB8s  header:  video/mp4
Media found for: HZb5OLRG  header:  video/mp4
Media found for: 55jCkVPI  header:  video/mp4
Media found for: Z0KSA3Lw  header:  video/mp4
Media found for: Am9a8Zr2  header:  video/mp4
Media found for: z7j1icJj  header:  video/mp4
Media found for: 1lYy6JAc  header:  video/mp4
Media found for: dC1AjjXO  header:  video/mp4
Media found for: Syy5hLJv  header:  video/mp4
Media found for: z8u7Dagk  header:  video/mp4
Media found for: YMVCZGGM  header:  video/mp4
Media found for: Hy0FTTsi  header:  video/mp4
Media found for: cUYTuU4y  header:  video/mp4
Media found for: YnhNsgPR  header:  video/mp4
Media found for: 7qIO66Ek  header:  video/mp4
Media found for: yYRyxAcr  header:  video/mp4
Media found for: TyLPUmMO  header:  video/mp4
Media found for: isIxGhKJ  header:  video/mp4
Media found for: WIfFN73q  header:  video/mp4
Media found for: h00IL6tg  header:  video/mp4
Media found for: SAgSA7nF  header:  video/mp4
Media found for: 4VuYjR9Z  header:  video/mp4
Media found for: 8m1XzO34  header:  video/mp4
Media found for: rj9HQMZ4  header:  video/mp4
Media found for: ztnztNWj  header:  video/mp4
Media found for: oUzG9ti5  header:  video/mp4
Media found for: nzpYf5W1  header:  video/mp4
Media found for: mSidKwxa  header:  video/mp4
Media found for: kKhU7uz9  header:  video/mp4
Media found for: vqNlptnO  header:  video/mp4
Media found for: Q36lxoZJ  header:  video/mp4
Media found for: HvnRHvGJ  header:  video/mp4
Media found for: ssl6lgjz  header:  video/mp4
Media found for: 8taSNtT2  header:  video/mp4
Media found for: rCAlgKCK  header:  video/mp4
Media found for: ODTNNhXX  header:  video/mp4
Media found for: VYrxdfjK  header:  video/mp4
Media found for: 2YOaNRwd  header:  video/mp4
Media found for: LN1jyauJ  header:  video/mp4
Media NOT FOUND FOR ID: h4V84q6o
url: https://cdn.jwplayer.com/v2/sites/S41JwTap/media/h4V84q6o/playback.json?token=eyJhbGciOiJIUzI1NiIsInR5cCI6IkpXVCJ9.eyJyZXNvdXJjZSI6Ii92Mi9zaXRlcy9TNDFKd1RhcC9tZWRpYS9oNFY4NHE2by9wbGF5YmFjay5qc29uIiwiZXhwIjoxNzc0NjYzODAwfQ.KAywW_J7oHUhYLtqE9DysrJZBvqJGkJshMV4NAikIoY
videoUrl:: https://videos-cloudfront.jwpsrv.com/69c7d2dc_b1152a3ce1e2a06a50e90ffcd5a114931c2acb44/content/conversions/S41JwTap/videos/8ipPj7pS-25175562.mp4
imageUrl:: https://assets-jpcust.jwpsrv.com/thumbnails/yi7dv33a-1920.jpg
notFoundMediaUrls: [
  {
    id: 'h4V84q6o',
    videoUrl: 'https://videos-cloudfront.jwpsrv.com/69c7d2dc_b1152a3ce1e2a06a50e90ffcd5a114931c2acb44/content/conversions/S41JwTap/videos/8ipPj7pS-25175562.mp4'
  },
  {
    id: 'h4V84q6o',
    imageUrl: 'https://assets-jpcust.jwpsrv.com/thumbnails/yi7dv33a-1920.jpg'
  }
]
Media found for: WH69aR5P  header:  video/mp4
Media found for: vtaaVbz5  header:  video/mp4
Media found for: RLWI94OO  header:  video/mp4
Media found for: WXmYZgBt  header:  video/mp4
Media found for: mAueRZH8  header:  video/mp4
Media found for: nXc7ibgk  header:  video/mp4
Media found for: 2bwTsTVC  header:  video/mp4
Media found for: Tqj8ezBg  header:  video/mp4
Media found for: oNl1RSgr  header:  video/mp4
Media found for: XEYw9Dlp  header:  video/mp4
Media found for: vwe5TOlq  header:  video/mp4
Media found for: J9MeNv0R  header:  video/mp4
Media found for: bFdgAtYn  header:  video/mp4
Media found for: RwFuePTN  header:  video/mp4
Media found for: qWQIusQr  header:  video/mp4
Media NOT FOUND FOR ID: AgEu95ti
url: https://cdn.jwplayer.com/v2/sites/S41JwTap/media/AgEu95ti/playback.json?token=eyJhbGciOiJIUzI1NiIsInR5cCI6IkpXVCJ9.eyJyZXNvdXJjZSI6Ii92Mi9zaXRlcy9TNDFKd1RhcC9tZWRpYS9BZ0V1OTV0aS9wbGF5YmFjay5qc29uIiwiZXhwIjoxNzc0NjYzODAwfQ.no9lgKB45oM5CPDSZ1poEshKWxE1Ooq0_S9lHdkkQtc
videoUrl:: https://videos-cloudfront.jwpsrv.com/69c7d369_9fbd62cdff59db03a2cc6079d3c89c5df4b6b466/content/conversions/S41JwTap/videos/6W68NJj9-25175562.mp4
imageUrl:: https://assets-jpcust.jwpsrv.com/thumbnails/9truf6mz-1920.jpg
notFoundMediaUrls: [
  {
    id: 'AgEu95ti',
    videoUrl: 'https://videos-cloudfront.jwpsrv.com/69c7d369_9fbd62cdff59db03a2cc6079d3c89c5df4b6b466/content/conversions/S41JwTap/videos/6W68NJj9-25175562.mp4'
  },
  {
    id: 'AgEu95ti',
    imageUrl: 'https://assets-jpcust.jwpsrv.com/thumbnails/9truf6mz-1920.jpg'
  }
]
Media found for: YR0q1wmT  header:  video/mp4
Media found for: r4ppfoG0  header:  video/mp4
Media NOT FOUND FOR ID: WZb90PJD
url: https://cdn.jwplayer.com/v2/sites/S41JwTap/media/WZb90PJD/playback.json?token=eyJhbGciOiJIUzI1NiIsInR5cCI6IkpXVCJ9.eyJyZXNvdXJjZSI6Ii92Mi9zaXRlcy9TNDFKd1RhcC9tZWRpYS9XWmI5MFBKRC9wbGF5YmFjay5qc29uIiwiZXhwIjoxNzc0NjYzODAwfQ.CZ0B58541kVJv7474X5B69AVA7Rq2vuOg1tI2nb5hP4
videoUrl:: https://videos-cloudfront.jwpsrv.com/69c7d2ab_48e3d14204b7ddcb55f59c99ba892019179a07ad/content/conversions/S41JwTap/videos/3ZUPMZ1Y-25175562.mp4
imageUrl:: https://assets-jpcust.jwpsrv.com/thumbnails/g2ndx5ql-1920.jpg
notFoundMediaUrls: [
  {
    id: 'WZb90PJD',
    videoUrl: 'https://videos-cloudfront.jwpsrv.com/69c7d2ab_48e3d14204b7ddcb55f59c99ba892019179a07ad/content/conversions/S41JwTap/videos/3ZUPMZ1Y-25175562.mp4'
  },
  {
    id: 'WZb90PJD',
    imageUrl: 'https://assets-jpcust.jwpsrv.com/thumbnails/g2ndx5ql-1920.jpg'
  }
]
Media found for: tWMnXe0p  header:  video/mp4
Media found for: uEXo65o3  header:  video/mp4
Media found for: 78Hw4hBi  header:  video/mp4
Media found for: P9J5d0yk  header:  video/mp4
Media found for: YDOAxpYq  header:  video/mp4
Media found for: sO64b4dN  header:  video/mp4
Media found for: GNRmi68l  header:  video/mp4
Media found for: Qpcb2Oiv  header:  video/mp4
Media found for: T0yUJGm5  header:  video/mp4
Media found for: EnpU3g8u  header:  video/mp4
Media found for: dp5MMA8r  header:  video/mp4
Media found for: B91OEaSe  header:  video/mp4
Media found for: WptdPyth  header:  video/mp4
Media found for: z5blPzw5  header:  video/mp4
Media found for: G356Eg8n  header:  video/mp4
Media found for: jrxI9PjI  header:  video/mp4
Media found for: ekTuNVZB  header:  video/mp4
Media found for: amG3YL8i  header:  video/mp4
Media found for: 8lxZVl8H  header:  video/mp4
Media found for: FCc7OmcZ  header:  video/mp4
Media found for: 0SMtayXk  header:  video/mp4
Media found for: QIqCB74f  header:  video/mp4
Media found for: rEte0nUi  header:  video/mp4
Media found for: StUr6i6f  header:  video/mp4
Media found for: Hwm2Ntw5  header:  video/mp4
Media found for: WyxhNrjU  header:  video/mp4
Media NOT FOUND FOR ID: fMPeT0nJ
url: https://cdn.jwplayer.com/v2/sites/S41JwTap/media/fMPeT0nJ/playback.json?token=eyJhbGciOiJIUzI1NiIsInR5cCI6IkpXVCJ9.eyJyZXNvdXJjZSI6Ii92Mi9zaXRlcy9TNDFKd1RhcC9tZWRpYS9mTVBlVDBuSi9wbGF5YmFjay5qc29uIiwiZXhwIjoxNzc0NjYzODAwfQ.oR667FEphNZrWh8BreZck9QhsybG965AfbvP7_D50Yg
videoUrl:: https://videos-cloudfront.jwpsrv.com/69c7d3b6_3f26f81c55dbdbf5d86f8db5dca7027ee6c2e97d/content/conversions/S41JwTap/videos/XZZNKB8U-25175562.mp4
imageUrl:: https://assets-jpcust.jwpsrv.com/thumbnails/3ot0ox85-1920.jpg
notFoundMediaUrls: [
  {
    id: 'fMPeT0nJ',
    videoUrl: 'https://videos-cloudfront.jwpsrv.com/69c7d3b6_3f26f81c55dbdbf5d86f8db5dca7027ee6c2e97d/content/conversions/S41JwTap/videos/XZZNKB8U-25175562.mp4'
  },
  {
    id: 'fMPeT0nJ',
    imageUrl: 'https://assets-jpcust.jwpsrv.com/thumbnails/3ot0ox85-1920.jpg'
  }
]
Media found for: fqu9zpEx  header:  video/mp4
Media found for: p1ZG4m79  header:  video/mp4
Media found for: ZiVRZNyf  header:  video/mp4
Media found for: xntX89Jr  header:  video/mp4
Media found for: M5t4Z8xd  header:  video/mp4
Media found for: vajJPY7S  header:  video/mp4
Media found for: 1HBhVP2d  header:  video/mp4
Media found for: vIwiFw9Q  header:  video/mp4
Media NOT FOUND FOR ID: KoeuIGQu
url: https://cdn.jwplayer.com/v2/sites/S41JwTap/media/KoeuIGQu/playback.json?token=eyJhbGciOiJIUzI1NiIsInR5cCI6IkpXVCJ9.eyJyZXNvdXJjZSI6Ii92Mi9zaXRlcy9TNDFKd1RhcC9tZWRpYS9Lb2V1SUdRdS9wbGF5YmFjay5qc29uIiwiZXhwIjoxNzc0NjYzODAwfQ.L0hmArKGvsFh7H75aSdGGMUx-TCTU_xXCkUeGxRV8-8
videoUrl:: https://videos-cloudfront.jwpsrv.com/69c7d379_3d7ba000e14f204954544ac163a6591cb988e1fc/content/conversions/S41JwTap/videos/Op1Ih7DQ-25175562.mp4
imageUrl:: https://assets-jpcust.jwpsrv.com/thumbnails/gqdizn7f-1920.jpg
notFoundMediaUrls: [
  {
    id: 'KoeuIGQu',
    videoUrl: 'https://videos-cloudfront.jwpsrv.com/69c7d379_3d7ba000e14f204954544ac163a6591cb988e1fc/content/conversions/S41JwTap/videos/Op1Ih7DQ-25175562.mp4'
  },
  {
    id: 'KoeuIGQu',
    imageUrl: 'https://assets-jpcust.jwpsrv.com/thumbnails/gqdizn7f-1920.jpg'
  }
]
Media found for: pKmV5cao  header:  video/mp4
Media found for: kRMmPzCG  header:  video/mp4
Media found for: VANx0KZH  header:  video/mp4
Media found for: 7zxcA4Lw  header:  video/mp4
Media found for: Vm0B0I4F  header:  video/mp4
Media found for: StX6puck  header:  video/mp4
Media found for: 745TDcTY  header:  video/mp4
Media found for: 0ENXfXGt  header:  video/mp4
Media found for: tfIgGJks  header:  video/mp4
Media found for: VjX5yVJv  header:  video/mp4
Media found for: d4XH3xh0  header:  video/mp4
Media found for: Zwnhsgb0  header:  video/mp4
Media found for: c7atu3eU  header:  video/mp4
Media found for: 9UfHifEK  header:  video/mp4
Media found for: eMYi9C2a  header:  video/mp4
Media found for: KyWAG77S  header:  video/mp4
Media found for: CLs21BfE  header:  video/mp4
Media found for: pPuvIppV  header:  video/mp4
Media found for: Y2O2FIru  header:  video/mp4
Media NOT FOUND FOR ID: dAIuKu0z
url: https://cdn.jwplayer.com/v2/sites/S41JwTap/media/dAIuKu0z/playback.json?token=eyJhbGciOiJIUzI1NiIsInR5cCI6IkpXVCJ9.eyJyZXNvdXJjZSI6Ii92Mi9zaXRlcy9TNDFKd1RhcC9tZWRpYS9kQUl1S3Uwei9wbGF5YmFjay5qc29uIiwiZXhwIjoxNzc0NjYzODAwfQ.7LiDb1bBSvwmKiDWB1eoveHcjQzuYjl1_3nGSxN1vKY
videoUrl:: https://videos-cloudfront.jwpsrv.com/69c7d333_785d1d9ccb5f1b950fd4b9fa66ab19e2faee1d8c/content/conversions/S41JwTap/videos/ZLm5U9yU-25175562.mp4
imageUrl:: https://assets-jpcust.jwpsrv.com/thumbnails/njlsab49-1920.jpg
notFoundMediaUrls: [
  {
    id: 'dAIuKu0z',
    videoUrl: 'https://videos-cloudfront.jwpsrv.com/69c7d333_785d1d9ccb5f1b950fd4b9fa66ab19e2faee1d8c/content/conversions/S41JwTap/videos/ZLm5U9yU-25175562.mp4'
  },
  {
    id: 'dAIuKu0z',
    imageUrl: 'https://assets-jpcust.jwpsrv.com/thumbnails/njlsab49-1920.jpg'
  }
]
Media NOT FOUND FOR ID: yvHwKTpC
url: https://cdn.jwplayer.com/v2/sites/S41JwTap/media/yvHwKTpC/playback.json?token=eyJhbGciOiJIUzI1NiIsInR5cCI6IkpXVCJ9.eyJyZXNvdXJjZSI6Ii92Mi9zaXRlcy9TNDFKd1RhcC9tZWRpYS95dkh3S1RwQy9wbGF5YmFjay5qc29uIiwiZXhwIjoxNzc0NjYzODAwfQ.MrsAte_dBpxPyYVYWE2BGcE2nzKwfqbNto5fF1G52G8
videoUrl:: https://videos-cloudfront.jwpsrv.com/69c7d306_9272a13f675bf2abfdd86d55dc7a5e13de050b3e/content/conversions/S41JwTap/videos/zzgYnOa0-25175562.mp4
imageUrl:: https://assets-jpcust.jwpsrv.com/thumbnails/7fmu1o58-1920.jpg
notFoundMediaUrls: [
  {
    id: 'yvHwKTpC',
    videoUrl: 'https://videos-cloudfront.jwpsrv.com/69c7d306_9272a13f675bf2abfdd86d55dc7a5e13de050b3e/content/conversions/S41JwTap/videos/zzgYnOa0-25175562.mp4'
  },
  {
    id: 'yvHwKTpC',
    imageUrl: 'https://assets-jpcust.jwpsrv.com/thumbnails/7fmu1o58-1920.jpg'
  }
]
Media found for: 0bpQ6cOi  header:  video/mp4
Media found for: aCSd2mg7  header:  video/mp4
Media found for: Odikue8Z  header:  video/mp4
Media found for: 39ORmlps  header:  video/mp4
Media found for: MAtgPedg  header:  video/mp4
Media NOT FOUND FOR ID: W38zjn6e
url: https://cdn.jwplayer.com/v2/sites/S41JwTap/media/W38zjn6e/playback.json?token=eyJhbGciOiJIUzI1NiIsInR5cCI6IkpXVCJ9.eyJyZXNvdXJjZSI6Ii92Mi9zaXRlcy9TNDFKd1RhcC9tZWRpYS9XMzh6am42ZS9wbGF5YmFjay5qc29uIiwiZXhwIjoxNzc0NjYzODAwfQ.61hrICz20OhQ_f2Af9c2Dg_xuMnSjopx4upGEpeSaVM
videoUrl:: https://videos-cloudfront.jwpsrv.com/69c7d40d_90d6b344dc6d175dacf5cb0e05fefbbad5f177e0/content/conversions/S41JwTap/videos/iIMvsUNw-25175562.mp4
imageUrl:: https://assets-jpcust.jwpsrv.com/thumbnails/45dugr1l-1920.jpg
notFoundMediaUrls: [
  {
    id: 'W38zjn6e',
    videoUrl: 'https://videos-cloudfront.jwpsrv.com/69c7d40d_90d6b344dc6d175dacf5cb0e05fefbbad5f177e0/content/conversions/S41JwTap/videos/iIMvsUNw-25175562.mp4'
  },
  {
    id: 'W38zjn6e',
    imageUrl: 'https://assets-jpcust.jwpsrv.com/thumbnails/45dugr1l-1920.jpg'
  }
]
Media found for: lnFPZ4bI  header:  video/mp4
Media found for: fXRIJJSN  header:  video/mp4
Media found for: KICwZwMC  header:  video/mp4
Media found for: r2zNQWHt  header:  video/mp4
Media found for: tEgpBCDp  header:  video/mp4
Media found for: rZaEVypA  header:  video/mp4
Media found for: xrbNxV2D  header:  video/mp4
Media found for: hV3OEp68  header:  video/mp4
Media found for: LFtayOsR  header:  video/mp4
Media found for: Aczgz3S2  header:  video/mp4
Media found for: VSm1xRlj  header:  video/mp4
Media found for: aSfLYVBZ  header:  video/mp4
Media found for: OMv3KJtG  header:  video/mp4
Media found for: VSe8TZXa  header:  video/mp4
Media found for: Hi5TsJ5N  header:  video/mp4
Media found for: nwE73A6g  header:  video/mp4
Media found for: nXFhbSMj  header:  video/mp4
Media found for: MFKN9Pv2  header:  video/mp4
Media found for: 6AHVj4gF  header:  video/mp4
Media found for: yKn8a5yY  header:  video/mp4
Media found for: ZNPBoBI6  header:  video/mp4
Media found for: 30x376Ql  header:  video/mp4
Media found for: 8w0oMhr3  header:  video/mp4
Media found for: QCGT9wvX  header:  video/mp4
Media found for: yrZqVEtB  header:  video/mp4
Media found for: hgS0PtHe  header:  video/mp4
Media found for: gEhvHlki  header:  video/mp4
Media found for: sAvm3NX8  header:  video/mp4
Media found for: 0a1ZtU4r  header:  video/mp4
Media found for: wGE2yyry  header:  video/mp4
Media found for: 0c6t57GW  header:  video/mp4
Media found for: R1Bs8JwT  header:  video/mp4
Media found for: 7mltj9dD  header:  video/mp4
Media found for: DZSX7LDo  header:  video/mp4
Media found for: RFb6h5dl  header:  video/mp4
Media found for: IVSX8dJy  header:  video/mp4
Media found for: HIdfu78C  header:  video/mp4
Media found for: jvRB1ztJ  header:  video/mp4
Media found for: wcYnWSiQ  header:  video/mp4
Media found for: Ub2R6GbE  header:  video/mp4
Media found for: ju6zOeE3  header:  video/mp4
Media found for: BSNqeRr9  header:  video/mp4
Media found for: n8j3UB3h  header:  video/mp4
Media found for: jglQMCM4  header:  video/mp4
Media found for: q404h0Xw  header:  video/mp4
Media found for: 7zfuIPOs  header:  video/mp4
Media found for: AugaPxMf  header:  video/mp4
Media found for: r9x7ApWv  header:  video/mp4
Media found for: zbvHSgdx  header:  video/mp4
Media found for: B4Fmfgaa  header:  video/mp4
Media found for: FpjlZGTQ  header:  video/mp4
Media found for: aYupSFZs  header:  video/mp4
Media found for: EpFFBJsc  header:  video/mp4
Media found for: vA0SqQVe  header:  video/mp4
Media found for: dsGePwL2  header:  video/mp4
Media found for: XjnYrA0e  header:  video/mp4
Media found for: 57XJjc58  header:  video/mp4
Media found for: 0wJa6HP5  header:  video/mp4
Media found for: rFADGQMl  header:  video/mp4
Media found for: T3YHVSxo  header:  video/mp4
Media found for: b5sRXzGK  header:  video/mp4
Media found for: TpjWfry7  header:  video/mp4
Media found for: fx4eJ25k  header:  video/mp4
Media found for: aXc3xOzy  header:  video/mp4
Media found for: j9joToVy  header:  video/mp4
Media found for: iM4NLveQ  header:  video/mp4
Media found for: bbbf9w3W  header:  video/mp4
Media found for: mIloIOrZ  header:  video/mp4
Media found for: 7ZLQesa9  header:  video/mp4
Media found for: CKGgBDN3  header:  video/mp4
Media found for: pevzr0K3  header:  video/mp4
Media found for: uVka0Hnd  header:  video/mp4
Media found for: KvhOETlh  header:  video/mp4
Media found for: pFVRdzCK  header:  video/mp4
Media found for: csjNc3Nk  header:  video/mp4
Media found for: 6ISU5q6m  header:  video/mp4
Media found for: CirB1EMW  header:  video/mp4
Media found for: 7quVfyFJ  header:  video/mp4
Media found for: dJuUcLzX  header:  video/mp4
Media found for: mqhtI4EJ  header:  video/mp4
Media found for: VvpJmvc2  header:  video/mp4
Media found for: RIxK6QKI  header:  video/mp4
Media found for: sky6ERIy  header:  video/mp4
Media found for: qxSbOpJX  header:  video/mp4
Media found for: ez3wp4BT  header:  video/mp4
Media found for: vLyaVjF8  header:  video/mp4
Media found for: IWCzjaL9  header:  video/mp4
Media found for: kaYXrRTi  header:  video/mp4
Media found for: iorkrr9H  header:  video/mp4
Media found for: sN2K6VuP  header:  video/mp4
Media found for: F7O6fKUN  header:  video/mp4
Media found for: 9MmL2fY4  header:  video/mp4
Media found for: rOmfef2O  header:  video/mp4
Media found for: 0MxrLy0z  header:  video/mp4
Media found for: 3o9qOchv  header:  video/mp4
Media found for: wvEAiKpp  header:  video/mp4
Media found for: nl5PUrgH  header:  video/mp4
Media found for: 2XJr9ERF  header:  video/mp4
Media found for: omtZyDj6  header:  video/mp4
Media found for: ZyiymB9d  header:  video/mp4
Media found for: OU0nVNbY  header:  video/mp4
Media found for: fKOcL2ri  header:  video/mp4
Media found for: Gnr8N54m  header:  video/mp4
Media found for: khxv5KuU  header:  video/mp4
Media found for: tJRYFlXQ  header:  video/mp4
Media found for: dgVwoEcS  header:  video/mp4
Media found for: mXW9yLF5  header:  video/mp4
Media found for: 2pE7BZOU  header:  video/mp4
Media found for: 3F2xu4kp  header:  video/mp4
Media found for: hiXL5NfO  header:  video/mp4
Media found for: 53VFNWOJ  header:  video/mp4
Media found for: 7HZqkEiT  header:  video/mp4
Media found for: pehziwMl  header:  video/mp4
Media found for: 3lLwAb6T  header:  video/mp4
Media found for: oAD87RB7  header:  video/mp4
Media found for: MTl9wpvx  header:  video/mp4
Media found for: PwjXKt28  header:  video/mp4
Media found for: dD4e8FSd  header:  video/mp4
Media found for: emZFHBu9  header:  video/mp4
Media found for: Wt2jx1Yq  header:  video/mp4
Media found for: 6myXgX91  header:  video/mp4
Media found for: IPdijqjN  header:  video/mp4
Media found for: SmS84v5S  header:  video/mp4
Media found for: OuqurNML  header:  video/mp4
Media found for: BIrCbw6I  header:  video/mp4
Media found for: UctdwNBr  header:  video/mp4
Media NOT FOUND FOR ID: nU4V0KvR
url: https://cdn.jwplayer.com/v2/sites/S41JwTap/media/nU4V0KvR/playback.json?token=eyJhbGciOiJIUzI1NiIsInR5cCI6IkpXVCJ9.eyJyZXNvdXJjZSI6Ii92Mi9zaXRlcy9TNDFKd1RhcC9tZWRpYS9uVTRWMEt2Ui9wbGF5YmFjay5qc29uIiwiZXhwIjoxNzc0NjY0MTAwfQ.zC66d47KgX8BP6CwR2ue7rAahrzhZjNvlIoBrSaR7_A
videoUrl:: https://videos-cloudfront.jwpsrv.com/69c7d4b0_aa6fb43cf1430e93231a549cc6c20d7871127897/content/conversions/S41JwTap/videos/iL5BoRBS-25175562.mp4
imageUrl:: https://assets-jpcust.jwpsrv.com/thumbnails/6yl7mvo0-1920.jpg
notFoundMediaUrls: [
  {
    id: 'nU4V0KvR',
    videoUrl: 'https://videos-cloudfront.jwpsrv.com/69c7d4b0_aa6fb43cf1430e93231a549cc6c20d7871127897/content/conversions/S41JwTap/videos/iL5BoRBS-25175562.mp4'
  },
  {
    id: 'nU4V0KvR',
    imageUrl: 'https://assets-jpcust.jwpsrv.com/thumbnails/6yl7mvo0-1920.jpg'
  }
]
Media found for: DFe22lBA  header:  video/mp4
Media NOT FOUND FOR ID: tWGwxZ5h
url: https://cdn.jwplayer.com/v2/sites/S41JwTap/media/tWGwxZ5h/playback.json?token=eyJhbGciOiJIUzI1NiIsInR5cCI6IkpXVCJ9.eyJyZXNvdXJjZSI6Ii92Mi9zaXRlcy9TNDFKd1RhcC9tZWRpYS90V0d3eFo1aC9wbGF5YmFjay5qc29uIiwiZXhwIjoxNzc0NjY0MTAwfQ.5ugvUE7kVPHhM65Vodd4mqohEWaF6YO4tpZVIYIfmdc
videoUrl:: https://videos-cloudfront.jwpsrv.com/69c7d4a8_15512d54c09123592fd44e35663f36563544dcd3/content/conversions/S41JwTap/videos/Nv7iDCWB-25175562.mp4
imageUrl:: https://assets-jpcust.jwpsrv.com/thumbnails/wokzqp6m-1920.jpg
notFoundMediaUrls: [
  {
    id: 'tWGwxZ5h',
    videoUrl: 'https://videos-cloudfront.jwpsrv.com/69c7d4a8_15512d54c09123592fd44e35663f36563544dcd3/content/conversions/S41JwTap/videos/Nv7iDCWB-25175562.mp4'
  },
  {
    id: 'tWGwxZ5h',
    imageUrl: 'https://assets-jpcust.jwpsrv.com/thumbnails/wokzqp6m-1920.jpg'
  }
]
Media found for: EIq9kdPD  header:  video/mp4
Media found for: wv2vhPQt  header:  video/mp4
Media found for: PSXUjnrT  header:  video/mp4
Media found for: qG8mokNp  header:  video/mp4
Media found for: cM3h1q1Z  header:  video/mp4
Media found for: 1AFlbcnR  header:  video/mp4
Media found for: 0jGoxcKV  header:  video/mp4
Media found for: 7dRHa1nZ  header:  video/mp4
Media found for: Dp3gyMoQ  header:  video/mp4
Media found for: ktEj9J8k  header:  video/mp4
Media found for: MuYyVtHS  header:  video/mp4
Media found for: ycfshQ83  header:  video/mp4
Media found for: mCWdtEPn  header:  video/mp4
Media NOT FOUND FOR ID: f2rZb5Ny
url: https://cdn.jwplayer.com/v2/sites/S41JwTap/media/f2rZb5Ny/playback.json?token=eyJhbGciOiJIUzI1NiIsInR5cCI6IkpXVCJ9.eyJyZXNvdXJjZSI6Ii92Mi9zaXRlcy9TNDFKd1RhcC9tZWRpYS9mMnJaYjVOeS9wbGF5YmFjay5qc29uIiwiZXhwIjoxNzc0NjY0MTAwfQ.0aN8y1ZgQMzf8HdrilKMKYswlhHvNNtEQgTxnbdfsCU
videoUrl:: https://videos-cloudfront.jwpsrv.com/69c7d4e1_a3ee7ec8dd8296ed3898d191692840fa988606c6/content/conversions/S41JwTap/videos/jAMShicC-25175562.mp4
imageUrl:: https://assets-jpcust.jwpsrv.com/thumbnails/9r77xjvq-1920.jpg
notFoundMediaUrls: [
  {
    id: 'f2rZb5Ny',
    videoUrl: 'https://videos-cloudfront.jwpsrv.com/69c7d4e1_a3ee7ec8dd8296ed3898d191692840fa988606c6/content/conversions/S41JwTap/videos/jAMShicC-25175562.mp4'
  },
  {
    id: 'f2rZb5Ny',
    imageUrl: 'https://assets-jpcust.jwpsrv.com/thumbnails/9r77xjvq-1920.jpg'
  }
]
Media found for: nysjP92b  header:  video/mp4
Media found for: huikC9TJ  header:  video/mp4
Media found for: l92WwB1x  header:  video/mp4
Media found for: uEMFsRJi  header:  video/mp4
Media found for: Kljg7YBf  header:  video/mp4
Media found for: vethucNW  header:  video/mp4
Media found for: cAV4DroN  header:  video/mp4
Media found for: gZ0WRky4  header:  video/mp4
Media found for: N9Lwsx6D  header:  video/mp4
Media found for: I3ZGXBAa  header:  video/mp4
Media found for: MjpO6rFH  header:  video/mp4
Media found for: 0qx7MEuD  header:  video/mp4
Media found for: j1y4kBYV  header:  video/mp4
Media found for: 1yq1lnxQ  header:  video/mp4
Media NOT FOUND FOR ID: SHC0pWIn
url: https://cdn.jwplayer.com/v2/sites/S41JwTap/media/SHC0pWIn/playback.json?token=eyJhbGciOiJIUzI1NiIsInR5cCI6IkpXVCJ9.eyJyZXNvdXJjZSI6Ii92Mi9zaXRlcy9TNDFKd1RhcC9tZWRpYS9TSEMwcFdJbi9wbGF5YmFjay5qc29uIiwiZXhwIjoxNzc0NjY0MTAwfQ.shkMxjcF2WcTyz_rKh7ELMn9AhiijhAb9SEwkw5jP1U
videoUrl:: https://videos-cloudfront.jwpsrv.com/69c7d50c_7f8ba98d3696512d12a72dcc5c5e834fbcb49cf1/content/conversions/S41JwTap/videos/HQtffI5g-25175562.mp4
imageUrl:: https://assets-jpcust.jwpsrv.com/thumbnails/89yj87bz-1920.jpg
notFoundMediaUrls: [
  {
    id: 'SHC0pWIn',
    videoUrl: 'https://videos-cloudfront.jwpsrv.com/69c7d50c_7f8ba98d3696512d12a72dcc5c5e834fbcb49cf1/content/conversions/S41JwTap/videos/HQtffI5g-25175562.mp4'
  },
  {
    id: 'SHC0pWIn',
    imageUrl: 'https://assets-jpcust.jwpsrv.com/thumbnails/89yj87bz-1920.jpg'
  }
]
Media found for: BOr1zmy0  header:  video/mp4
Media found for: BVpOd58p  header:  video/mp4
Media found for: DiYXprHl  header:  video/mp4
Media found for: zX3VYimQ  header:  video/mp4
Media NOT FOUND FOR ID: FIAKYs0x
url: https://cdn.jwplayer.com/v2/sites/S41JwTap/media/FIAKYs0x/playback.json?token=eyJhbGciOiJIUzI1NiIsInR5cCI6IkpXVCJ9.eyJyZXNvdXJjZSI6Ii92Mi9zaXRlcy9TNDFKd1RhcC9tZWRpYS9GSUFLWXMweC9wbGF5YmFjay5qc29uIiwiZXhwIjoxNzc0NjY0MTAwfQ.evmAvNC24QacsIZ9VaOHp797wPGJoqUeXtpuGJOco6U
videoUrl:: https://videos-cloudfront.jwpsrv.com/69c7d441_58d5f76b00a922f0f12260f7b74e167130b5799e/content/conversions/S41JwTap/videos/n013K798-25175562.mp4
imageUrl:: https://assets-jpcust.jwpsrv.com/thumbnails/fcdc4jwl-1920.jpg
notFoundMediaUrls: [
  {
    id: 'FIAKYs0x',
    videoUrl: 'https://videos-cloudfront.jwpsrv.com/69c7d441_58d5f76b00a922f0f12260f7b74e167130b5799e/content/conversions/S41JwTap/videos/n013K798-25175562.mp4'
  },
  {
    id: 'FIAKYs0x',
    imageUrl: 'https://assets-jpcust.jwpsrv.com/thumbnails/fcdc4jwl-1920.jpg'
  }
]
Media found for: VkxQ6R6r  header:  video/mp4
Media found for: dCVPpAj6  header:  video/mp4
Media found for: VwP10w94  header:  video/mp4
Media found for: yyKVzmHu  header:  video/mp4
Media found for: xccZS6hV  header:  video/mp4
Media found for: ggwuIu7K  header:  video/mp4
Media found for: 8xqR39zq  header:  video/mp4
Media found for: 9UtDWuFj  header:  video/mp4
Media found for: KbV9AYQX  header:  video/mp4
Media found for: csHUowFe  header:  video/mp4
Media found for: 7ddVY5sb  header:  video/mp4
Media found for: e6nZSp9L  header:  video/mp4
Media found for: D33ljVFh  header:  video/mp4
Media found for: fSTwhWO9  header:  video/mp4
Media NOT FOUND FOR ID: l0JrLAQh
url: https://cdn.jwplayer.com/v2/sites/S41JwTap/media/l0JrLAQh/playback.json?token=eyJhbGciOiJIUzI1NiIsInR5cCI6IkpXVCJ9.eyJyZXNvdXJjZSI6Ii92Mi9zaXRlcy9TNDFKd1RhcC9tZWRpYS9sMEpyTEFRaC9wbGF5YmFjay5qc29uIiwiZXhwIjoxNzc0NjY0MTAwfQ.3zzRD7NJnuxu4Bn3AFqTs3Kf8nM1cqK11_3nPhLu7_o
videoUrl:: https://videos-cloudfront.jwpsrv.com/69c7d424_b5d9eea54156b2353bc4df4fd5e7ed34b1c7740f/content/conversions/S41JwTap/videos/iW9S81mT-25175562.mp4
imageUrl:: https://assets-jpcust.jwpsrv.com/thumbnails/g7mfljc0-1920.jpg
notFoundMediaUrls: [
  {
    id: 'l0JrLAQh',
    videoUrl: 'https://videos-cloudfront.jwpsrv.com/69c7d424_b5d9eea54156b2353bc4df4fd5e7ed34b1c7740f/content/conversions/S41JwTap/videos/iW9S81mT-25175562.mp4'
  },
  {
    id: 'l0JrLAQh',
    imageUrl: 'https://assets-jpcust.jwpsrv.com/thumbnails/g7mfljc0-1920.jpg'
  }
]
Media found for: GabBMJHz  header:  video/mp4
Media NOT FOUND FOR ID: wj8bL1aa
url: https://cdn.jwplayer.com/v2/sites/S41JwTap/media/wj8bL1aa/playback.json?token=eyJhbGciOiJIUzI1NiIsInR5cCI6IkpXVCJ9.eyJyZXNvdXJjZSI6Ii92Mi9zaXRlcy9TNDFKd1RhcC9tZWRpYS93ajhiTDFhYS9wbGF5YmFjay5qc29uIiwiZXhwIjoxNzc0NjY0MTAwfQ.3E0Q6gSLkUpXrvHwKEPF3QbG4X4q-B59aXViSyDsOrc
videoUrl:: https://videos-cloudfront.jwpsrv.com/69c7d4d9_fa8bdc9bd27779cef58d2d555b1f0cbd0ddb7d0b/content/conversions/S41JwTap/videos/jPQ2MdYx-25175562.mp4
imageUrl:: https://assets-jpcust.jwpsrv.com/thumbnails/3m5p0h1i-1920.jpg
notFoundMediaUrls: [
  {
    id: 'wj8bL1aa',
    videoUrl: 'https://videos-cloudfront.jwpsrv.com/69c7d4d9_fa8bdc9bd27779cef58d2d555b1f0cbd0ddb7d0b/content/conversions/S41JwTap/videos/jPQ2MdYx-25175562.mp4'
  },
  {
    id: 'wj8bL1aa',
    imageUrl: 'https://assets-jpcust.jwpsrv.com/thumbnails/3m5p0h1i-1920.jpg'
  }
]
Media found for: AnA5Xi2T  header:  video/mp4
Media NOT FOUND FOR ID: pEuPB83s
url: https://cdn.jwplayer.com/v2/sites/S41JwTap/media/pEuPB83s/playback.json?token=eyJhbGciOiJIUzI1NiIsInR5cCI6IkpXVCJ9.eyJyZXNvdXJjZSI6Ii92Mi9zaXRlcy9TNDFKd1RhcC9tZWRpYS9wRXVQQjgzcy9wbGF5YmFjay5qc29uIiwiZXhwIjoxNzc0NjY0MTAwfQ.1ZN2pavxzp4b5DHEo2wgdZ1JUw8dvtMku039XpaAgkc
videoUrl:: https://videos-cloudfront.jwpsrv.com/69c7d488_1283d7286aa7ccab49a055d11fd32074b49d677c/content/conversions/S41JwTap/videos/92FsMpKn-25175562.mp4
imageUrl:: https://assets-jpcust.jwpsrv.com/thumbnails/jk8aesq6-1920.jpg
notFoundMediaUrls: [
  {
    id: 'pEuPB83s',
    videoUrl: 'https://videos-cloudfront.jwpsrv.com/69c7d488_1283d7286aa7ccab49a055d11fd32074b49d677c/content/conversions/S41JwTap/videos/92FsMpKn-25175562.mp4'
  },
  {
    id: 'pEuPB83s',
    imageUrl: 'https://assets-jpcust.jwpsrv.com/thumbnails/jk8aesq6-1920.jpg'
  }
]
Media found for: PtZTSP0y  header:  video/mp4
Media NOT FOUND FOR ID: u2jFvhrb
url: https://cdn.jwplayer.com/v2/sites/S41JwTap/media/u2jFvhrb/playback.json?token=eyJhbGciOiJIUzI1NiIsInR5cCI6IkpXVCJ9.eyJyZXNvdXJjZSI6Ii92Mi9zaXRlcy9TNDFKd1RhcC9tZWRpYS91MmpGdmhyYi9wbGF5YmFjay5qc29uIiwiZXhwIjoxNzc0NjY0MTAwfQ.L4sC7ogV8wX6Z2gGJie3sYFthsAkdx0tY3zkmJUpakk
videoUrl:: https://videos-cloudfront.jwpsrv.com/69c7d50f_bcf03628ec8ffc96d9a3187d5daf2efe33d97f48/content/conversions/S41JwTap/videos/H1pyiQpI-25175562.mp4
imageUrl:: https://assets-jpcust.jwpsrv.com/thumbnails/axxkgmxa-1920.jpg
notFoundMediaUrls: [
  {
    id: 'u2jFvhrb',
    videoUrl: 'https://videos-cloudfront.jwpsrv.com/69c7d50f_bcf03628ec8ffc96d9a3187d5daf2efe33d97f48/content/conversions/S41JwTap/videos/H1pyiQpI-25175562.mp4'
  },
  {
    id: 'u2jFvhrb',
    imageUrl: 'https://assets-jpcust.jwpsrv.com/thumbnails/axxkgmxa-1920.jpg'
  }
]
Media found for: R2nNEmCm  header:  video/mp4
Media found for: 33mr6wZ1  header:  video/mp4
Media found for: 75EbVN6K  header:  video/mp4
Media found for: 40XH1Ecn  header:  video/mp4
Media found for: MbsjpHv1  header:  video/mp4
Media found for: ApWAde80  header:  video/mp4
Media found for: 2EisA79L  header:  video/mp4
Media NOT FOUND FOR ID: rHf4EG7Y
url: https://cdn.jwplayer.com/v2/sites/S41JwTap/media/rHf4EG7Y/playback.json?token=eyJhbGciOiJIUzI1NiIsInR5cCI6IkpXVCJ9.eyJyZXNvdXJjZSI6Ii92Mi9zaXRlcy9TNDFKd1RhcC9tZWRpYS9ySGY0RUc3WS9wbGF5YmFjay5qc29uIiwiZXhwIjoxNzc0NjY0MTAwfQ.TySsb0FX9EeSv8x-3q2JMBUaFNu9cTdaYvDMwfLdCT0
videoUrl:: https://videos-cloudfront.jwpsrv.com/69c7d4af_6cfa3ee89835d828fc30e2f918c3ffcc322356b2/content/conversions/S41JwTap/videos/udcwxNGq-25175562.mp4
imageUrl:: https://assets-jpcust.jwpsrv.com/thumbnails/98hg4oj2-1920.jpg
notFoundMediaUrls: [
  {
    id: 'rHf4EG7Y',
    videoUrl: 'https://videos-cloudfront.jwpsrv.com/69c7d4af_6cfa3ee89835d828fc30e2f918c3ffcc322356b2/content/conversions/S41JwTap/videos/udcwxNGq-25175562.mp4'
  },
  {
    id: 'rHf4EG7Y',
    imageUrl: 'https://assets-jpcust.jwpsrv.com/thumbnails/98hg4oj2-1920.jpg'
  }
]
Media NOT FOUND FOR ID: s8PujKg6
url: https://cdn.jwplayer.com/v2/sites/S41JwTap/media/s8PujKg6/playback.json?token=eyJhbGciOiJIUzI1NiIsInR5cCI6IkpXVCJ9.eyJyZXNvdXJjZSI6Ii92Mi9zaXRlcy9TNDFKd1RhcC9tZWRpYS9zOFB1aktnNi9wbGF5YmFjay5qc29uIiwiZXhwIjoxNzc0NjY0MTAwfQ.ws_0L44JX0U4z4sFT0hBw06acXSCiPXmOqyvx1oneEY
videoUrl:: https://videos-cloudfront.jwpsrv.com/69c7d428_ba55cdd03359a4b4e4707510e17d5264e8aeee8f/content/conversions/S41JwTap/videos/orAT2dpM-25175562.mp4
imageUrl:: https://assets-jpcust.jwpsrv.com/thumbnails/1fl39ow4-1920.jpg
notFoundMediaUrls: [
  {
    id: 's8PujKg6',
    videoUrl: 'https://videos-cloudfront.jwpsrv.com/69c7d428_ba55cdd03359a4b4e4707510e17d5264e8aeee8f/content/conversions/S41JwTap/videos/orAT2dpM-25175562.mp4'
  },
  {
    id: 's8PujKg6',
    imageUrl: 'https://assets-jpcust.jwpsrv.com/thumbnails/1fl39ow4-1920.jpg'
  }
]
Media found for: FLiGocMk  header:  video/mp4
Media found for: 0DARLOrz  header:  video/mp4
Media found for: N9PPaVF5  header:  video/mp4
Media found for: GDyaeKE4  header:  video/mp4
Media NOT FOUND FOR ID: pw5TlWrB
url: https://cdn.jwplayer.com/v2/sites/S41JwTap/media/pw5TlWrB/playback.json?token=eyJhbGciOiJIUzI1NiIsInR5cCI6IkpXVCJ9.eyJyZXNvdXJjZSI6Ii92Mi9zaXRlcy9TNDFKd1RhcC9tZWRpYS9wdzVUbFdyQi9wbGF5YmFjay5qc29uIiwiZXhwIjoxNzc0NjY0MTAwfQ.e0MOQjUNgsVonU3Ezbw7tgJGBFtpOCECfA-q_25k5TA
videoUrl:: https://videos-cloudfront.jwpsrv.com/69c7d455_dfea27fb894e6764de5b6ab5cfaa5bf8f81e7004/content/conversions/S41JwTap/videos/fyDiseha-25175562.mp4
imageUrl:: https://assets-jpcust.jwpsrv.com/thumbnails/4q9vsliz-1920.jpg
notFoundMediaUrls: [
  {
    id: 'pw5TlWrB',
    videoUrl: 'https://videos-cloudfront.jwpsrv.com/69c7d455_dfea27fb894e6764de5b6ab5cfaa5bf8f81e7004/content/conversions/S41JwTap/videos/fyDiseha-25175562.mp4'
  },
  {
    id: 'pw5TlWrB',
    imageUrl: 'https://assets-jpcust.jwpsrv.com/thumbnails/4q9vsliz-1920.jpg'
  }
]
Media found for: HyJAukYx  header:  video/mp4
Media found for: zKDz5epL  header:  video/mp4
Media found for: 3O0Z6orf  header:  video/mp4
Media found for: 0g8BRCVb  header:  video/mp4
Media found for: 3FzC1uM5  header:  video/mp4
Media NOT FOUND FOR ID: riRU17ep
url: https://cdn.jwplayer.com/v2/sites/S41JwTap/media/riRU17ep/playback.json?token=eyJhbGciOiJIUzI1NiIsInR5cCI6IkpXVCJ9.eyJyZXNvdXJjZSI6Ii92Mi9zaXRlcy9TNDFKd1RhcC9tZWRpYS9yaVJVMTdlcC9wbGF5YmFjay5qc29uIiwiZXhwIjoxNzc0NjY0MTAwfQ.UV4XWAA6y8xUyVl4mEtSwWJy48fVeVFpeULyr2ThDuc
videoUrl:: https://videos-cloudfront.jwpsrv.com/69c7d545_8dbb539a154d65c3dda4a44cb7f2de6fa73aead0/content/conversions/S41JwTap/videos/IQyzyCiv-25175562.mp4
imageUrl:: https://assets-jpcust.jwpsrv.com/thumbnails/v9up4znm-1920.jpg
notFoundMediaUrls: [
  {
    id: 'riRU17ep',
    videoUrl: 'https://videos-cloudfront.jwpsrv.com/69c7d545_8dbb539a154d65c3dda4a44cb7f2de6fa73aead0/content/conversions/S41JwTap/videos/IQyzyCiv-25175562.mp4'
  },
  {
    id: 'riRU17ep',
    imageUrl: 'https://assets-jpcust.jwpsrv.com/thumbnails/v9up4znm-1920.jpg'
  }
]
Media found for: CrSJTuFa  header:  video/mp4
Media found for: VeiDUwpa  header:  video/mp4
Media found for: WvvSjYdB  header:  video/mp4
Media NOT FOUND FOR ID: jRosCauD
url: https://cdn.jwplayer.com/v2/sites/S41JwTap/media/jRosCauD/playback.json?token=eyJhbGciOiJIUzI1NiIsInR5cCI6IkpXVCJ9.eyJyZXNvdXJjZSI6Ii92Mi9zaXRlcy9TNDFKd1RhcC9tZWRpYS9qUm9zQ2F1RC9wbGF5YmFjay5qc29uIiwiZXhwIjoxNzc0NjY0MTAwfQ.7CDD42AMePS3haLLeKCpOUwT2Jz7oJEZjoAxu28aszo
videoUrl:: https://videos-cloudfront.jwpsrv.com/69c7d4ed_5fdce1005deb709614a93a3bf875c77b45391396/content/conversions/S41JwTap/videos/KM5t87CW-25175562.mp4
imageUrl:: https://assets-jpcust.jwpsrv.com/thumbnails/8zwb7kcv-1920.jpg
notFoundMediaUrls: [
  {
    id: 'jRosCauD',
    videoUrl: 'https://videos-cloudfront.jwpsrv.com/69c7d4ed_5fdce1005deb709614a93a3bf875c77b45391396/content/conversions/S41JwTap/videos/KM5t87CW-25175562.mp4'
  },
  {
    id: 'jRosCauD',
    imageUrl: 'https://assets-jpcust.jwpsrv.com/thumbnails/8zwb7kcv-1920.jpg'
  }
]
Media NOT FOUND FOR ID: tDWJKZXg
url: https://cdn.jwplayer.com/v2/sites/S41JwTap/media/tDWJKZXg/playback.json?token=eyJhbGciOiJIUzI1NiIsInR5cCI6IkpXVCJ9.eyJyZXNvdXJjZSI6Ii92Mi9zaXRlcy9TNDFKd1RhcC9tZWRpYS90RFdKS1pYZy9wbGF5YmFjay5qc29uIiwiZXhwIjoxNzc0NjY0MTAwfQ.mSmFHPoKaYqtnRV80BL8E7TzoX0RfRY4osLMTnEl4aw
videoUrl:: https://videos-cloudfront.jwpsrv.com/69c7d54c_8bfbb4b864b29d761707682c3431ea3d9445a487/content/conversions/S41JwTap/videos/KiHEzAd8-25175562.mp4
imageUrl:: https://assets-jpcust.jwpsrv.com/thumbnails/28nru4ru-1920.jpg
notFoundMediaUrls: [
  {
    id: 'tDWJKZXg',
    videoUrl: 'https://videos-cloudfront.jwpsrv.com/69c7d54c_8bfbb4b864b29d761707682c3431ea3d9445a487/content/conversions/S41JwTap/videos/KiHEzAd8-25175562.mp4'
  },
  {
    id: 'tDWJKZXg',
    imageUrl: 'https://assets-jpcust.jwpsrv.com/thumbnails/28nru4ru-1920.jpg'
  }
]
Media found for: GAK0mvfE  header:  video/mp4
Media found for: HlmrjFGZ  header:  video/mp4
Media found for: 4u3rd1iA  header:  video/mp4
Media found for: yUJ5LeGB  header:  video/mp4
Media found for: TAjd1RTV  header:  video/mp4
Media NOT FOUND FOR ID: ktpAROie
url: https://cdn.jwplayer.com/v2/sites/S41JwTap/media/ktpAROie/playback.json?token=eyJhbGciOiJIUzI1NiIsInR5cCI6IkpXVCJ9.eyJyZXNvdXJjZSI6Ii92Mi9zaXRlcy9TNDFKd1RhcC9tZWRpYS9rdHBBUk9pZS9wbGF5YmFjay5qc29uIiwiZXhwIjoxNzc0NjY0MTAwfQ.145z6SotKLwuEFEQ-s1mli4lZnQE_W_ya-USQ8Zx-eg
videoUrl:: https://videos-cloudfront.jwpsrv.com/69c7d4c7_1bd4cff713b1be2bae27ee0c7419524fe3d6659a/content/conversions/S41JwTap/videos/xY65hoC5-25175562.mp4
imageUrl:: https://assets-jpcust.jwpsrv.com/thumbnails/5eiz7ze8-1920.jpg
notFoundMediaUrls: [
  {
    id: 'ktpAROie',
    videoUrl: 'https://videos-cloudfront.jwpsrv.com/69c7d4c7_1bd4cff713b1be2bae27ee0c7419524fe3d6659a/content/conversions/S41JwTap/videos/xY65hoC5-25175562.mp4'
  },
  {
    id: 'ktpAROie',
    imageUrl: 'https://assets-jpcust.jwpsrv.com/thumbnails/5eiz7ze8-1920.jpg'
  }
]
Media found for: OJW2qWAK  header:  video/mp4
Media found for: HG7xpzla  header:  video/mp4
Media found for: 4JPAqNMx  header:  video/mp4
Media found for: PgIsj6bK  header:  video/mp4
Media found for: NI6jxgIt  header:  video/mp4
Media NOT FOUND FOR ID: eSFuWLih
url: https://cdn.jwplayer.com/v2/sites/S41JwTap/media/eSFuWLih/playback.json?token=eyJhbGciOiJIUzI1NiIsInR5cCI6IkpXVCJ9.eyJyZXNvdXJjZSI6Ii92Mi9zaXRlcy9TNDFKd1RhcC9tZWRpYS9lU0Z1V0xpaC9wbGF5YmFjay5qc29uIiwiZXhwIjoxNzc0NjY0MTAwfQ.d51V_sCXCoffvmofcJLQHh8wbMRt6S-OQKRkcOPuP-s
videoUrl:: https://videos-cloudfront.jwpsrv.com/69c7d4c3_7b83503c8f0039a8ed83c52e887207a7c95c0367/content/conversions/S41JwTap/videos/z4tg8SJE-25175562.mp4
imageUrl:: https://assets-jpcust.jwpsrv.com/thumbnails/j13buy5e-1920.jpg
notFoundMediaUrls: [
  {
    id: 'eSFuWLih',
    videoUrl: 'https://videos-cloudfront.jwpsrv.com/69c7d4c3_7b83503c8f0039a8ed83c52e887207a7c95c0367/content/conversions/S41JwTap/videos/z4tg8SJE-25175562.mp4'
  },
  {
    id: 'eSFuWLih',
    imageUrl: 'https://assets-jpcust.jwpsrv.com/thumbnails/j13buy5e-1920.jpg'
  }
]
Media NOT FOUND FOR ID: iMDDsCem
url: https://cdn.jwplayer.com/v2/sites/S41JwTap/media/iMDDsCem/playback.json?token=eyJhbGciOiJIUzI1NiIsInR5cCI6IkpXVCJ9.eyJyZXNvdXJjZSI6Ii92Mi9zaXRlcy9TNDFKd1RhcC9tZWRpYS9pTUREc0NlbS9wbGF5YmFjay5qc29uIiwiZXhwIjoxNzc0NjY0MTAwfQ.6QYoT9JdFGg_hDKHB3PGEGYjFjZ9ElzeCyVRgWmCEts
videoUrl:: https://videos-cloudfront.jwpsrv.com/69c7d45e_a028a802c0545ff458eff27f12cdcea8de899c0e/content/conversions/S41JwTap/videos/RRmc2CNb-25175562.mp4
imageUrl:: https://assets-jpcust.jwpsrv.com/thumbnails/qat0mmu8-1920.jpg
notFoundMediaUrls: [
  {
    id: 'iMDDsCem',
    videoUrl: 'https://videos-cloudfront.jwpsrv.com/69c7d45e_a028a802c0545ff458eff27f12cdcea8de899c0e/content/conversions/S41JwTap/videos/RRmc2CNb-25175562.mp4'
  },
  {
    id: 'iMDDsCem',
    imageUrl: 'https://assets-jpcust.jwpsrv.com/thumbnails/qat0mmu8-1920.jpg'
  }
]
Media found for: JFgATqXh  header:  video/mp4
Media found for: SeytS8kE  header:  video/mp4
Media found for: ELgbfkcZ  header:  video/mp4
Media found for: H8fvyMNq  header:  video/mp4
Media found for: 9QObpaNC  header:  video/mp4
Media found for: Mo47XzN9  header:  video/mp4
Media found for: Cw1SaflC  header:  video/mp4
Media NOT FOUND FOR ID: kFI7jpE9
url: https://cdn.jwplayer.com/v2/sites/S41JwTap/media/kFI7jpE9/playback.json?token=eyJhbGciOiJIUzI1NiIsInR5cCI6IkpXVCJ9.eyJyZXNvdXJjZSI6Ii92Mi9zaXRlcy9TNDFKd1RhcC9tZWRpYS9rRkk3anBFOS9wbGF5YmFjay5qc29uIiwiZXhwIjoxNzc0NjY0NDAwfQ.8Ev6H--OpAPGqf-wyO1lqwPCaAFyaOv_4-ox009M-Ew
videoUrl:: https://videos-cloudfront.jwpsrv.com/69c7d54c_fb1021dbc92a54a12b84f9f79fb1a6fe3bd9df30/content/conversions/S41JwTap/videos/mhUfaqYG-25175562.mp4
imageUrl:: https://assets-jpcust.jwpsrv.com/thumbnails/22pqgcnk-1920.jpg
notFoundMediaUrls: [
  {
    id: 'kFI7jpE9',
    videoUrl: 'https://videos-cloudfront.jwpsrv.com/69c7d54c_fb1021dbc92a54a12b84f9f79fb1a6fe3bd9df30/content/conversions/S41JwTap/videos/mhUfaqYG-25175562.mp4'
  },
  {
    id: 'kFI7jpE9',
    imageUrl: 'https://assets-jpcust.jwpsrv.com/thumbnails/22pqgcnk-1920.jpg'
  }
]
Media found for: 0yMVollz  header:  video/mp4
Media found for: dxK5i2Cr  header:  video/mp4
Media found for: 0v9XCxgc  header:  video/mp4
Media NOT FOUND FOR ID: uDtq7781
url: https://cdn.jwplayer.com/v2/sites/S41JwTap/media/uDtq7781/playback.json?token=eyJhbGciOiJIUzI1NiIsInR5cCI6IkpXVCJ9.eyJyZXNvdXJjZSI6Ii92Mi9zaXRlcy9TNDFKd1RhcC9tZWRpYS91RHRxNzc4MS9wbGF5YmFjay5qc29uIiwiZXhwIjoxNzc0NjY0NDAwfQ.hqgJbpl4_PSwzX4V1ltHLp3M_BeWKnR2UW5esfxxi5E
videoUrl:: https://videos-cloudfront.jwpsrv.com/69c7d4f4_e0ad25d0eed480e46bda725d5e18c9f3799bd48f/content/conversions/S41JwTap/videos/kPsaFcHH-25175562.mp4
imageUrl:: https://assets-jpcust.jwpsrv.com/thumbnails/8pi31wsc-1920.jpg
notFoundMediaUrls: [
  {
    id: 'uDtq7781',
    videoUrl: 'https://videos-cloudfront.jwpsrv.com/69c7d4f4_e0ad25d0eed480e46bda725d5e18c9f3799bd48f/content/conversions/S41JwTap/videos/kPsaFcHH-25175562.mp4'
  },
  {
    id: 'uDtq7781',
    imageUrl: 'https://assets-jpcust.jwpsrv.com/thumbnails/8pi31wsc-1920.jpg'
  }
]
Media found for: OqxF0KmM  header:  video/mp4
Media found for: 0YKfS6LR  header:  video/mp4
Media found for: 1JJN1D1r  header:  video/mp4
Media found for: eDsuPRCE  header:  video/mp4
Media found for: bhlgIOaI  header:  video/mp4
Media found for: 9OcOAxYh  header:  video/mp4
Media found for: FALBWwo4  header:  video/mp4
Media found for: 269w3ay3  header:  video/mp4
Media found for: yQp82Q4o  header:  video/mp4
Media NOT FOUND FOR ID: k32Zta6t
url: https://cdn.jwplayer.com/v2/sites/S41JwTap/media/k32Zta6t/playback.json?token=eyJhbGciOiJIUzI1NiIsInR5cCI6IkpXVCJ9.eyJyZXNvdXJjZSI6Ii92Mi9zaXRlcy9TNDFKd1RhcC9tZWRpYS9rMzJadGE2dC9wbGF5YmFjay5qc29uIiwiZXhwIjoxNzc0NjY0NDAwfQ.wTPstOelNUf9MblCrZ9hcCTzTlzuMotTiW-_ZyvbGQ0
videoUrl:: https://videos-cloudfront.jwpsrv.com/69c7d4ad_3b692e56981aff71badaccb720250a76f56933ca/content/conversions/S41JwTap/videos/LkrWuPhq-25175562.mp4
imageUrl:: https://assets-jpcust.jwpsrv.com/thumbnails/ldub599c-1920.jpg
notFoundMediaUrls: [
  {
    id: 'k32Zta6t',
    videoUrl: 'https://videos-cloudfront.jwpsrv.com/69c7d4ad_3b692e56981aff71badaccb720250a76f56933ca/content/conversions/S41JwTap/videos/LkrWuPhq-25175562.mp4'
  },
  {
    id: 'k32Zta6t',
    imageUrl: 'https://assets-jpcust.jwpsrv.com/thumbnails/ldub599c-1920.jpg'
  }
]
Media NOT FOUND FOR ID: kDp3BK6d
url: https://cdn.jwplayer.com/v2/sites/S41JwTap/media/kDp3BK6d/playback.json?token=eyJhbGciOiJIUzI1NiIsInR5cCI6IkpXVCJ9.eyJyZXNvdXJjZSI6Ii92Mi9zaXRlcy9TNDFKd1RhcC9tZWRpYS9rRHAzQks2ZC9wbGF5YmFjay5qc29uIiwiZXhwIjoxNzc0NjY0NDAwfQ.1OzBfAutEVCTrQmejC5ARtkkjGz-yz76lMHi-bRtyFg
videoUrl:: https://videos-cloudfront.jwpsrv.com/69c7d508_78a83e872cdd4ee1ad453d5ac6a0759ba3dd9009/content/conversions/S41JwTap/videos/CZ8OytKN-25175562.mp4
imageUrl:: https://assets-jpcust.jwpsrv.com/thumbnails/2jk9lnh0-1920.jpg
notFoundMediaUrls: [
  {
    id: 'kDp3BK6d',
    videoUrl: 'https://videos-cloudfront.jwpsrv.com/69c7d508_78a83e872cdd4ee1ad453d5ac6a0759ba3dd9009/content/conversions/S41JwTap/videos/CZ8OytKN-25175562.mp4'
  },
  {
    id: 'kDp3BK6d',
    imageUrl: 'https://assets-jpcust.jwpsrv.com/thumbnails/2jk9lnh0-1920.jpg'
  }
]
Media NOT FOUND FOR ID: kATZ1jb2
url: https://cdn.jwplayer.com/v2/sites/S41JwTap/media/kATZ1jb2/playback.json?token=eyJhbGciOiJIUzI1NiIsInR5cCI6IkpXVCJ9.eyJyZXNvdXJjZSI6Ii92Mi9zaXRlcy9TNDFKd1RhcC9tZWRpYS9rQVRaMWpiMi9wbGF5YmFjay5qc29uIiwiZXhwIjoxNzc0NjY0NDAwfQ.jICvHKiKY4RaV26yXJ9y3rkWmIxckzmt-tBoZ18X22E
videoUrl:: https://videos-cloudfront.jwpsrv.com/69c7d594_87621f9fe3599f35175fd32166008b8b588bc026/content/conversions/S41JwTap/videos/1Lf8g67i-25175562.mp4
imageUrl:: https://assets-jpcust.jwpsrv.com/thumbnails/rkhf7esf-1920.jpg
notFoundMediaUrls: [
  {
    id: 'kATZ1jb2',
    videoUrl: 'https://videos-cloudfront.jwpsrv.com/69c7d594_87621f9fe3599f35175fd32166008b8b588bc026/content/conversions/S41JwTap/videos/1Lf8g67i-25175562.mp4'
  },
  {
    id: 'kATZ1jb2',
    imageUrl: 'https://assets-jpcust.jwpsrv.com/thumbnails/rkhf7esf-1920.jpg'
  }
]
Media NOT FOUND FOR ID: o6h3Wcxe
url: https://cdn.jwplayer.com/v2/sites/S41JwTap/media/o6h3Wcxe/playback.json?token=eyJhbGciOiJIUzI1NiIsInR5cCI6IkpXVCJ9.eyJyZXNvdXJjZSI6Ii92Mi9zaXRlcy9TNDFKd1RhcC9tZWRpYS9vNmgzV2N4ZS9wbGF5YmFjay5qc29uIiwiZXhwIjoxNzc0NjY0NDAwfQ.Wbfdbz8oEdp_K2Jpibr9dbbeMCg0cFAaPVRVIm3eRKE
videoUrl:: https://videos-cloudfront.jwpsrv.com/69c7d5ae_e630e2e4618be3c3decb3bcb9fa2407a50613f43/content/conversions/S41JwTap/videos/iTQM3dD3-25175562.mp4
imageUrl:: https://assets-jpcust.jwpsrv.com/thumbnails/tfzz4tpb-1920.jpg
notFoundMediaUrls: [
  {
    id: 'o6h3Wcxe',
    videoUrl: 'https://videos-cloudfront.jwpsrv.com/69c7d5ae_e630e2e4618be3c3decb3bcb9fa2407a50613f43/content/conversions/S41JwTap/videos/iTQM3dD3-25175562.mp4'
  },
  {
    id: 'o6h3Wcxe',
    imageUrl: 'https://assets-jpcust.jwpsrv.com/thumbnails/tfzz4tpb-1920.jpg'
  }
]
Media found for: RupkvVJt  header:  video/mp4
Media found for: OtyMefdb  header:  video/mp4
Media found for: SbD7GJWe  header:  video/mp4
Media found for: AZaJkaXm  header:  video/mp4
Media found for: RnT9NFF0  header:  video/mp4
Media found for: 0pm7urfI  header:  video/mp4
Media found for: zKlnt9Pl  header:  video/mp4
Media found for: QKVfjFNf  header:  video/mp4
Media found for: 2TQ1MezA  header:  video/mp4
Media found for: EH7vgWn0  header:  video/mp4
Media found for: PdL4UaUO  header:  video/mp4
Media found for: AatcxmBE  header:  video/mp4
Media found for: y8bpPes0  header:  video/mp4
Media found for: 0hISnI6O  header:  video/mp4
Media found for: BquXCvog  header:  video/mp4
Media found for: 6SV3Wm7p  header:  video/mp4
Media found for: 8uTWxvwk  header:  video/mp4
Media NOT FOUND FOR ID: j9CQlH09
url: https://cdn.jwplayer.com/v2/sites/S41JwTap/media/j9CQlH09/playback.json?token=eyJhbGciOiJIUzI1NiIsInR5cCI6IkpXVCJ9.eyJyZXNvdXJjZSI6Ii92Mi9zaXRlcy9TNDFKd1RhcC9tZWRpYS9qOUNRbEgwOS9wbGF5YmFjay5qc29uIiwiZXhwIjoxNzc0NjY0NDAwfQ.kiy5W7yDSF1huxFq4tJKNYgFiYIckPWdShVyUN5BEFA
videoUrl:: https://videos-cloudfront.jwpsrv.com/69c7d56d_8b562f869bf426727fe06263c3e99977d10cc317/content/conversions/S41JwTap/videos/tUYkNejf-25175562.mp4
imageUrl:: https://assets-jpcust.jwpsrv.com/thumbnails/qc0f1a2q-1920.jpg
notFoundMediaUrls: [
  {
    id: 'j9CQlH09',
    videoUrl: 'https://videos-cloudfront.jwpsrv.com/69c7d56d_8b562f869bf426727fe06263c3e99977d10cc317/content/conversions/S41JwTap/videos/tUYkNejf-25175562.mp4'
  },
  {
    id: 'j9CQlH09',
    imageUrl: 'https://assets-jpcust.jwpsrv.com/thumbnails/qc0f1a2q-1920.jpg'
  }
]
Media found for: SxAJIdhG  header:  video/mp4
Media NOT FOUND FOR ID: vq3Gct5l
url: https://cdn.jwplayer.com/v2/sites/S41JwTap/media/vq3Gct5l/playback.json?token=eyJhbGciOiJIUzI1NiIsInR5cCI6IkpXVCJ9.eyJyZXNvdXJjZSI6Ii92Mi9zaXRlcy9TNDFKd1RhcC9tZWRpYS92cTNHY3Q1bC9wbGF5YmFjay5qc29uIiwiZXhwIjoxNzc0NjY0NDAwfQ.ykuAfM831KL_XjumOswcnCl8Amwun5fayizCcHuxQbQ
videoUrl:: https://videos-cloudfront.jwpsrv.com/69c7d4d6_e26fb55ab659a59d0fb405c8f4640ed9fc1a8051/content/conversions/S41JwTap/videos/ok54SikT-25175562.mp4
imageUrl:: https://assets-jpcust.jwpsrv.com/thumbnails/jz39mn8q-1920.jpg
notFoundMediaUrls: [
  {
    id: 'vq3Gct5l',
    videoUrl: 'https://videos-cloudfront.jwpsrv.com/69c7d4d6_e26fb55ab659a59d0fb405c8f4640ed9fc1a8051/content/conversions/S41JwTap/videos/ok54SikT-25175562.mp4'
  },
  {
    id: 'vq3Gct5l',
    imageUrl: 'https://assets-jpcust.jwpsrv.com/thumbnails/jz39mn8q-1920.jpg'
  }
]
Media NOT FOUND FOR ID: 8VSo5x9W
url: https://cdn.jwplayer.com/v2/sites/S41JwTap/media/8VSo5x9W/playback.json?token=eyJhbGciOiJIUzI1NiIsInR5cCI6IkpXVCJ9.eyJyZXNvdXJjZSI6Ii92Mi9zaXRlcy9TNDFKd1RhcC9tZWRpYS84VlNvNXg5Vy9wbGF5YmFjay5qc29uIiwiZXhwIjoxNzc0NjY0NDAwfQ.SfB-XyL6NucWAO5CMfH1FqthhTOPvj4qgTMfYBTKh44
videoUrl:: https://videos-cloudfront.jwpsrv.com/69c7d4b7_8ea68d9e8d6c391137fdb1dc605148f0d1d0be57/content/conversions/S41JwTap/videos/SJ7TmJpL-25175559.mp4
imageUrl:: https://assets-jpcust.jwpsrv.com/thumbnails/ewqm1ip3-1920.jpg
notFoundMediaUrls: [
  {
    id: '8VSo5x9W',
    videoUrl: 'https://videos-cloudfront.jwpsrv.com/69c7d4b7_8ea68d9e8d6c391137fdb1dc605148f0d1d0be57/content/conversions/S41JwTap/videos/SJ7TmJpL-25175559.mp4'
  },
  {
    id: '8VSo5x9W',
    imageUrl: 'https://assets-jpcust.jwpsrv.com/thumbnails/ewqm1ip3-1920.jpg'
  }
]
Media found for: RY0W3hNT  header:  video/mp4
Media found for: GE8YIwp7  header:  video/mp4
Media NOT FOUND FOR ID: dqOHLA7t
url: https://cdn.jwplayer.com/v2/sites/S41JwTap/media/dqOHLA7t/playback.json?token=eyJhbGciOiJIUzI1NiIsInR5cCI6IkpXVCJ9.eyJyZXNvdXJjZSI6Ii92Mi9zaXRlcy9TNDFKd1RhcC9tZWRpYS9kcU9ITEE3dC9wbGF5YmFjay5qc29uIiwiZXhwIjoxNzc0NjY0NDAwfQ.Txjp4bhUyG4kbRH71ldD9I0c1Maqhrq_e2JmKa1TXEg
videoUrl:: https://videos-cloudfront.jwpsrv.com/69c7d56c_9ffabdffcbd597e478b059f352f4f65c33ea8b8a/content/conversions/S41JwTap/videos/GZZxJkAb-25175559.mp4
imageUrl:: https://assets-jpcust.jwpsrv.com/thumbnails/pg82wqka-1920.jpg
notFoundMediaUrls: [
  {
    id: 'dqOHLA7t',
    videoUrl: 'https://videos-cloudfront.jwpsrv.com/69c7d56c_9ffabdffcbd597e478b059f352f4f65c33ea8b8a/content/conversions/S41JwTap/videos/GZZxJkAb-25175559.mp4'
  },
  {
    id: 'dqOHLA7t',
    imageUrl: 'https://assets-jpcust.jwpsrv.com/thumbnails/pg82wqka-1920.jpg'
  }
]
Media NOT FOUND FOR ID: zm9hBCxc
url: https://cdn.jwplayer.com/v2/sites/S41JwTap/media/zm9hBCxc/playback.json?token=eyJhbGciOiJIUzI1NiIsInR5cCI6IkpXVCJ9.eyJyZXNvdXJjZSI6Ii92Mi9zaXRlcy9TNDFKd1RhcC9tZWRpYS96bTloQkN4Yy9wbGF5YmFjay5qc29uIiwiZXhwIjoxNzc0NjY0NDAwfQ.VMOujTk9BoPpxof1NNDcn98p64XdA_qpK_X3CGjRgF4
videoUrl:: https://videos-cloudfront.jwpsrv.com/69c7d520_ccd9c8817f94937f6d5c358d243714360cf1bf79/content/conversions/S41JwTap/videos/ZYwYLShR-25175559.mp4
imageUrl:: https://assets-jpcust.jwpsrv.com/thumbnails/6chm44dk-1920.jpg
notFoundMediaUrls: [
  {
    id: 'zm9hBCxc',
    videoUrl: 'https://videos-cloudfront.jwpsrv.com/69c7d520_ccd9c8817f94937f6d5c358d243714360cf1bf79/content/conversions/S41JwTap/videos/ZYwYLShR-25175559.mp4'
  },
  {
    id: 'zm9hBCxc',
    imageUrl: 'https://assets-jpcust.jwpsrv.com/thumbnails/6chm44dk-1920.jpg'
  }
]
Media NOT FOUND FOR ID: TehI243d
url: https://cdn.jwplayer.com/v2/sites/S41JwTap/media/TehI243d/playback.json?token=eyJhbGciOiJIUzI1NiIsInR5cCI6IkpXVCJ9.eyJyZXNvdXJjZSI6Ii92Mi9zaXRlcy9TNDFKd1RhcC9tZWRpYS9UZWhJMjQzZC9wbGF5YmFjay5qc29uIiwiZXhwIjoxNzc0NjY0NDAwfQ.HYgC_UG3gx94iEwO0Vuu8KYGhYsbw6UvGtjxqkMTTzY
videoUrl:: https://videos-cloudfront.jwpsrv.com/69c7d587_338c65abfe3bd200ffea4dcfb423a67c630d4000/content/conversions/S41JwTap/videos/UvQZM6jk-25175559.mp4
imageUrl:: https://assets-jpcust.jwpsrv.com/thumbnails/i345cb5j-1920.jpg
notFoundMediaUrls: [
  {
    id: 'TehI243d',
    videoUrl: 'https://videos-cloudfront.jwpsrv.com/69c7d587_338c65abfe3bd200ffea4dcfb423a67c630d4000/content/conversions/S41JwTap/videos/UvQZM6jk-25175559.mp4'
  },
  {
    id: 'TehI243d',
    imageUrl: 'https://assets-jpcust.jwpsrv.com/thumbnails/i345cb5j-1920.jpg'
  }
]
Media found for: JU2WB0Qy  header:  video/mp4
Media found for: NNyu7dko  header:  video/mp4
Media found for: zAPK6vrz  header:  video/mp4
Media NOT FOUND FOR ID: riHc7bZt
url: https://cdn.jwplayer.com/v2/sites/S41JwTap/media/riHc7bZt/playback.json?token=eyJhbGciOiJIUzI1NiIsInR5cCI6IkpXVCJ9.eyJyZXNvdXJjZSI6Ii92Mi9zaXRlcy9TNDFKd1RhcC9tZWRpYS9yaUhjN2JadC9wbGF5YmFjay5qc29uIiwiZXhwIjoxNzc0NjY0NDAwfQ.mtOEep2RbTQLfaM0k4dJLmrVgc6tJxTcCpAezMhQdg4
videoUrl:: https://videos-cloudfront.jwpsrv.com/69c7d5c7_61022f3646c80126771d46686a1d7851e3d92ed2/content/conversions/S41JwTap/videos/fKcjmChA-25175559.mp4
imageUrl:: https://assets-jpcust.jwpsrv.com/thumbnails/0udg1ns2-1920.jpg
notFoundMediaUrls: [
  {
    id: 'riHc7bZt',
    videoUrl: 'https://videos-cloudfront.jwpsrv.com/69c7d5c7_61022f3646c80126771d46686a1d7851e3d92ed2/content/conversions/S41JwTap/videos/fKcjmChA-25175559.mp4'
  },
  {
    id: 'riHc7bZt',
    imageUrl: 'https://assets-jpcust.jwpsrv.com/thumbnails/0udg1ns2-1920.jpg'
  }
]
Media NOT FOUND FOR ID: Kqr6sgaw
url: https://cdn.jwplayer.com/v2/sites/S41JwTap/media/Kqr6sgaw/playback.json?token=eyJhbGciOiJIUzI1NiIsInR5cCI6IkpXVCJ9.eyJyZXNvdXJjZSI6Ii92Mi9zaXRlcy9TNDFKd1RhcC9tZWRpYS9LcXI2c2dhdy9wbGF5YmFjay5qc29uIiwiZXhwIjoxNzc0NjY0NDAwfQ.JW70_TT8hGdJRyP5IBTpKDKMKIEDz8mjfH9KtpGqWy0
videoUrl:: https://videos-cloudfront.jwpsrv.com/69c7d55f_dd42acb331d49ef978d643e88d4915d735be6317/content/conversions/S41JwTap/videos/9gxqhfqq-25175559.mp4
imageUrl:: https://assets-jpcust.jwpsrv.com/thumbnails/6uhwi1xd-1920.jpg
notFoundMediaUrls: [
  {
    id: 'Kqr6sgaw',
    videoUrl: 'https://videos-cloudfront.jwpsrv.com/69c7d55f_dd42acb331d49ef978d643e88d4915d735be6317/content/conversions/S41JwTap/videos/9gxqhfqq-25175559.mp4'
  },
  {
    id: 'Kqr6sgaw',
    imageUrl: 'https://assets-jpcust.jwpsrv.com/thumbnails/6uhwi1xd-1920.jpg'
  }
]
Media NOT FOUND FOR ID: DxH4gUXF
url: https://cdn.jwplayer.com/v2/sites/S41JwTap/media/DxH4gUXF/playback.json?token=eyJhbGciOiJIUzI1NiIsInR5cCI6IkpXVCJ9.eyJyZXNvdXJjZSI6Ii92Mi9zaXRlcy9TNDFKd1RhcC9tZWRpYS9EeEg0Z1VYRi9wbGF5YmFjay5qc29uIiwiZXhwIjoxNzc0NjY0NDAwfQ.EQsnkODXZghpg0RCIo6tL7gpdWRro_DzW60n_-1fcWo
videoUrl:: https://videos-cloudfront.jwpsrv.com/69c7d4d3_d60f4a191aaa3f5a62a1303645de5787a75733a0/content/conversions/S41JwTap/videos/f3cnIMJv-25175562.mp4
imageUrl:: https://assets-jpcust.jwpsrv.com/thumbnails/xd6vaurd-1920.jpg
notFoundMediaUrls: [
  {
    id: 'DxH4gUXF',
    videoUrl: 'https://videos-cloudfront.jwpsrv.com/69c7d4d3_d60f4a191aaa3f5a62a1303645de5787a75733a0/content/conversions/S41JwTap/videos/f3cnIMJv-25175562.mp4'
  },
  {
    id: 'DxH4gUXF',
    imageUrl: 'https://assets-jpcust.jwpsrv.com/thumbnails/xd6vaurd-1920.jpg'
  }
]
Media NOT FOUND FOR ID: 4rI5u7Jd
url: https://cdn.jwplayer.com/v2/sites/S41JwTap/media/4rI5u7Jd/playback.json?token=eyJhbGciOiJIUzI1NiIsInR5cCI6IkpXVCJ9.eyJyZXNvdXJjZSI6Ii92Mi9zaXRlcy9TNDFKd1RhcC9tZWRpYS80ckk1dTdKZC9wbGF5YmFjay5qc29uIiwiZXhwIjoxNzc0NjY0NDAwfQ.Oj8LzX4S6migDsIhOQx1zJGLf4FRHcxMI_VmoxZnP7w
videoUrl:: https://videos-cloudfront.jwpsrv.com/69c7d591_e83b269c5fac7a57115fc4635bd201698185fec0/content/conversions/S41JwTap/videos/6Ift2hsH-25175559.mp4
imageUrl:: https://assets-jpcust.jwpsrv.com/thumbnails/1b0zryur-1920.jpg
notFoundMediaUrls: [
  {
    id: '4rI5u7Jd',
    videoUrl: 'https://videos-cloudfront.jwpsrv.com/69c7d591_e83b269c5fac7a57115fc4635bd201698185fec0/content/conversions/S41JwTap/videos/6Ift2hsH-25175559.mp4'
  },
  {
    id: '4rI5u7Jd',
    imageUrl: 'https://assets-jpcust.jwpsrv.com/thumbnails/1b0zryur-1920.jpg'
  }
]
Media NOT FOUND FOR ID: 2yKimOKk
url: https://cdn.jwplayer.com/v2/sites/S41JwTap/media/2yKimOKk/playback.json?token=eyJhbGciOiJIUzI1NiIsInR5cCI6IkpXVCJ9.eyJyZXNvdXJjZSI6Ii92Mi9zaXRlcy9TNDFKd1RhcC9tZWRpYS8yeUtpbU9Lay9wbGF5YmFjay5qc29uIiwiZXhwIjoxNzc0NjY0NDAwfQ.Ei890cpFA5-NRRFGViXdYNvUSFboc6BL23FaX1Jpd9I
videoUrl:: https://videos-cloudfront.jwpsrv.com/69c7d53d_1ac3fca8d630ea0de9feb9b15ea042f0e9ff899b/content/conversions/S41JwTap/videos/7sNqljHT-25175559.mp4
imageUrl:: https://assets-jpcust.jwpsrv.com/thumbnails/dsf34y3w-1920.jpg
notFoundMediaUrls: [
  {
    id: '2yKimOKk',
    videoUrl: 'https://videos-cloudfront.jwpsrv.com/69c7d53d_1ac3fca8d630ea0de9feb9b15ea042f0e9ff899b/content/conversions/S41JwTap/videos/7sNqljHT-25175559.mp4'
  },
  {
    id: '2yKimOKk',
    imageUrl: 'https://assets-jpcust.jwpsrv.com/thumbnails/dsf34y3w-1920.jpg'
  }
]
Media found for: 2hjEKcuF  header:  video/mp4
Media found for: bIHSCe7R  header:  video/mp4
Media NOT FOUND FOR ID: OqIM1QUl
url: https://cdn.jwplayer.com/v2/sites/S41JwTap/media/OqIM1QUl/playback.json?token=eyJhbGciOiJIUzI1NiIsInR5cCI6IkpXVCJ9.eyJyZXNvdXJjZSI6Ii92Mi9zaXRlcy9TNDFKd1RhcC9tZWRpYS9PcUlNMVFVbC9wbGF5YmFjay5qc29uIiwiZXhwIjoxNzc0NjY0NDAwfQ.7vePjuEPZ-DYJYxbQmk_aDS-blIkwdjHQZscZGyPDpA
videoUrl:: https://videos-cloudfront.jwpsrv.com/69c7d5c1_1e1451ba8fbc570786a8695132d676c6f4be5824/content/conversions/S41JwTap/videos/ZyGH7rGK-25175559.mp4
imageUrl:: https://assets-jpcust.jwpsrv.com/thumbnails/6exzuol0-1920.jpg
notFoundMediaUrls: [
  {
    id: 'OqIM1QUl',
    videoUrl: 'https://videos-cloudfront.jwpsrv.com/69c7d5c1_1e1451ba8fbc570786a8695132d676c6f4be5824/content/conversions/S41JwTap/videos/ZyGH7rGK-25175559.mp4'
  },
  {
    id: 'OqIM1QUl',
    imageUrl: 'https://assets-jpcust.jwpsrv.com/thumbnails/6exzuol0-1920.jpg'
  }
]
Media NOT FOUND FOR ID: 5x6k2EES
url: https://cdn.jwplayer.com/v2/sites/S41JwTap/media/5x6k2EES/playback.json?token=eyJhbGciOiJIUzI1NiIsInR5cCI6IkpXVCJ9.eyJyZXNvdXJjZSI6Ii92Mi9zaXRlcy9TNDFKd1RhcC9tZWRpYS81eDZrMkVFUy9wbGF5YmFjay5qc29uIiwiZXhwIjoxNzc0NjY0NDAwfQ.C0O1tn_LYUlW1kxS2kAzN-znkYcpf5SXnJuotbBnDZI
videoUrl:: https://videos-cloudfront.jwpsrv.com/69c7d513_d7c27fee1d690ef922655eb93170fad34b0c4bd7/content/conversions/S41JwTap/videos/tKMaW7qW-25175562.mp4
imageUrl:: https://assets-jpcust.jwpsrv.com/thumbnails/uvk8h74p-1920.jpg
notFoundMediaUrls: [
  {
    id: '5x6k2EES',
    videoUrl: 'https://videos-cloudfront.jwpsrv.com/69c7d513_d7c27fee1d690ef922655eb93170fad34b0c4bd7/content/conversions/S41JwTap/videos/tKMaW7qW-25175562.mp4'
  },
  {
    id: '5x6k2EES',
    imageUrl: 'https://assets-jpcust.jwpsrv.com/thumbnails/uvk8h74p-1920.jpg'
  }
]
Media NOT FOUND FOR ID: 1CBO59AP
url: https://cdn.jwplayer.com/v2/sites/S41JwTap/media/1CBO59AP/playback.json?token=eyJhbGciOiJIUzI1NiIsInR5cCI6IkpXVCJ9.eyJyZXNvdXJjZSI6Ii92Mi9zaXRlcy9TNDFKd1RhcC9tZWRpYS8xQ0JPNTlBUC9wbGF5YmFjay5qc29uIiwiZXhwIjoxNzc0NjY0NDAwfQ.FtXPTQzU7ymj0wNE7N7C_NeB-fOVslybLTb-ErqpOSg
videoUrl:: https://videos-cloudfront.jwpsrv.com/69c7d5f5_4741f2844451cf5c36e9b4101d895d2c889e6cf9/content/conversions/S41JwTap/videos/HYoAtVjm-25175562.mp4
imageUrl:: https://assets-jpcust.jwpsrv.com/thumbnails/u3htozki-1920.jpg
notFoundMediaUrls: [
  {
    id: '1CBO59AP',
    videoUrl: 'https://videos-cloudfront.jwpsrv.com/69c7d5f5_4741f2844451cf5c36e9b4101d895d2c889e6cf9/content/conversions/S41JwTap/videos/HYoAtVjm-25175562.mp4'
  },
  {
    id: '1CBO59AP',
    imageUrl: 'https://assets-jpcust.jwpsrv.com/thumbnails/u3htozki-1920.jpg'
  }
]
Media NOT FOUND FOR ID: tN8Emfm1
url: https://cdn.jwplayer.com/v2/sites/S41JwTap/media/tN8Emfm1/playback.json?token=eyJhbGciOiJIUzI1NiIsInR5cCI6IkpXVCJ9.eyJyZXNvdXJjZSI6Ii92Mi9zaXRlcy9TNDFKd1RhcC9tZWRpYS90TjhFbWZtMS9wbGF5YmFjay5qc29uIiwiZXhwIjoxNzc0NjY0NDAwfQ.w4tTLXZuSppcGK2gdKK7-8P85tF6myVZIK5j6yi93wE
videoUrl:: https://videos-cloudfront.jwpsrv.com/69c7d586_ca3f5a8328d3c34fe4e47eb9eca5cb59a31b732a/content/conversions/S41JwTap/videos/sXaRhTV8-25175562.mp4
imageUrl:: https://assets-jpcust.jwpsrv.com/thumbnails/jhun6hrz-1920.jpg
notFoundMediaUrls: [
  {
    id: 'tN8Emfm1',
    videoUrl: 'https://videos-cloudfront.jwpsrv.com/69c7d586_ca3f5a8328d3c34fe4e47eb9eca5cb59a31b732a/content/conversions/S41JwTap/videos/sXaRhTV8-25175562.mp4'
  },
  {
    id: 'tN8Emfm1',
    imageUrl: 'https://assets-jpcust.jwpsrv.com/thumbnails/jhun6hrz-1920.jpg'
  }
]
Media NOT FOUND FOR ID: jeTNz6bL
url: https://cdn.jwplayer.com/v2/sites/S41JwTap/media/jeTNz6bL/playback.json?token=eyJhbGciOiJIUzI1NiIsInR5cCI6IkpXVCJ9.eyJyZXNvdXJjZSI6Ii92Mi9zaXRlcy9TNDFKd1RhcC9tZWRpYS9qZVROejZiTC9wbGF5YmFjay5qc29uIiwiZXhwIjoxNzc0NjY0NDAwfQ.jhzHvaZdZ0YVWwYJjwc1Tfm47SLoXsac36BD3EKqlvg
videoUrl:: https://videos-cloudfront.jwpsrv.com/69c7d54d_e215eeff4fd296b59a43cd088c63573900b06b6c/content/conversions/S41JwTap/videos/9Qon14ds-25175559.mp4
imageUrl:: https://assets-jpcust.jwpsrv.com/thumbnails/zk5azg0d-1920.jpg
notFoundMediaUrls: [
  {
    id: 'jeTNz6bL',
    videoUrl: 'https://videos-cloudfront.jwpsrv.com/69c7d54d_e215eeff4fd296b59a43cd088c63573900b06b6c/content/conversions/S41JwTap/videos/9Qon14ds-25175559.mp4'
  },
  {
    id: 'jeTNz6bL',
    imageUrl: 'https://assets-jpcust.jwpsrv.com/thumbnails/zk5azg0d-1920.jpg'
  }
]
Media NOT FOUND FOR ID: 3SxjAwhP
url: https://cdn.jwplayer.com/v2/sites/S41JwTap/media/3SxjAwhP/playback.json?token=eyJhbGciOiJIUzI1NiIsInR5cCI6IkpXVCJ9.eyJyZXNvdXJjZSI6Ii92Mi9zaXRlcy9TNDFKd1RhcC9tZWRpYS8zU3hqQXdoUC9wbGF5YmFjay5qc29uIiwiZXhwIjoxNzc0NjY0NDAwfQ.lWsqVSOSJm4VAZuZGIsqW5rA1OUzqy_5fO_TxJpEghI
videoUrl:: https://videos-cloudfront.jwpsrv.com/69c7d54f_24e32b6b502629595d38e826c2340f4ab2cabc66/content/conversions/S41JwTap/videos/gPvwDKSO-25175562.mp4
imageUrl:: https://assets-jpcust.jwpsrv.com/thumbnails/beuwmfyx-1920.jpg
notFoundMediaUrls: [
  {
    id: '3SxjAwhP',
    videoUrl: 'https://videos-cloudfront.jwpsrv.com/69c7d54f_24e32b6b502629595d38e826c2340f4ab2cabc66/content/conversions/S41JwTap/videos/gPvwDKSO-25175562.mp4'
  },
  {
    id: '3SxjAwhP',
    imageUrl: 'https://assets-jpcust.jwpsrv.com/thumbnails/beuwmfyx-1920.jpg'
  }
]
Media NOT FOUND FOR ID: NayxQOoX
url: https://cdn.jwplayer.com/v2/sites/S41JwTap/media/NayxQOoX/playback.json?token=eyJhbGciOiJIUzI1NiIsInR5cCI6IkpXVCJ9.eyJyZXNvdXJjZSI6Ii92Mi9zaXRlcy9TNDFKd1RhcC9tZWRpYS9OYXl4UU9vWC9wbGF5YmFjay5qc29uIiwiZXhwIjoxNzc0NjY0NDAwfQ.0IIWsd6FHB7wUQwRpC4Kcg9QZGCBtv98N6oZCAV-XlQ
videoUrl:: https://videos-cloudfront.jwpsrv.com/69c7d4e2_7a341254722e81057c98cc34d1b61f062d3be64a/content/conversions/S41JwTap/videos/4wPbKzp5-25175562.mp4
imageUrl:: https://assets-jpcust.jwpsrv.com/thumbnails/suekewq2-1920.jpg
notFoundMediaUrls: [
  {
    id: 'NayxQOoX',
    videoUrl: 'https://videos-cloudfront.jwpsrv.com/69c7d4e2_7a341254722e81057c98cc34d1b61f062d3be64a/content/conversions/S41JwTap/videos/4wPbKzp5-25175562.mp4'
  },
  {
    id: 'NayxQOoX',
    imageUrl: 'https://assets-jpcust.jwpsrv.com/thumbnails/suekewq2-1920.jpg'
  }
]
Media NOT FOUND FOR ID: uezOc622
url: https://cdn.jwplayer.com/v2/sites/S41JwTap/media/uezOc622/playback.json?token=eyJhbGciOiJIUzI1NiIsInR5cCI6IkpXVCJ9.eyJyZXNvdXJjZSI6Ii92Mi9zaXRlcy9TNDFKd1RhcC9tZWRpYS91ZXpPYzYyMi9wbGF5YmFjay5qc29uIiwiZXhwIjoxNzc0NjY0NDAwfQ.W2OMdFJ8lG2eI7vAVlAR0CO7mJ8ZFSDitmEV_NyEiwg
videoUrl:: https://videos-cloudfront.jwpsrv.com/69c7d600_016244d09726956bb5b088aedf9cb7fd685576bb/content/conversions/S41JwTap/videos/QsIB08jP-25175562.mp4
imageUrl:: https://assets-jpcust.jwpsrv.com/thumbnails/wk7ievtw-1920.jpg
notFoundMediaUrls: [
  {
    id: 'uezOc622',
    videoUrl: 'https://videos-cloudfront.jwpsrv.com/69c7d600_016244d09726956bb5b088aedf9cb7fd685576bb/content/conversions/S41JwTap/videos/QsIB08jP-25175562.mp4'
  },
  {
    id: 'uezOc622',
    imageUrl: 'https://assets-jpcust.jwpsrv.com/thumbnails/wk7ievtw-1920.jpg'
  }
]
Media found for: vWOZHG3t  header:  video/mp4
Media found for: IxdxeUaa  header:  video/mp4
Media NOT FOUND FOR ID: VH7lTvMd
url: https://cdn.jwplayer.com/v2/sites/S41JwTap/media/VH7lTvMd/playback.json?token=eyJhbGciOiJIUzI1NiIsInR5cCI6IkpXVCJ9.eyJyZXNvdXJjZSI6Ii92Mi9zaXRlcy9TNDFKd1RhcC9tZWRpYS9WSDdsVHZNZC9wbGF5YmFjay5qc29uIiwiZXhwIjoxNzc0NjY0NDAwfQ.xovTK4mTqjFyK4ixbVXxFnp6VFJ-GG-rwJuV7obV3qY
videoUrl:: https://videos-cloudfront.jwpsrv.com/69c7d508_69385b968659407c0f682b04600048689e9eb075/content/conversions/S41JwTap/videos/V2LCSggS-25175562.mp4
imageUrl:: https://assets-jpcust.jwpsrv.com/thumbnails/gmxpcdn3-1920.jpg
notFoundMediaUrls: [
  {
    id: 'VH7lTvMd',
    videoUrl: 'https://videos-cloudfront.jwpsrv.com/69c7d508_69385b968659407c0f682b04600048689e9eb075/content/conversions/S41JwTap/videos/V2LCSggS-25175562.mp4'
  },
  {
    id: 'VH7lTvMd',
    imageUrl: 'https://assets-jpcust.jwpsrv.com/thumbnails/gmxpcdn3-1920.jpg'
  }
]
Media NOT FOUND FOR ID: aZCbnurC
url: https://cdn.jwplayer.com/v2/sites/S41JwTap/media/aZCbnurC/playback.json?token=eyJhbGciOiJIUzI1NiIsInR5cCI6IkpXVCJ9.eyJyZXNvdXJjZSI6Ii92Mi9zaXRlcy9TNDFKd1RhcC9tZWRpYS9hWkNibnVyQy9wbGF5YmFjay5qc29uIiwiZXhwIjoxNzc0NjY0NDAwfQ.GfgruR0eq5W4bN8xtUJaDXF4zxWFLFYW5nc1-R-MoDc
videoUrl:: https://videos-cloudfront.jwpsrv.com/69c7d59b_2cdd861cab9645f67cc05c43f867278559a93baf/content/conversions/S41JwTap/videos/JBLBfr6V-25175562.mp4
imageUrl:: https://assets-jpcust.jwpsrv.com/thumbnails/dvnh6a0o-1920.jpg
notFoundMediaUrls: [
  {
    id: 'aZCbnurC',
    videoUrl: 'https://videos-cloudfront.jwpsrv.com/69c7d59b_2cdd861cab9645f67cc05c43f867278559a93baf/content/conversions/S41JwTap/videos/JBLBfr6V-25175562.mp4'
  },
  {
    id: 'aZCbnurC',
    imageUrl: 'https://assets-jpcust.jwpsrv.com/thumbnails/dvnh6a0o-1920.jpg'
  }
]
Media NOT FOUND FOR ID: 1lmtBUFq
url: https://cdn.jwplayer.com/v2/sites/S41JwTap/media/1lmtBUFq/playback.json?token=eyJhbGciOiJIUzI1NiIsInR5cCI6IkpXVCJ9.eyJyZXNvdXJjZSI6Ii92Mi9zaXRlcy9TNDFKd1RhcC9tZWRpYS8xbG10QlVGcS9wbGF5YmFjay5qc29uIiwiZXhwIjoxNzc0NjY0NDAwfQ.47Sv2UgRCQeAMXwlog9_XJIl-ffjlXjgrM2YQz-UIf4
videoUrl:: https://videos-cloudfront.jwpsrv.com/69c7d619_3e0480b11df95a7ec024c396e62507b62708a9ee/content/conversions/S41JwTap/videos/lIqDCOhC-25175562.mp4
imageUrl:: https://assets-jpcust.jwpsrv.com/thumbnails/oxf7scp3-1920.jpg
notFoundMediaUrls: [
  {
    id: '1lmtBUFq',
    videoUrl: 'https://videos-cloudfront.jwpsrv.com/69c7d619_3e0480b11df95a7ec024c396e62507b62708a9ee/content/conversions/S41JwTap/videos/lIqDCOhC-25175562.mp4'
  },
  {
    id: '1lmtBUFq',
    imageUrl: 'https://assets-jpcust.jwpsrv.com/thumbnails/oxf7scp3-1920.jpg'
  }
]
Media found for: wEqZnQ9y  header:  video/mp4
Media found for: F1NRgWq7  header:  video/mp4
Media found for: NgP0X2j2  header:  video/mp4
Media found for: SgNoAXCr  header:  video/mp4
Media NOT FOUND FOR ID: nzsyYxMi
url: https://cdn.jwplayer.com/v2/sites/S41JwTap/media/nzsyYxMi/playback.json?token=eyJhbGciOiJIUzI1NiIsInR5cCI6IkpXVCJ9.eyJyZXNvdXJjZSI6Ii92Mi9zaXRlcy9TNDFKd1RhcC9tZWRpYS9uenN5WXhNaS9wbGF5YmFjay5qc29uIiwiZXhwIjoxNzc0NjY0NDAwfQ.pHhTrQCBo-K6h8w7Orp9OjiAXOVtOiXCYJJmVsj6uPg
videoUrl:: https://videos-cloudfront.jwpsrv.com/69c7d540_f9cb8ebe7b7ae6df24ef259bbfd3a9c7f2c64578/content/conversions/S41JwTap/videos/PeW3bxzg-25175562.mp4
imageUrl:: https://assets-jpcust.jwpsrv.com/thumbnails/5mtchzk7-1920.jpg
notFoundMediaUrls: [
  {
    id: 'nzsyYxMi',
    videoUrl: 'https://videos-cloudfront.jwpsrv.com/69c7d540_f9cb8ebe7b7ae6df24ef259bbfd3a9c7f2c64578/content/conversions/S41JwTap/videos/PeW3bxzg-25175562.mp4'
  },
  {
    id: 'nzsyYxMi',
    imageUrl: 'https://assets-jpcust.jwpsrv.com/thumbnails/5mtchzk7-1920.jpg'
  }
]
Media NOT FOUND FOR ID: aUjQhiXD
url: https://cdn.jwplayer.com/v2/sites/S41JwTap/media/aUjQhiXD/playback.json?token=eyJhbGciOiJIUzI1NiIsInR5cCI6IkpXVCJ9.eyJyZXNvdXJjZSI6Ii92Mi9zaXRlcy9TNDFKd1RhcC9tZWRpYS9hVWpRaGlYRC9wbGF5YmFjay5qc29uIiwiZXhwIjoxNzc0NjY0NDAwfQ.nRNXH289x_iIoaJnVU0eszHkpa05YylnmliHfSgLzg0
videoUrl:: https://videos-cloudfront.jwpsrv.com/69c7d587_d085e377eaf681234db68b12ba02aa0426834dca/content/conversions/S41JwTap/videos/PLlq2oul-25175562.mp4
imageUrl:: https://assets-jpcust.jwpsrv.com/thumbnails/f2we4rlq-1920.jpg
notFoundMediaUrls: [
  {
    id: 'aUjQhiXD',
    videoUrl: 'https://videos-cloudfront.jwpsrv.com/69c7d587_d085e377eaf681234db68b12ba02aa0426834dca/content/conversions/S41JwTap/videos/PLlq2oul-25175562.mp4'
  },
  {
    id: 'aUjQhiXD',
    imageUrl: 'https://assets-jpcust.jwpsrv.com/thumbnails/f2we4rlq-1920.jpg'
  }
]
Media found for: 9w437cAe  header:  video/mp4
Media found for: 1gekSFBK  header:  video/mp4
Media NOT FOUND FOR ID: KYQZFtBE
url: https://cdn.jwplayer.com/v2/sites/S41JwTap/media/KYQZFtBE/playback.json?token=eyJhbGciOiJIUzI1NiIsInR5cCI6IkpXVCJ9.eyJyZXNvdXJjZSI6Ii92Mi9zaXRlcy9TNDFKd1RhcC9tZWRpYS9LWVFaRnRCRS9wbGF5YmFjay5qc29uIiwiZXhwIjoxNzc0NjY0NDAwfQ.o_AUMDEqs_hbzLRp3Zynl8CFCJ-wp8LEe-qS2axZReE
videoUrl:: https://videos-cloudfront.jwpsrv.com/69c7d5d1_3bf6670fbf1d0b0900f900d405700dcdbd3a4117/content/conversions/S41JwTap/videos/E63holq4-25175562.mp4
imageUrl:: https://assets-jpcust.jwpsrv.com/thumbnails/ijk6xygm-1920.jpg
notFoundMediaUrls: [
  {
    id: 'KYQZFtBE',
    videoUrl: 'https://videos-cloudfront.jwpsrv.com/69c7d5d1_3bf6670fbf1d0b0900f900d405700dcdbd3a4117/content/conversions/S41JwTap/videos/E63holq4-25175562.mp4'
  },
  {
    id: 'KYQZFtBE',
    imageUrl: 'https://assets-jpcust.jwpsrv.com/thumbnails/ijk6xygm-1920.jpg'
  }
]
Media NOT FOUND FOR ID: BNANggfJ
url: https://cdn.jwplayer.com/v2/sites/S41JwTap/media/BNANggfJ/playback.json?token=eyJhbGciOiJIUzI1NiIsInR5cCI6IkpXVCJ9.eyJyZXNvdXJjZSI6Ii92Mi9zaXRlcy9TNDFKd1RhcC9tZWRpYS9CTkFOZ2dmSi9wbGF5YmFjay5qc29uIiwiZXhwIjoxNzc0NjY0NDAwfQ.dpBtUoFh9eJuEV4t3Sty8v4iPgNPXhUTEOlXoL6XS_0
videoUrl:: https://videos-cloudfront.jwpsrv.com/69c7d56a_9e701d0f667c9b88f05883444162f76fa17003d8/content/conversions/S41JwTap/videos/9729t84i-25175562.mp4
imageUrl:: https://assets-jpcust.jwpsrv.com/thumbnails/nxevoo5z-1920.jpg
notFoundMediaUrls: [
  {
    id: 'BNANggfJ',
    videoUrl: 'https://videos-cloudfront.jwpsrv.com/69c7d56a_9e701d0f667c9b88f05883444162f76fa17003d8/content/conversions/S41JwTap/videos/9729t84i-25175562.mp4'
  },
  {
    id: 'BNANggfJ',
    imageUrl: 'https://assets-jpcust.jwpsrv.com/thumbnails/nxevoo5z-1920.jpg'
  }
]
Media NOT FOUND FOR ID: JUJsK1Xb
url: https://cdn.jwplayer.com/v2/sites/S41JwTap/media/JUJsK1Xb/playback.json?token=eyJhbGciOiJIUzI1NiIsInR5cCI6IkpXVCJ9.eyJyZXNvdXJjZSI6Ii92Mi9zaXRlcy9TNDFKd1RhcC9tZWRpYS9KVUpzSzFYYi9wbGF5YmFjay5qc29uIiwiZXhwIjoxNzc0NjY0NDAwfQ.u0SeLX0_if-OgjzHUUYysWbRG2HYkZFIW_fgY-7YdHg
videoUrl:: https://videos-cloudfront.jwpsrv.com/69c7d600_d9269c9ebcf2249b3e67d7d88b1916eb95ec2e65/content/conversions/S41JwTap/videos/iB7Q3lpV-25175562.mp4
imageUrl:: https://assets-jpcust.jwpsrv.com/thumbnails/q33prrwr-1920.jpg
notFoundMediaUrls: [
  {
    id: 'JUJsK1Xb',
    videoUrl: 'https://videos-cloudfront.jwpsrv.com/69c7d600_d9269c9ebcf2249b3e67d7d88b1916eb95ec2e65/content/conversions/S41JwTap/videos/iB7Q3lpV-25175562.mp4'
  },
  {
    id: 'JUJsK1Xb',
    imageUrl: 'https://assets-jpcust.jwpsrv.com/thumbnails/q33prrwr-1920.jpg'
  }
]
Media NOT FOUND FOR ID: dQuYXUU8
url: https://cdn.jwplayer.com/v2/sites/S41JwTap/media/dQuYXUU8/playback.json?token=eyJhbGciOiJIUzI1NiIsInR5cCI6IkpXVCJ9.eyJyZXNvdXJjZSI6Ii92Mi9zaXRlcy9TNDFKd1RhcC9tZWRpYS9kUXVZWFVVOC9wbGF5YmFjay5qc29uIiwiZXhwIjoxNzc0NjY0NDAwfQ.GOztN6jTZK8TY7PnQHu8RQuK_BlV_NfyFMW4rbluPoA
videoUrl:: https://videos-cloudfront.jwpsrv.com/69c7d52f_f67fb866ae46d69b66e2c9b03bf02dc3b7438fa8/content/conversions/S41JwTap/videos/Lgl2ftBQ-25175562.mp4
imageUrl:: https://assets-jpcust.jwpsrv.com/thumbnails/1v4f8znq-1920.jpg
notFoundMediaUrls: [
  {
    id: 'dQuYXUU8',
    videoUrl: 'https://videos-cloudfront.jwpsrv.com/69c7d52f_f67fb866ae46d69b66e2c9b03bf02dc3b7438fa8/content/conversions/S41JwTap/videos/Lgl2ftBQ-25175562.mp4'
  },
  {
    id: 'dQuYXUU8',
    imageUrl: 'https://assets-jpcust.jwpsrv.com/thumbnails/1v4f8znq-1920.jpg'
  }
]
Media NOT FOUND FOR ID: Uly2LH4u
url: https://cdn.jwplayer.com/v2/sites/S41JwTap/media/Uly2LH4u/playback.json?token=eyJhbGciOiJIUzI1NiIsInR5cCI6IkpXVCJ9.eyJyZXNvdXJjZSI6Ii92Mi9zaXRlcy9TNDFKd1RhcC9tZWRpYS9VbHkyTEg0dS9wbGF5YmFjay5qc29uIiwiZXhwIjoxNzc0NjY0NDAwfQ.o56vtmCF1De9W2tdoMNVTBnSb5-K65u2dz_gkKuaJhs
videoUrl:: https://videos-cloudfront.jwpsrv.com/69c7d600_f5e243d65b880114a1911d3edfe969fd29427ec0/content/conversions/S41JwTap/videos/7clg5F5s-25175562.mp4
imageUrl:: https://assets-jpcust.jwpsrv.com/thumbnails/zdzxor14-1920.jpg
notFoundMediaUrls: [
  {
    id: 'Uly2LH4u',
    videoUrl: 'https://videos-cloudfront.jwpsrv.com/69c7d600_f5e243d65b880114a1911d3edfe969fd29427ec0/content/conversions/S41JwTap/videos/7clg5F5s-25175562.mp4'
  },
  {
    id: 'Uly2LH4u',
    imageUrl: 'https://assets-jpcust.jwpsrv.com/thumbnails/zdzxor14-1920.jpg'
  }
]
Media found for: 78O3hpst  header:  video/mp4
Media NOT FOUND FOR ID: VdH7ikPj
url: https://cdn.jwplayer.com/v2/sites/S41JwTap/media/VdH7ikPj/playback.json?token=eyJhbGciOiJIUzI1NiIsInR5cCI6IkpXVCJ9.eyJyZXNvdXJjZSI6Ii92Mi9zaXRlcy9TNDFKd1RhcC9tZWRpYS9WZEg3aWtQai9wbGF5YmFjay5qc29uIiwiZXhwIjoxNzc0NjY0NDAwfQ.aoE9c3c0dJtpE_6pRvserpts1IpZCezSUvE8XxykWDc
videoUrl:: https://videos-cloudfront.jwpsrv.com/69c7d5cd_611dc386b53b43cf001c7255012f2fc003ad3f2c/content/conversions/S41JwTap/videos/r5YK2D1m-25175562.mp4
imageUrl:: https://assets-jpcust.jwpsrv.com/thumbnails/kqo6cb8m-1920.jpg
notFoundMediaUrls: [
  {
    id: 'VdH7ikPj',
    videoUrl: 'https://videos-cloudfront.jwpsrv.com/69c7d5cd_611dc386b53b43cf001c7255012f2fc003ad3f2c/content/conversions/S41JwTap/videos/r5YK2D1m-25175562.mp4'
  },
  {
    id: 'VdH7ikPj',
    imageUrl: 'https://assets-jpcust.jwpsrv.com/thumbnails/kqo6cb8m-1920.jpg'
  }
]
Media NOT FOUND FOR ID: OsHeTB9D
url: https://cdn.jwplayer.com/v2/sites/S41JwTap/media/OsHeTB9D/playback.json?token=eyJhbGciOiJIUzI1NiIsInR5cCI6IkpXVCJ9.eyJyZXNvdXJjZSI6Ii92Mi9zaXRlcy9TNDFKd1RhcC9tZWRpYS9Pc0hlVEI5RC9wbGF5YmFjay5qc29uIiwiZXhwIjoxNzc0NjY0NDAwfQ.xS4dk8TOJ5gwib5-9ujYVKx6RnZb5dzgMhEw_s5sFhw
videoUrl:: https://videos-cloudfront.jwpsrv.com/69c7d536_9c047838d5f5c9cafea17e7dbaf1f53dcd49d288/content/conversions/S41JwTap/videos/d5BqxmxT-25175562.mp4
imageUrl:: https://assets-jpcust.jwpsrv.com/thumbnails/wdq6e4p8-1920.jpg
notFoundMediaUrls: [
  {
    id: 'OsHeTB9D',
    videoUrl: 'https://videos-cloudfront.jwpsrv.com/69c7d536_9c047838d5f5c9cafea17e7dbaf1f53dcd49d288/content/conversions/S41JwTap/videos/d5BqxmxT-25175562.mp4'
  },
  {
    id: 'OsHeTB9D',
    imageUrl: 'https://assets-jpcust.jwpsrv.com/thumbnails/wdq6e4p8-1920.jpg'
  }
]
Media NOT FOUND FOR ID: TXzhSnhm
url: https://cdn.jwplayer.com/v2/sites/S41JwTap/media/TXzhSnhm/playback.json?token=eyJhbGciOiJIUzI1NiIsInR5cCI6IkpXVCJ9.eyJyZXNvdXJjZSI6Ii92Mi9zaXRlcy9TNDFKd1RhcC9tZWRpYS9UWHpoU25obS9wbGF5YmFjay5qc29uIiwiZXhwIjoxNzc0NjY0NDAwfQ.Dob_EhwQ50HrdmPFMr0iVhsUZb_RTQB8Ips3HSAOsMs
videoUrl:: https://videos-cloudfront.jwpsrv.com/69c7d60b_ffdb59c2982989aa76bb1cc48c7a82c4c6ef4e49/content/conversions/S41JwTap/videos/6KFLvryi-25175562.mp4
imageUrl:: https://assets-jpcust.jwpsrv.com/thumbnails/rr24vck9-1920.jpg
notFoundMediaUrls: [
  {
    id: 'TXzhSnhm',
    videoUrl: 'https://videos-cloudfront.jwpsrv.com/69c7d60b_ffdb59c2982989aa76bb1cc48c7a82c4c6ef4e49/content/conversions/S41JwTap/videos/6KFLvryi-25175562.mp4'
  },
  {
    id: 'TXzhSnhm',
    imageUrl: 'https://assets-jpcust.jwpsrv.com/thumbnails/rr24vck9-1920.jpg'
  }
]
Media NOT FOUND FOR ID: BZVpEKmM
url: https://cdn.jwplayer.com/v2/sites/S41JwTap/media/BZVpEKmM/playback.json?token=eyJhbGciOiJIUzI1NiIsInR5cCI6IkpXVCJ9.eyJyZXNvdXJjZSI6Ii92Mi9zaXRlcy9TNDFKd1RhcC9tZWRpYS9CWlZwRUttTS9wbGF5YmFjay5qc29uIiwiZXhwIjoxNzc0NjY0NDAwfQ.iBvBRrfYHM7cKQtJesam01XLtAwPNUXjbbSQ18aDlsU
videoUrl:: https://videos-cloudfront.jwpsrv.com/69c7d518_a4d030e0bb63063f0564398f3ad6a81264422768/content/conversions/S41JwTap/videos/tuztYpxA-25175562.mp4
imageUrl:: https://assets-jpcust.jwpsrv.com/thumbnails/szt73nra-1920.jpg
notFoundMediaUrls: [
  {
    id: 'BZVpEKmM',
    videoUrl: 'https://videos-cloudfront.jwpsrv.com/69c7d518_a4d030e0bb63063f0564398f3ad6a81264422768/content/conversions/S41JwTap/videos/tuztYpxA-25175562.mp4'
  },
  {
    id: 'BZVpEKmM',
    imageUrl: 'https://assets-jpcust.jwpsrv.com/thumbnails/szt73nra-1920.jpg'
  }
]
Media NOT FOUND FOR ID: DXUzMO2r
url: https://cdn.jwplayer.com/v2/sites/S41JwTap/media/DXUzMO2r/playback.json?token=eyJhbGciOiJIUzI1NiIsInR5cCI6IkpXVCJ9.eyJyZXNvdXJjZSI6Ii92Mi9zaXRlcy9TNDFKd1RhcC9tZWRpYS9EWFV6TU8yci9wbGF5YmFjay5qc29uIiwiZXhwIjoxNzc0NjY0NDAwfQ.Owzq4UDqr_FNcYbtd7OP8q2ZxxsQouie0Poz5BPy5nU
videoUrl:: https://videos-cloudfront.jwpsrv.com/69c7d613_47bfd8558adf62df6eade6f42b7f31f59d42f2b0/content/conversions/S41JwTap/videos/Ol4qTqhf-25175562.mp4
imageUrl:: https://assets-jpcust.jwpsrv.com/thumbnails/xidaq4xl-1920.jpg
notFoundMediaUrls: [
  {
    id: 'DXUzMO2r',
    videoUrl: 'https://videos-cloudfront.jwpsrv.com/69c7d613_47bfd8558adf62df6eade6f42b7f31f59d42f2b0/content/conversions/S41JwTap/videos/Ol4qTqhf-25175562.mp4'
  },
  {
    id: 'DXUzMO2r',
    imageUrl: 'https://assets-jpcust.jwpsrv.com/thumbnails/xidaq4xl-1920.jpg'
  }
]
Media NOT FOUND FOR ID: ykhJaXTn
url: https://cdn.jwplayer.com/v2/sites/S41JwTap/media/ykhJaXTn/playback.json?token=eyJhbGciOiJIUzI1NiIsInR5cCI6IkpXVCJ9.eyJyZXNvdXJjZSI6Ii92Mi9zaXRlcy9TNDFKd1RhcC9tZWRpYS95a2hKYVhUbi9wbGF5YmFjay5qc29uIiwiZXhwIjoxNzc0NjY0NDAwfQ.2XUeQB8jP355kFDf_a1I49HUbU8zjQBy8V_1CO_s-zU
videoUrl:: https://videos-cloudfront.jwpsrv.com/69c7d581_40b0f51c7ef7499ace1f809a755912f4010d13cd/content/conversions/S41JwTap/videos/DM93Skpm-25175562.mp4
imageUrl:: https://assets-jpcust.jwpsrv.com/thumbnails/hhy9gqte-1920.jpg
notFoundMediaUrls: [
  {
    id: 'ykhJaXTn',
    videoUrl: 'https://videos-cloudfront.jwpsrv.com/69c7d581_40b0f51c7ef7499ace1f809a755912f4010d13cd/content/conversions/S41JwTap/videos/DM93Skpm-25175562.mp4'
  },
  {
    id: 'ykhJaXTn',
    imageUrl: 'https://assets-jpcust.jwpsrv.com/thumbnails/hhy9gqte-1920.jpg'
  }
]
Media NOT FOUND FOR ID: fxLh50Od
url: https://cdn.jwplayer.com/v2/sites/S41JwTap/media/fxLh50Od/playback.json?token=eyJhbGciOiJIUzI1NiIsInR5cCI6IkpXVCJ9.eyJyZXNvdXJjZSI6Ii92Mi9zaXRlcy9TNDFKd1RhcC9tZWRpYS9meExoNTBPZC9wbGF5YmFjay5qc29uIiwiZXhwIjoxNzc0NjY0NDAwfQ.G3Y3O8wuiQGMKKTPzpezKc7M9lY67wgkURTuXJICl3o
videoUrl:: https://videos-cloudfront.jwpsrv.com/69c7d571_55b85f9e16fd2b1e76adda60560d61f11c5bd399/content/conversions/S41JwTap/videos/ZjSLOc9M-25175562.mp4
imageUrl:: https://assets-jpcust.jwpsrv.com/thumbnails/w5vhm76z-1920.jpg
notFoundMediaUrls: [
  {
    id: 'fxLh50Od',
    videoUrl: 'https://videos-cloudfront.jwpsrv.com/69c7d571_55b85f9e16fd2b1e76adda60560d61f11c5bd399/content/conversions/S41JwTap/videos/ZjSLOc9M-25175562.mp4'
  },
  {
    id: 'fxLh50Od',
    imageUrl: 'https://assets-jpcust.jwpsrv.com/thumbnails/w5vhm76z-1920.jpg'
  }
]
Media NOT FOUND FOR ID: sDaDTCtX
url: https://cdn.jwplayer.com/v2/sites/S41JwTap/media/sDaDTCtX/playback.json?token=eyJhbGciOiJIUzI1NiIsInR5cCI6IkpXVCJ9.eyJyZXNvdXJjZSI6Ii92Mi9zaXRlcy9TNDFKd1RhcC9tZWRpYS9zRGFEVEN0WC9wbGF5YmFjay5qc29uIiwiZXhwIjoxNzc0NjY0NDAwfQ.R5RhShsgvCxl9Ty53WsaGMoyPWNv3zT4-tlvcQgossk
videoUrl:: https://videos-cloudfront.jwpsrv.com/69c7d583_fb4a0ed29db0120c33105eea6660558b0658a3d3/content/conversions/S41JwTap/videos/OhhrzMMS-25175559.mp4
imageUrl:: https://assets-jpcust.jwpsrv.com/thumbnails/37ot335w-1920.jpg
notFoundMediaUrls: [
  {
    id: 'sDaDTCtX',
    videoUrl: 'https://videos-cloudfront.jwpsrv.com/69c7d583_fb4a0ed29db0120c33105eea6660558b0658a3d3/content/conversions/S41JwTap/videos/OhhrzMMS-25175559.mp4'
  },
  {
    id: 'sDaDTCtX',
    imageUrl: 'https://assets-jpcust.jwpsrv.com/thumbnails/37ot335w-1920.jpg'
  }
]
Media found for: nuJocHfg  header:  video/mp4
Media NOT FOUND FOR ID: pfDa9tUq
url: https://cdn.jwplayer.com/v2/sites/S41JwTap/media/pfDa9tUq/playback.json?token=eyJhbGciOiJIUzI1NiIsInR5cCI6IkpXVCJ9.eyJyZXNvdXJjZSI6Ii92Mi9zaXRlcy9TNDFKd1RhcC9tZWRpYS9wZkRhOXRVcS9wbGF5YmFjay5qc29uIiwiZXhwIjoxNzc0NjY0NDAwfQ.Eg-Neq0983wJOjJ72SntFGwGx5xCsX8oup7D5u1HNKY
videoUrl:: https://videos-cloudfront.jwpsrv.com/69c7d52f_bd5abed6c284dac3f32e5f7b68216a046c7cac94/content/conversions/S41JwTap/videos/745svAM8-25175559.mp4
imageUrl:: https://assets-jpcust.jwpsrv.com/thumbnails/hvqzcrzq-1920.jpg
notFoundMediaUrls: [
  {
    id: 'pfDa9tUq',
    videoUrl: 'https://videos-cloudfront.jwpsrv.com/69c7d52f_bd5abed6c284dac3f32e5f7b68216a046c7cac94/content/conversions/S41JwTap/videos/745svAM8-25175559.mp4'
  },
  {
    id: 'pfDa9tUq',
    imageUrl: 'https://assets-jpcust.jwpsrv.com/thumbnails/hvqzcrzq-1920.jpg'
  }
]
Media NOT FOUND FOR ID: pgUW6ILS
url: https://cdn.jwplayer.com/v2/sites/S41JwTap/media/pgUW6ILS/playback.json?token=eyJhbGciOiJIUzI1NiIsInR5cCI6IkpXVCJ9.eyJyZXNvdXJjZSI6Ii92Mi9zaXRlcy9TNDFKd1RhcC9tZWRpYS9wZ1VXNklMUy9wbGF5YmFjay5qc29uIiwiZXhwIjoxNzc0NjY0NDAwfQ.ErXZ2i5wGwQdCOWIs0DTW05G4lIgnI0KNlau94zLpCs
videoUrl:: https://videos-cloudfront.jwpsrv.com/69c7d53a_67d1955db2f8b31d00ba1ea382081b0f148c807a/content/conversions/S41JwTap/videos/EUvBaydS-25175559.mp4
imageUrl:: https://assets-jpcust.jwpsrv.com/thumbnails/ldovk90l-1920.jpg
notFoundMediaUrls: [
  {
    id: 'pgUW6ILS',
    videoUrl: 'https://videos-cloudfront.jwpsrv.com/69c7d53a_67d1955db2f8b31d00ba1ea382081b0f148c807a/content/conversions/S41JwTap/videos/EUvBaydS-25175559.mp4'
  },
  {
    id: 'pgUW6ILS',
    imageUrl: 'https://assets-jpcust.jwpsrv.com/thumbnails/ldovk90l-1920.jpg'
  }
]
Media NOT FOUND FOR ID: tU8rXpRI
url: https://cdn.jwplayer.com/v2/sites/S41JwTap/media/tU8rXpRI/playback.json?token=eyJhbGciOiJIUzI1NiIsInR5cCI6IkpXVCJ9.eyJyZXNvdXJjZSI6Ii92Mi9zaXRlcy9TNDFKd1RhcC9tZWRpYS90VThyWHBSSS9wbGF5YmFjay5qc29uIiwiZXhwIjoxNzc0NjY0NDAwfQ.9HGMcHAayNO1CuPzp11wLpkXMt7BcOJXAdF1-zqsQFg
videoUrl:: https://videos-cloudfront.jwpsrv.com/69c7d53f_7e07b509d9e1fbfc92165fba4aae4b368a08daa4/content/conversions/S41JwTap/videos/gvVUYL9V-25175559.mp4
imageUrl:: https://assets-jpcust.jwpsrv.com/thumbnails/rip1gocw-1920.jpg
notFoundMediaUrls: [
  {
    id: 'tU8rXpRI',
    videoUrl: 'https://videos-cloudfront.jwpsrv.com/69c7d53f_7e07b509d9e1fbfc92165fba4aae4b368a08daa4/content/conversions/S41JwTap/videos/gvVUYL9V-25175559.mp4'
  },
  {
    id: 'tU8rXpRI',
    imageUrl: 'https://assets-jpcust.jwpsrv.com/thumbnails/rip1gocw-1920.jpg'
  }
]
Media found for: xXKW1BeR  header:  video/mp4
Media found for: a2skv2Jk  header:  video/mp4
Media NOT FOUND FOR ID: ivwmzKeP
url: https://cdn.jwplayer.com/v2/sites/S41JwTap/media/ivwmzKeP/playback.json?token=eyJhbGciOiJIUzI1NiIsInR5cCI6IkpXVCJ9.eyJyZXNvdXJjZSI6Ii92Mi9zaXRlcy9TNDFKd1RhcC9tZWRpYS9pdndtektlUC9wbGF5YmFjay5qc29uIiwiZXhwIjoxNzc0NjY0NDAwfQ.KwhwoqKK-aIXqBijciQVEfzK_RnFj38leSyjJAZpF9Y
videoUrl:: https://videos-cloudfront.jwpsrv.com/69c7d636_7959d9792b9a60cfc73814d6c61557befe6c5e38/content/conversions/S41JwTap/videos/4ilvhb9K-25175559.mp4
imageUrl:: https://assets-jpcust.jwpsrv.com/thumbnails/ysd8gcse-1920.jpg
notFoundMediaUrls: [
  {
    id: 'ivwmzKeP',
    videoUrl: 'https://videos-cloudfront.jwpsrv.com/69c7d636_7959d9792b9a60cfc73814d6c61557befe6c5e38/content/conversions/S41JwTap/videos/4ilvhb9K-25175559.mp4'
  },
  {
    id: 'ivwmzKeP',
    imageUrl: 'https://assets-jpcust.jwpsrv.com/thumbnails/ysd8gcse-1920.jpg'
  }
]
Media NOT FOUND FOR ID: aqivaLMD
url: https://cdn.jwplayer.com/v2/sites/S41JwTap/media/aqivaLMD/playback.json?token=eyJhbGciOiJIUzI1NiIsInR5cCI6IkpXVCJ9.eyJyZXNvdXJjZSI6Ii92Mi9zaXRlcy9TNDFKd1RhcC9tZWRpYS9hcWl2YUxNRC9wbGF5YmFjay5qc29uIiwiZXhwIjoxNzc0NjY0NDAwfQ.1rQi7HE9PAHEIyk2bV55LJ2pSqbWHdfq3Aa_3OSu26I
videoUrl:: https://videos-cloudfront.jwpsrv.com/69c7d61e_2d4f9f4d943537447581f58249263801f2d1a69b/content/conversions/S41JwTap/videos/bUgnzpQA-25175559.mp4
imageUrl:: https://assets-jpcust.jwpsrv.com/thumbnails/qjogguzd-1920.jpg
notFoundMediaUrls: [
  {
    id: 'aqivaLMD',
    videoUrl: 'https://videos-cloudfront.jwpsrv.com/69c7d61e_2d4f9f4d943537447581f58249263801f2d1a69b/content/conversions/S41JwTap/videos/bUgnzpQA-25175559.mp4'
  },
  {
    id: 'aqivaLMD',
    imageUrl: 'https://assets-jpcust.jwpsrv.com/thumbnails/qjogguzd-1920.jpg'
  }
]
Media NOT FOUND FOR ID: 2gn0tNP3
url: https://cdn.jwplayer.com/v2/sites/S41JwTap/media/2gn0tNP3/playback.json?token=eyJhbGciOiJIUzI1NiIsInR5cCI6IkpXVCJ9.eyJyZXNvdXJjZSI6Ii92Mi9zaXRlcy9TNDFKd1RhcC9tZWRpYS8yZ24wdE5QMy9wbGF5YmFjay5qc29uIiwiZXhwIjoxNzc0NjY0NDAwfQ.I7mnjH15MKpcFt2dN_fc9uFvnrXIwEOoUldATizTgb8
videoUrl:: https://videos-cloudfront.jwpsrv.com/69c7d5ce_8652a3b70ee3b0d213808b16c0497d5b577fd253/content/conversions/S41JwTap/videos/gvl5OLZT-25175559.mp4
imageUrl:: https://assets-jpcust.jwpsrv.com/thumbnails/ul012s5q-1920.jpg
notFoundMediaUrls: [
  {
    id: '2gn0tNP3',
    videoUrl: 'https://videos-cloudfront.jwpsrv.com/69c7d5ce_8652a3b70ee3b0d213808b16c0497d5b577fd253/content/conversions/S41JwTap/videos/gvl5OLZT-25175559.mp4'
  },
  {
    id: '2gn0tNP3',
    imageUrl: 'https://assets-jpcust.jwpsrv.com/thumbnails/ul012s5q-1920.jpg'
  }
]
Media found for: RoPtfFUK  header:  video/mp4
Media found for: nnFkIFzc  header:  video/mp4
Media NOT FOUND FOR ID: CPCNDw5Q
url: https://cdn.jwplayer.com/v2/sites/S41JwTap/media/CPCNDw5Q/playback.json?token=eyJhbGciOiJIUzI1NiIsInR5cCI6IkpXVCJ9.eyJyZXNvdXJjZSI6Ii92Mi9zaXRlcy9TNDFKd1RhcC9tZWRpYS9DUENORHc1US9wbGF5YmFjay5qc29uIiwiZXhwIjoxNzc0NjY0NDAwfQ.Fpfhqm7JkqWJQ_aD-14v9Q1Hbb3sQsFQWeEqBZapVBo
videoUrl:: https://videos-cloudfront.jwpsrv.com/69c7d5b4_cc65b42af9531f6e35b2d16fd48ccd1423ad48bb/content/conversions/S41JwTap/videos/lbivOpmu-25175559.mp4
imageUrl:: https://assets-jpcust.jwpsrv.com/thumbnails/sqglzsgc-1920.jpg
notFoundMediaUrls: [
  {
    id: 'CPCNDw5Q',
    videoUrl: 'https://videos-cloudfront.jwpsrv.com/69c7d5b4_cc65b42af9531f6e35b2d16fd48ccd1423ad48bb/content/conversions/S41JwTap/videos/lbivOpmu-25175559.mp4'
  },
  {
    id: 'CPCNDw5Q',
    imageUrl: 'https://assets-jpcust.jwpsrv.com/thumbnails/sqglzsgc-1920.jpg'
  }
]
Media NOT FOUND FOR ID: qAX4ppwf
url: https://cdn.jwplayer.com/v2/sites/S41JwTap/media/qAX4ppwf/playback.json?token=eyJhbGciOiJIUzI1NiIsInR5cCI6IkpXVCJ9.eyJyZXNvdXJjZSI6Ii92Mi9zaXRlcy9TNDFKd1RhcC9tZWRpYS9xQVg0cHB3Zi9wbGF5YmFjay5qc29uIiwiZXhwIjoxNzc0NjY0NDAwfQ.LsEEux99OxmLPjr0GL1H7kU1iHAi8ILY2zmsgXG7iVk
videoUrl:: https://videos-cloudfront.jwpsrv.com/69c7d63d_2c200d0859fba1bd982f00a956e33bb3a8b36bff/content/conversions/S41JwTap/videos/QfPp2Yng-25175559.mp4
imageUrl:: https://assets-jpcust.jwpsrv.com/thumbnails/6g4fxl00-1920.jpg
notFoundMediaUrls: [
  {
    id: 'qAX4ppwf',
    videoUrl: 'https://videos-cloudfront.jwpsrv.com/69c7d63d_2c200d0859fba1bd982f00a956e33bb3a8b36bff/content/conversions/S41JwTap/videos/QfPp2Yng-25175559.mp4'
  },
  {
    id: 'qAX4ppwf',
    imageUrl: 'https://assets-jpcust.jwpsrv.com/thumbnails/6g4fxl00-1920.jpg'
  }
]
Media found for: smEXVXyC  header:  video/mp4
Media NOT FOUND FOR ID: gXx5Iagi
url: https://cdn.jwplayer.com/v2/sites/S41JwTap/media/gXx5Iagi/playback.json?token=eyJhbGciOiJIUzI1NiIsInR5cCI6IkpXVCJ9.eyJyZXNvdXJjZSI6Ii92Mi9zaXRlcy9TNDFKd1RhcC9tZWRpYS9nWHg1SWFnaS9wbGF5YmFjay5qc29uIiwiZXhwIjoxNzc0NjY0NDAwfQ.-h4aAb8MWe6fVLCbxlCCqXeo1PUnOTtEwZsmYJ32tno
videoUrl:: https://videos-cloudfront.jwpsrv.com/69c7d57a_9b80b571bd479567d5e1d7f961b571a236bff9fd/content/conversions/S41JwTap/videos/iIoYT6M8-25175559.mp4
imageUrl:: https://assets-jpcust.jwpsrv.com/thumbnails/h5kogsd1-1920.jpg
notFoundMediaUrls: [
  {
    id: 'gXx5Iagi',
    videoUrl: 'https://videos-cloudfront.jwpsrv.com/69c7d57a_9b80b571bd479567d5e1d7f961b571a236bff9fd/content/conversions/S41JwTap/videos/iIoYT6M8-25175559.mp4'
  },
  {
    id: 'gXx5Iagi',
    imageUrl: 'https://assets-jpcust.jwpsrv.com/thumbnails/h5kogsd1-1920.jpg'
  }
]
Media found for: rN8oJyE3  header:  video/mp4
Media NOT FOUND FOR ID: dQFE1jIU
url: https://cdn.jwplayer.com/v2/sites/S41JwTap/media/dQFE1jIU/playback.json?token=eyJhbGciOiJIUzI1NiIsInR5cCI6IkpXVCJ9.eyJyZXNvdXJjZSI6Ii92Mi9zaXRlcy9TNDFKd1RhcC9tZWRpYS9kUUZFMWpJVS9wbGF5YmFjay5qc29uIiwiZXhwIjoxNzc0NjY0NDAwfQ.ZJMZXPSl2UHfk8nqvdMUDCw3k7TjKCLVmATv1qU01hY
videoUrl:: https://videos-cloudfront.jwpsrv.com/69c7d61a_440a495b5e6c96038b08b357559f4491c65b69a3/content/conversions/S41JwTap/videos/o4R2QyTj-25175559.mp4
imageUrl:: https://assets-jpcust.jwpsrv.com/thumbnails/ulfswj57-1920.jpg
notFoundMediaUrls: [
  {
    id: 'dQFE1jIU',
    videoUrl: 'https://videos-cloudfront.jwpsrv.com/69c7d61a_440a495b5e6c96038b08b357559f4491c65b69a3/content/conversions/S41JwTap/videos/o4R2QyTj-25175559.mp4'
  },
  {
    id: 'dQFE1jIU',
    imageUrl: 'https://assets-jpcust.jwpsrv.com/thumbnails/ulfswj57-1920.jpg'
  }
]
Media NOT FOUND FOR ID: HntRJR6K
url: https://cdn.jwplayer.com/v2/sites/S41JwTap/media/HntRJR6K/playback.json?token=eyJhbGciOiJIUzI1NiIsInR5cCI6IkpXVCJ9.eyJyZXNvdXJjZSI6Ii92Mi9zaXRlcy9TNDFKd1RhcC9tZWRpYS9IbnRSSlI2Sy9wbGF5YmFjay5qc29uIiwiZXhwIjoxNzc0NjY0NDAwfQ.jB0mcrTgxE4RXX6G-UK9B5N8SdmW2P4a394nmjC28GU
videoUrl:: https://videos-cloudfront.jwpsrv.com/69c7d54f_b6384b0869a9c8eff2205592b422be6f14ad42a3/content/conversions/S41JwTap/videos/XZRLU6bw-25175559.mp4
imageUrl:: https://assets-jpcust.jwpsrv.com/thumbnails/bk3xi3js-1920.jpg
notFoundMediaUrls: [
  {
    id: 'HntRJR6K',
    videoUrl: 'https://videos-cloudfront.jwpsrv.com/69c7d54f_b6384b0869a9c8eff2205592b422be6f14ad42a3/content/conversions/S41JwTap/videos/XZRLU6bw-25175559.mp4'
  },
  {
    id: 'HntRJR6K',
    imageUrl: 'https://assets-jpcust.jwpsrv.com/thumbnails/bk3xi3js-1920.jpg'
  }
]
Media NOT FOUND FOR ID: n3Ba1rcf
url: https://cdn.jwplayer.com/v2/sites/S41JwTap/media/n3Ba1rcf/playback.json?token=eyJhbGciOiJIUzI1NiIsInR5cCI6IkpXVCJ9.eyJyZXNvdXJjZSI6Ii92Mi9zaXRlcy9TNDFKd1RhcC9tZWRpYS9uM0JhMXJjZi9wbGF5YmFjay5qc29uIiwiZXhwIjoxNzc0NjY0NDAwfQ.meyDAh_rBE2l6Mu83ibCl5HnwlpdmCRVwW1eLKC_gtQ
videoUrl:: https://videos-cloudfront.jwpsrv.com/69c7d5c7_e9affdc32ad555038c2ddd0caa721b52478b32c0/content/conversions/S41JwTap/videos/H1OH9PIh-25175559.mp4
imageUrl:: https://assets-jpcust.jwpsrv.com/thumbnails/7g57ff45-1920.jpg
notFoundMediaUrls: [
  {
    id: 'n3Ba1rcf',
    videoUrl: 'https://videos-cloudfront.jwpsrv.com/69c7d5c7_e9affdc32ad555038c2ddd0caa721b52478b32c0/content/conversions/S41JwTap/videos/H1OH9PIh-25175559.mp4'
  },
  {
    id: 'n3Ba1rcf',
    imageUrl: 'https://assets-jpcust.jwpsrv.com/thumbnails/7g57ff45-1920.jpg'
  }
]
Media NOT FOUND FOR ID: qStXbAym
url: https://cdn.jwplayer.com/v2/sites/S41JwTap/media/qStXbAym/playback.json?token=eyJhbGciOiJIUzI1NiIsInR5cCI6IkpXVCJ9.eyJyZXNvdXJjZSI6Ii92Mi9zaXRlcy9TNDFKd1RhcC9tZWRpYS9xU3RYYkF5bS9wbGF5YmFjay5qc29uIiwiZXhwIjoxNzc0NjY0NDAwfQ.1fKFVh7KVvM-Zoh2IkQQBF-X6vVET7xJHO7N75aUGiU
videoUrl:: https://videos-cloudfront.jwpsrv.com/69c7d54c_8c3ac5f14c29afbff52653d05e748d268f1e103d/content/conversions/S41JwTap/videos/InYKMOMO-25175559.mp4
imageUrl:: https://assets-jpcust.jwpsrv.com/thumbnails/h1zaftrw-1920.jpg
notFoundMediaUrls: [
  {
    id: 'qStXbAym',
    videoUrl: 'https://videos-cloudfront.jwpsrv.com/69c7d54c_8c3ac5f14c29afbff52653d05e748d268f1e103d/content/conversions/S41JwTap/videos/InYKMOMO-25175559.mp4'
  },
  {
    id: 'qStXbAym',
    imageUrl: 'https://assets-jpcust.jwpsrv.com/thumbnails/h1zaftrw-1920.jpg'
  }
]
Media found for: yCkHfgj1  header:  video/mp4
Media found for: W6VYd8ry  header:  video/mp4
Media NOT FOUND FOR ID: q7JqTU6A
url: https://cdn.jwplayer.com/v2/sites/S41JwTap/media/q7JqTU6A/playback.json?token=eyJhbGciOiJIUzI1NiIsInR5cCI6IkpXVCJ9.eyJyZXNvdXJjZSI6Ii92Mi9zaXRlcy9TNDFKd1RhcC9tZWRpYS9xN0pxVFU2QS9wbGF5YmFjay5qc29uIiwiZXhwIjoxNzc0NjY0NDAwfQ.6xQZiE-KCR9VebPzbal3_Oq61b2atcSpt77KTueNdIY
videoUrl:: https://videos-cloudfront.jwpsrv.com/69c7d5ee_91f6380c6e79051674c29f4caa760303883b40fa/content/conversions/S41JwTap/videos/8Kcz0d53-25175559.mp4
imageUrl:: https://assets-jpcust.jwpsrv.com/thumbnails/s75y1pr3-1920.jpg
notFoundMediaUrls: [
  {
    id: 'q7JqTU6A',
    videoUrl: 'https://videos-cloudfront.jwpsrv.com/69c7d5ee_91f6380c6e79051674c29f4caa760303883b40fa/content/conversions/S41JwTap/videos/8Kcz0d53-25175559.mp4'
  },
  {
    id: 'q7JqTU6A',
    imageUrl: 'https://assets-jpcust.jwpsrv.com/thumbnails/s75y1pr3-1920.jpg'
  }
]
Media NOT FOUND FOR ID: LSR6n9Dt
url: https://cdn.jwplayer.com/v2/sites/S41JwTap/media/LSR6n9Dt/playback.json?token=eyJhbGciOiJIUzI1NiIsInR5cCI6IkpXVCJ9.eyJyZXNvdXJjZSI6Ii92Mi9zaXRlcy9TNDFKd1RhcC9tZWRpYS9MU1I2bjlEdC9wbGF5YmFjay5qc29uIiwiZXhwIjoxNzc0NjY0NDAwfQ.vF2wdU_DzdWsteaMfouMnUo-TeAOriB90egnmwapvfw
videoUrl:: https://videos-cloudfront.jwpsrv.com/69c7d63b_b9fc0d6424ceebd6b2d4e1b338d4bcc7323243de/content/conversions/S41JwTap/videos/4JJj7oAP-25175559.mp4
imageUrl:: https://assets-jpcust.jwpsrv.com/thumbnails/cry98wvk-1920.jpg
notFoundMediaUrls: [
  {
    id: 'LSR6n9Dt',
    videoUrl: 'https://videos-cloudfront.jwpsrv.com/69c7d63b_b9fc0d6424ceebd6b2d4e1b338d4bcc7323243de/content/conversions/S41JwTap/videos/4JJj7oAP-25175559.mp4'
  },
  {
    id: 'LSR6n9Dt',
    imageUrl: 'https://assets-jpcust.jwpsrv.com/thumbnails/cry98wvk-1920.jpg'
  }
]
Media found for: gz1EqrQH  header:  video/mp4
Media found for: vDpsNh0O  header:  video/mp4
Media NOT FOUND FOR ID: dRxAA6zc
url: https://cdn.jwplayer.com/v2/sites/S41JwTap/media/dRxAA6zc/playback.json?token=eyJhbGciOiJIUzI1NiIsInR5cCI6IkpXVCJ9.eyJyZXNvdXJjZSI6Ii92Mi9zaXRlcy9TNDFKd1RhcC9tZWRpYS9kUnhBQTZ6Yy9wbGF5YmFjay5qc29uIiwiZXhwIjoxNzc0NjY0NDAwfQ.AETyFpcE2kQRKJR6cY7TBBsrphP0V7TMcpJeH4d5rIE
videoUrl:: https://videos-cloudfront.jwpsrv.com/69c7d5da_10ef616a89310730978565fa3116856f6d14e03f/content/conversions/S41JwTap/videos/dpAMEi07-25175559.mp4
imageUrl:: https://assets-jpcust.jwpsrv.com/thumbnails/fh3tg0y5-1920.jpg
notFoundMediaUrls: [
  {
    id: 'dRxAA6zc',
    videoUrl: 'https://videos-cloudfront.jwpsrv.com/69c7d5da_10ef616a89310730978565fa3116856f6d14e03f/content/conversions/S41JwTap/videos/dpAMEi07-25175559.mp4'
  },
  {
    id: 'dRxAA6zc',
    imageUrl: 'https://assets-jpcust.jwpsrv.com/thumbnails/fh3tg0y5-1920.jpg'
  }
]
Media NOT FOUND FOR ID: 5iewdcOM
url: https://cdn.jwplayer.com/v2/sites/S41JwTap/media/5iewdcOM/playback.json?token=eyJhbGciOiJIUzI1NiIsInR5cCI6IkpXVCJ9.eyJyZXNvdXJjZSI6Ii92Mi9zaXRlcy9TNDFKd1RhcC9tZWRpYS81aWV3ZGNPTS9wbGF5YmFjay5qc29uIiwiZXhwIjoxNzc0NjY0NDAwfQ.pNnv2-Y7_1XQ1TyoVcx_sY7LNTDrhmEW44zR3BJvFYk
videoUrl:: https://videos-cloudfront.jwpsrv.com/69c7d604_64835f0e15955c3d3a214624e805323eafd0fdeb/content/conversions/S41JwTap/videos/gA0Mt1E8-25175559.mp4
imageUrl:: https://assets-jpcust.jwpsrv.com/thumbnails/qnuzbhf4-1920.jpg
notFoundMediaUrls: [
  {
    id: '5iewdcOM',
    videoUrl: 'https://videos-cloudfront.jwpsrv.com/69c7d604_64835f0e15955c3d3a214624e805323eafd0fdeb/content/conversions/S41JwTap/videos/gA0Mt1E8-25175559.mp4'
  },
  {
    id: '5iewdcOM',
    imageUrl: 'https://assets-jpcust.jwpsrv.com/thumbnails/qnuzbhf4-1920.jpg'
  }
]
Media NOT FOUND FOR ID: GJOTUIkN
url: https://cdn.jwplayer.com/v2/sites/S41JwTap/media/GJOTUIkN/playback.json?token=eyJhbGciOiJIUzI1NiIsInR5cCI6IkpXVCJ9.eyJyZXNvdXJjZSI6Ii92Mi9zaXRlcy9TNDFKd1RhcC9tZWRpYS9HSk9UVUlrTi9wbGF5YmFjay5qc29uIiwiZXhwIjoxNzc0NjY0NDAwfQ.xcca3Eby2DHIaDlUtTl9tUZNCW-21XLVqjdmgpNsFU0
videoUrl:: https://videos-cloudfront.jwpsrv.com/69c7d659_70f298bb1ba3410e2ec30e1a92924887a9e1cb9d/content/conversions/S41JwTap/videos/8a3sEEmY-25175559.mp4
imageUrl:: https://assets-jpcust.jwpsrv.com/thumbnails/ix5kh6v8-1920.jpg
notFoundMediaUrls: [
  {
    id: 'GJOTUIkN',
    videoUrl: 'https://videos-cloudfront.jwpsrv.com/69c7d659_70f298bb1ba3410e2ec30e1a92924887a9e1cb9d/content/conversions/S41JwTap/videos/8a3sEEmY-25175559.mp4'
  },
  {
    id: 'GJOTUIkN',
    imageUrl: 'https://assets-jpcust.jwpsrv.com/thumbnails/ix5kh6v8-1920.jpg'
  }
]
Media found for: luWr291B  header:  video/mp4
Media found for: Lx2MVieS  header:  video/mp4
Media NOT FOUND FOR ID: zr4zAL5b
url: https://cdn.jwplayer.com/v2/sites/S41JwTap/media/zr4zAL5b/playback.json?token=eyJhbGciOiJIUzI1NiIsInR5cCI6IkpXVCJ9.eyJyZXNvdXJjZSI6Ii92Mi9zaXRlcy9TNDFKd1RhcC9tZWRpYS96cjR6QUw1Yi9wbGF5YmFjay5qc29uIiwiZXhwIjoxNzc0NjY0NDAwfQ.aYdQ6qUu8hNA21wWWHTdbBIoIxcIzpaK-rsMJkGfFAE
videoUrl:: https://videos-cloudfront.jwpsrv.com/69c7d5e6_5e9f209d2d4c74c944f9a1d83292a51274b8ad3c/content/conversions/S41JwTap/videos/wCMiGBr2-25175559.mp4
imageUrl:: https://assets-jpcust.jwpsrv.com/thumbnails/e5o2az7t-1920.jpg
notFoundMediaUrls: [
  {
    id: 'zr4zAL5b',
    videoUrl: 'https://videos-cloudfront.jwpsrv.com/69c7d5e6_5e9f209d2d4c74c944f9a1d83292a51274b8ad3c/content/conversions/S41JwTap/videos/wCMiGBr2-25175559.mp4'
  },
  {
    id: 'zr4zAL5b',
    imageUrl: 'https://assets-jpcust.jwpsrv.com/thumbnails/e5o2az7t-1920.jpg'
  }
]
Media NOT FOUND FOR ID: YjRnR1X1
url: https://cdn.jwplayer.com/v2/sites/S41JwTap/media/YjRnR1X1/playback.json?token=eyJhbGciOiJIUzI1NiIsInR5cCI6IkpXVCJ9.eyJyZXNvdXJjZSI6Ii92Mi9zaXRlcy9TNDFKd1RhcC9tZWRpYS9ZalJuUjFYMS9wbGF5YmFjay5qc29uIiwiZXhwIjoxNzc0NjY0NDAwfQ.iGCp8uXSmm05Oxm96GePi1XCf9T1O2kLivWWs1-iLZo
videoUrl:: https://videos-cloudfront.jwpsrv.com/69c7d593_f6986beb796d2bd50f7a44b6e36d600532411158/content/conversions/S41JwTap/videos/cfxt71ad-25175559.mp4
imageUrl:: https://assets-jpcust.jwpsrv.com/thumbnails/c1uxytua-1920.jpg
notFoundMediaUrls: [
  {
    id: 'YjRnR1X1',
    videoUrl: 'https://videos-cloudfront.jwpsrv.com/69c7d593_f6986beb796d2bd50f7a44b6e36d600532411158/content/conversions/S41JwTap/videos/cfxt71ad-25175559.mp4'
  },
  {
    id: 'YjRnR1X1',
    imageUrl: 'https://assets-jpcust.jwpsrv.com/thumbnails/c1uxytua-1920.jpg'
  }
]
Media NOT FOUND FOR ID: XF8winqU
url: https://cdn.jwplayer.com/v2/sites/S41JwTap/media/XF8winqU/playback.json?token=eyJhbGciOiJIUzI1NiIsInR5cCI6IkpXVCJ9.eyJyZXNvdXJjZSI6Ii92Mi9zaXRlcy9TNDFKd1RhcC9tZWRpYS9YRjh3aW5xVS9wbGF5YmFjay5qc29uIiwiZXhwIjoxNzc0NjY0NDAwfQ.6SjJkkjNeiR_zHd8f3VRu_fgPMv7jH9iXnax79DIh0I
videoUrl:: https://videos-cloudfront.jwpsrv.com/69c7d62b_8ad9867587fd57e9de5ef027ea35bb1fb96e784f/content/conversions/S41JwTap/videos/y3wUANgx-25175559.mp4
imageUrl:: https://assets-jpcust.jwpsrv.com/thumbnails/b46a4juk-1920.jpg
notFoundMediaUrls: [
  {
    id: 'XF8winqU',
    videoUrl: 'https://videos-cloudfront.jwpsrv.com/69c7d62b_8ad9867587fd57e9de5ef027ea35bb1fb96e784f/content/conversions/S41JwTap/videos/y3wUANgx-25175559.mp4'
  },
  {
    id: 'XF8winqU',
    imageUrl: 'https://assets-jpcust.jwpsrv.com/thumbnails/b46a4juk-1920.jpg'
  }
]
Media NOT FOUND FOR ID: I3KwhYRZ
url: https://cdn.jwplayer.com/v2/sites/S41JwTap/media/I3KwhYRZ/playback.json?token=eyJhbGciOiJIUzI1NiIsInR5cCI6IkpXVCJ9.eyJyZXNvdXJjZSI6Ii92Mi9zaXRlcy9TNDFKd1RhcC9tZWRpYS9JM0t3aFlSWi9wbGF5YmFjay5qc29uIiwiZXhwIjoxNzc0NjY0NDAwfQ.3YATC6DCwWcW8llKtpJjEjTpE9NFurp-rHXWVEomrcE
videoUrl:: https://videos-cloudfront.jwpsrv.com/69c7d68f_2aaabb1c1aa80b39ccd20bec01032b8578ad7601/content/conversions/S41JwTap/videos/vlPvD0DC-25175559.mp4
imageUrl:: https://assets-jpcust.jwpsrv.com/thumbnails/qc37hj48-1920.jpg
notFoundMediaUrls: [
  {
    id: 'I3KwhYRZ',
    videoUrl: 'https://videos-cloudfront.jwpsrv.com/69c7d68f_2aaabb1c1aa80b39ccd20bec01032b8578ad7601/content/conversions/S41JwTap/videos/vlPvD0DC-25175559.mp4'
  },
  {
    id: 'I3KwhYRZ',
    imageUrl: 'https://assets-jpcust.jwpsrv.com/thumbnails/qc37hj48-1920.jpg'
  }
]
Media found for: Aqru26o7  header:  video/mp4
Media found for: kjnpcoAB  header:  video/mp4
Media NOT FOUND FOR ID: nESKMtPS
url: https://cdn.jwplayer.com/v2/sites/S41JwTap/media/nESKMtPS/playback.json?token=eyJhbGciOiJIUzI1NiIsInR5cCI6IkpXVCJ9.eyJyZXNvdXJjZSI6Ii92Mi9zaXRlcy9TNDFKd1RhcC9tZWRpYS9uRVNLTXRQUy9wbGF5YmFjay5qc29uIiwiZXhwIjoxNzc0NjY0NDAwfQ.BlJPuboHdQUMF8LloRuUYCQDsVWPE0B5cIXF7UdWBtQ
videoUrl:: https://videos-cloudfront.jwpsrv.com/69c7d695_c37e2a135227b20103a92380e3798c1c60974963/content/conversions/S41JwTap/videos/b69xwl8V-25175559.mp4
imageUrl:: https://assets-jpcust.jwpsrv.com/thumbnails/cs4aacps-1920.jpg
notFoundMediaUrls: [
  {
    id: 'nESKMtPS',
    videoUrl: 'https://videos-cloudfront.jwpsrv.com/69c7d695_c37e2a135227b20103a92380e3798c1c60974963/content/conversions/S41JwTap/videos/b69xwl8V-25175559.mp4'
  },
  {
    id: 'nESKMtPS',
    imageUrl: 'https://assets-jpcust.jwpsrv.com/thumbnails/cs4aacps-1920.jpg'
  }
]
Media NOT FOUND FOR ID: NiTvcPfh
url: https://cdn.jwplayer.com/v2/sites/S41JwTap/media/NiTvcPfh/playback.json?token=eyJhbGciOiJIUzI1NiIsInR5cCI6IkpXVCJ9.eyJyZXNvdXJjZSI6Ii92Mi9zaXRlcy9TNDFKd1RhcC9tZWRpYS9OaVR2Y1BmaC9wbGF5YmFjay5qc29uIiwiZXhwIjoxNzc0NjY0NDAwfQ.p9xh-H2HfF8wpy6WXHHCzlUDNaA64c1pFQgM_VNAbOo
videoUrl:: https://videos-cloudfront.jwpsrv.com/69c7d631_3147352182d67a020a2603742ee1dd8088e11d3f/content/conversions/S41JwTap/videos/deF93Fis-25175559.mp4
imageUrl:: https://assets-jpcust.jwpsrv.com/thumbnails/a3fzu6kb-1920.jpg
notFoundMediaUrls: [
  {
    id: 'NiTvcPfh',
    videoUrl: 'https://videos-cloudfront.jwpsrv.com/69c7d631_3147352182d67a020a2603742ee1dd8088e11d3f/content/conversions/S41JwTap/videos/deF93Fis-25175559.mp4'
  },
  {
    id: 'NiTvcPfh',
    imageUrl: 'https://assets-jpcust.jwpsrv.com/thumbnails/a3fzu6kb-1920.jpg'
  }
]
Media found for: YFpPs9DK  header:  video/mp4
Media found for: TMlcFn2o  header:  video/mp4
Media found for: CNFqpisD  header:  video/mp4
Media found for: 4shz5BLY  header:  video/mp4
Media NOT FOUND FOR ID: Qn7FPTyF
url: https://cdn.jwplayer.com/v2/sites/S41JwTap/media/Qn7FPTyF/playback.json?token=eyJhbGciOiJIUzI1NiIsInR5cCI6IkpXVCJ9.eyJyZXNvdXJjZSI6Ii92Mi9zaXRlcy9TNDFKd1RhcC9tZWRpYS9RbjdGUFR5Ri9wbGF5YmFjay5qc29uIiwiZXhwIjoxNzc0NjY0NzAwfQ.udhwD8UBGy2lFVsX12YL8z5CSMc0hMZ7xTP7RQSvuZY
videoUrl:: https://videos-cloudfront.jwpsrv.com/69c7d5d4_01b5cd7d2bd7f7987c8f92deba41818274c08ee4/content/conversions/S41JwTap/videos/qW1rEY3B-25175559.mp4
imageUrl:: https://assets-jpcust.jwpsrv.com/thumbnails/6y8tg7o7-1920.jpg
notFoundMediaUrls: [
  {
    id: 'Qn7FPTyF',
    videoUrl: 'https://videos-cloudfront.jwpsrv.com/69c7d5d4_01b5cd7d2bd7f7987c8f92deba41818274c08ee4/content/conversions/S41JwTap/videos/qW1rEY3B-25175559.mp4'
  },
  {
    id: 'Qn7FPTyF',
    imageUrl: 'https://assets-jpcust.jwpsrv.com/thumbnails/6y8tg7o7-1920.jpg'
  }
]
Media NOT FOUND FOR ID: BptOw6b5
url: https://cdn.jwplayer.com/v2/sites/S41JwTap/media/BptOw6b5/playback.json?token=eyJhbGciOiJIUzI1NiIsInR5cCI6IkpXVCJ9.eyJyZXNvdXJjZSI6Ii92Mi9zaXRlcy9TNDFKd1RhcC9tZWRpYS9CcHRPdzZiNS9wbGF5YmFjay5qc29uIiwiZXhwIjoxNzc0NjY0NzAwfQ.ZN21dU3La8G62AtdEKbif0QacrYPTdegl2ak2EhCLfM
videoUrl:: https://videos-cloudfront.jwpsrv.com/69c7d690_2ca6c0dbc7a4639df6313cab40eab720ba4586d8/content/conversions/S41JwTap/videos/yPWMVL4q-25175559.mp4
imageUrl:: https://assets-jpcust.jwpsrv.com/thumbnails/rtdi3ch9-1920.jpg
notFoundMediaUrls: [
  {
    id: 'BptOw6b5',
    videoUrl: 'https://videos-cloudfront.jwpsrv.com/69c7d690_2ca6c0dbc7a4639df6313cab40eab720ba4586d8/content/conversions/S41JwTap/videos/yPWMVL4q-25175559.mp4'
  },
  {
    id: 'BptOw6b5',
    imageUrl: 'https://assets-jpcust.jwpsrv.com/thumbnails/rtdi3ch9-1920.jpg'
  }
]
Media NOT FOUND FOR ID: x3C3X2re
url: https://cdn.jwplayer.com/v2/sites/S41JwTap/media/x3C3X2re/playback.json?token=eyJhbGciOiJIUzI1NiIsInR5cCI6IkpXVCJ9.eyJyZXNvdXJjZSI6Ii92Mi9zaXRlcy9TNDFKd1RhcC9tZWRpYS94M0MzWDJyZS9wbGF5YmFjay5qc29uIiwiZXhwIjoxNzc0NjY0NzAwfQ.3J2ksHukkF4-sHDnLDEhvbI6E6WIzr0KHmHqzA_u2Nc
videoUrl:: https://videos-cloudfront.jwpsrv.com/69c7d64c_b37af3b7860e8a2dbdc88bcc28d46853f55d8b7e/content/conversions/S41JwTap/videos/NY17R2R0-25175559.mp4
imageUrl:: https://assets-jpcust.jwpsrv.com/thumbnails/i2r6r25w-1920.jpg
notFoundMediaUrls: [
  {
    id: 'x3C3X2re',
    videoUrl: 'https://videos-cloudfront.jwpsrv.com/69c7d64c_b37af3b7860e8a2dbdc88bcc28d46853f55d8b7e/content/conversions/S41JwTap/videos/NY17R2R0-25175559.mp4'
  },
  {
    id: 'x3C3X2re',
    imageUrl: 'https://assets-jpcust.jwpsrv.com/thumbnails/i2r6r25w-1920.jpg'
  }
]
Media found for: qm8KwDiE  header:  video/mp4
Media found for: Q98sMxC6  header:  video/mp4
Media found for: bDb9XLlq  header:  video/mp4
Media NOT FOUND FOR ID: 1VVJ59re
url: https://cdn.jwplayer.com/v2/sites/S41JwTap/media/1VVJ59re/playback.json?token=eyJhbGciOiJIUzI1NiIsInR5cCI6IkpXVCJ9.eyJyZXNvdXJjZSI6Ii92Mi9zaXRlcy9TNDFKd1RhcC9tZWRpYS8xVlZKNTlyZS9wbGF5YmFjay5qc29uIiwiZXhwIjoxNzc0NjY0NzAwfQ.roaeodkKFh10XLiyA8538LrZF8oORG5o1xnlnnZJku0
videoUrl:: https://videos-cloudfront.jwpsrv.com/69c7d68d_120b808b24ccf6e1b33cf5767ecdd0ec067160f0/content/conversions/S41JwTap/videos/vBZdqEFR-25175559.mp4
imageUrl:: https://assets-jpcust.jwpsrv.com/thumbnails/jfsar9zf-1920.jpg
notFoundMediaUrls: [
  {
    id: '1VVJ59re',
    videoUrl: 'https://videos-cloudfront.jwpsrv.com/69c7d68d_120b808b24ccf6e1b33cf5767ecdd0ec067160f0/content/conversions/S41JwTap/videos/vBZdqEFR-25175559.mp4'
  },
  {
    id: '1VVJ59re',
    imageUrl: 'https://assets-jpcust.jwpsrv.com/thumbnails/jfsar9zf-1920.jpg'
  }
]
Media found for: gMkndJVO  header:  video/mp4
Media NOT FOUND FOR ID: thYEa4QD
url: https://cdn.jwplayer.com/v2/sites/S41JwTap/media/thYEa4QD/playback.json?token=eyJhbGciOiJIUzI1NiIsInR5cCI6IkpXVCJ9.eyJyZXNvdXJjZSI6Ii92Mi9zaXRlcy9TNDFKd1RhcC9tZWRpYS90aFlFYTRRRC9wbGF5YmFjay5qc29uIiwiZXhwIjoxNzc0NjY0NzAwfQ.dutMd5AJdBWd8id_-XMzxnIjRNY8PQAYyxj_1M4MFgA
videoUrl:: https://videos-cloudfront.jwpsrv.com/69c7d61f_98b68785c27f40b6917dad30853dc29e3e3bef36/content/conversions/S41JwTap/videos/JLyS6ngk-25175559.mp4
imageUrl:: https://assets-jpcust.jwpsrv.com/thumbnails/tzzgjsl7-1920.jpg
notFoundMediaUrls: [
  {
    id: 'thYEa4QD',
    videoUrl: 'https://videos-cloudfront.jwpsrv.com/69c7d61f_98b68785c27f40b6917dad30853dc29e3e3bef36/content/conversions/S41JwTap/videos/JLyS6ngk-25175559.mp4'
  },
  {
    id: 'thYEa4QD',
    imageUrl: 'https://assets-jpcust.jwpsrv.com/thumbnails/tzzgjsl7-1920.jpg'
  }
]
Media NOT FOUND FOR ID: CTCA4L90
url: https://cdn.jwplayer.com/v2/sites/S41JwTap/media/CTCA4L90/playback.json?token=eyJhbGciOiJIUzI1NiIsInR5cCI6IkpXVCJ9.eyJyZXNvdXJjZSI6Ii92Mi9zaXRlcy9TNDFKd1RhcC9tZWRpYS9DVENBNEw5MC9wbGF5YmFjay5qc29uIiwiZXhwIjoxNzc0NjY0NzAwfQ.AMwLf-_A0aI3xOxhYe_VSvgNmwOKQKgCyQPDhIEGWtY
videoUrl:: https://videos-cloudfront.jwpsrv.com/69c7d59d_0aaaa3ea1c5539a8ab567f699d5a6d663a84dc93/content/conversions/S41JwTap/videos/RFoJEZz1-25175559.mp4
imageUrl:: https://assets-jpcust.jwpsrv.com/thumbnails/sp1kecxv-1920.jpg
notFoundMediaUrls: [
  {
    id: 'CTCA4L90',
    videoUrl: 'https://videos-cloudfront.jwpsrv.com/69c7d59d_0aaaa3ea1c5539a8ab567f699d5a6d663a84dc93/content/conversions/S41JwTap/videos/RFoJEZz1-25175559.mp4'
  },
  {
    id: 'CTCA4L90',
    imageUrl: 'https://assets-jpcust.jwpsrv.com/thumbnails/sp1kecxv-1920.jpg'
  }
]
Media found for: hLjyX31q  header:  video/mp4
Media found for: HC8qfvfO  header:  video/mp4
Media found for: gdCMU15J  header:  video/mp4
Media found for: dmkGDg0l  header:  video/mp4
Media NOT FOUND FOR ID: S5UYUGOQ
url: https://cdn.jwplayer.com/v2/sites/S41JwTap/media/S5UYUGOQ/playback.json?token=eyJhbGciOiJIUzI1NiIsInR5cCI6IkpXVCJ9.eyJyZXNvdXJjZSI6Ii92Mi9zaXRlcy9TNDFKd1RhcC9tZWRpYS9TNVVZVUdPUS9wbGF5YmFjay5qc29uIiwiZXhwIjoxNzc0NjY0NzAwfQ.v2U72zMxxIyjWU7Ii3MgERIS_q2el1No01BOK8wjnzU
videoUrl:: https://videos-cloudfront.jwpsrv.com/69c7d636_be60f4b2c44bf09cfc924dc2028bc618fa65138b/content/conversions/S41JwTap/videos/rrP6iHUN-25175559.mp4
imageUrl:: https://assets-jpcust.jwpsrv.com/thumbnails/t3swc2pg-1920.jpg
notFoundMediaUrls: [
  {
    id: 'S5UYUGOQ',
    videoUrl: 'https://videos-cloudfront.jwpsrv.com/69c7d636_be60f4b2c44bf09cfc924dc2028bc618fa65138b/content/conversions/S41JwTap/videos/rrP6iHUN-25175559.mp4'
  },
  {
    id: 'S5UYUGOQ',
    imageUrl: 'https://assets-jpcust.jwpsrv.com/thumbnails/t3swc2pg-1920.jpg'
  }
]
Media NOT FOUND FOR ID: J0Vaanpq
url: https://cdn.jwplayer.com/v2/sites/S41JwTap/media/J0Vaanpq/playback.json?token=eyJhbGciOiJIUzI1NiIsInR5cCI6IkpXVCJ9.eyJyZXNvdXJjZSI6Ii92Mi9zaXRlcy9TNDFKd1RhcC9tZWRpYS9KMFZhYW5wcS9wbGF5YmFjay5qc29uIiwiZXhwIjoxNzc0NjY0NzAwfQ.nmOW-L7KsfP0tM6n6Ibij3qqqj9Btdqg7Ni5S33I2sM
videoUrl:: https://videos-cloudfront.jwpsrv.com/69c7d602_6383a15ab5f6492b606697f7e0b19c7cf322023f/content/conversions/S41JwTap/videos/jkJ6S7Ij-25175559.mp4
imageUrl:: https://assets-jpcust.jwpsrv.com/thumbnails/45uf6l3q-1920.jpg
notFoundMediaUrls: [
  {
    id: 'J0Vaanpq',
    videoUrl: 'https://videos-cloudfront.jwpsrv.com/69c7d602_6383a15ab5f6492b606697f7e0b19c7cf322023f/content/conversions/S41JwTap/videos/jkJ6S7Ij-25175559.mp4'
  },
  {
    id: 'J0Vaanpq',
    imageUrl: 'https://assets-jpcust.jwpsrv.com/thumbnails/45uf6l3q-1920.jpg'
  }
]
Media found for: yKkpLB45  header:  video/mp4
Media found for: TTc2SLvb  header:  video/mp4
Media found for: hJ8rBH5u  header:  video/mp4
Media found for: 0RunND9v  header:  video/mp4
Media NOT FOUND FOR ID: YfVZWWvC
url: https://cdn.jwplayer.com/v2/sites/S41JwTap/media/YfVZWWvC/playback.json?token=eyJhbGciOiJIUzI1NiIsInR5cCI6IkpXVCJ9.eyJyZXNvdXJjZSI6Ii92Mi9zaXRlcy9TNDFKd1RhcC9tZWRpYS9ZZlZaV1d2Qy9wbGF5YmFjay5qc29uIiwiZXhwIjoxNzc0NjY0NzAwfQ.JcQXIlVxPm_w04FBTcGAa5ugAAIfoFYJYhVX97K1Kac
videoUrl:: https://videos-cloudfront.jwpsrv.com/69c7d6a3_7c5c63a14f3fa9eec17c21ff46d26ba5bf53a41b/content/conversions/S41JwTap/videos/z1RMJHZs-25175562.mp4
imageUrl:: https://assets-jpcust.jwpsrv.com/thumbnails/ofod8wbz-1920.jpg
notFoundMediaUrls: [
  {
    id: 'YfVZWWvC',
    videoUrl: 'https://videos-cloudfront.jwpsrv.com/69c7d6a3_7c5c63a14f3fa9eec17c21ff46d26ba5bf53a41b/content/conversions/S41JwTap/videos/z1RMJHZs-25175562.mp4'
  },
  {
    id: 'YfVZWWvC',
    imageUrl: 'https://assets-jpcust.jwpsrv.com/thumbnails/ofod8wbz-1920.jpg'
  }
]
Media NOT FOUND FOR ID: OlB0ulyG
url: https://cdn.jwplayer.com/v2/sites/S41JwTap/media/OlB0ulyG/playback.json?token=eyJhbGciOiJIUzI1NiIsInR5cCI6IkpXVCJ9.eyJyZXNvdXJjZSI6Ii92Mi9zaXRlcy9TNDFKd1RhcC9tZWRpYS9PbEIwdWx5Ry9wbGF5YmFjay5qc29uIiwiZXhwIjoxNzc0NjY0NzAwfQ.q-XWewnW56GOYnJF7dVzDUKp45CHDvrWdyzhwqkU0L8
videoUrl:: https://videos-cloudfront.jwpsrv.com/69c7d631_6fad9ecd2b0e92effe443e452e09e3e305fe1088/content/conversions/S41JwTap/videos/NP05wzsO-25175559.mp4
imageUrl:: https://assets-jpcust.jwpsrv.com/thumbnails/a1tzmywq-1920.jpg
notFoundMediaUrls: [
  {
    id: 'OlB0ulyG',
    videoUrl: 'https://videos-cloudfront.jwpsrv.com/69c7d631_6fad9ecd2b0e92effe443e452e09e3e305fe1088/content/conversions/S41JwTap/videos/NP05wzsO-25175559.mp4'
  },
  {
    id: 'OlB0ulyG',
    imageUrl: 'https://assets-jpcust.jwpsrv.com/thumbnails/a1tzmywq-1920.jpg'
  }
]
Media found for: LZSYyMfq  header:  video/mp4
Media found for: AoeNIBzu  header:  video/mp4
Media found for: Fcsp9G0e  header:  video/mp4
Media found for: CIRhn1Pp  header:  video/mp4
Media found for: ZLc0F5l0  header:  video/mp4
Media NOT FOUND FOR ID: 6vWFtLfS
url: https://cdn.jwplayer.com/v2/sites/S41JwTap/media/6vWFtLfS/playback.json?token=eyJhbGciOiJIUzI1NiIsInR5cCI6IkpXVCJ9.eyJyZXNvdXJjZSI6Ii92Mi9zaXRlcy9TNDFKd1RhcC9tZWRpYS82dldGdExmUy9wbGF5YmFjay5qc29uIiwiZXhwIjoxNzc0NjY0NzAwfQ.clW00RltEhGedXVrpo8I_axP95GEz80_gAxSpgUUo8I
videoUrl:: https://videos-cloudfront.jwpsrv.com/69c7d65a_c2a3dbab4a113d349dcdd599350f2915716abcfc/content/conversions/S41JwTap/videos/9RVbQIX4-25175559.mp4
imageUrl:: https://assets-jpcust.jwpsrv.com/thumbnails/sy28eenm-1920.jpg
notFoundMediaUrls: [
  {
    id: '6vWFtLfS',
    videoUrl: 'https://videos-cloudfront.jwpsrv.com/69c7d65a_c2a3dbab4a113d349dcdd599350f2915716abcfc/content/conversions/S41JwTap/videos/9RVbQIX4-25175559.mp4'
  },
  {
    id: '6vWFtLfS',
    imageUrl: 'https://assets-jpcust.jwpsrv.com/thumbnails/sy28eenm-1920.jpg'
  }
]
Media NOT FOUND FOR ID: aH8fL3Go
url: https://cdn.jwplayer.com/v2/sites/S41JwTap/media/aH8fL3Go/playback.json?token=eyJhbGciOiJIUzI1NiIsInR5cCI6IkpXVCJ9.eyJyZXNvdXJjZSI6Ii92Mi9zaXRlcy9TNDFKd1RhcC9tZWRpYS9hSDhmTDNHby9wbGF5YmFjay5qc29uIiwiZXhwIjoxNzc0NjY0NzAwfQ.nRw2_hKTgqHamwsJjAiepKY4wBOE6W0a25sIBe-I7N8
videoUrl:: https://videos-cloudfront.jwpsrv.com/69c7d6a1_bafd7806764532bb896393f75421b23964f9038d/content/conversions/S41JwTap/videos/LAztUQ70-25175559.mp4
imageUrl:: https://assets-jpcust.jwpsrv.com/thumbnails/s7vwi6wq-1920.jpg
notFoundMediaUrls: [
  {
    id: 'aH8fL3Go',
    videoUrl: 'https://videos-cloudfront.jwpsrv.com/69c7d6a1_bafd7806764532bb896393f75421b23964f9038d/content/conversions/S41JwTap/videos/LAztUQ70-25175559.mp4'
  },
  {
    id: 'aH8fL3Go',
    imageUrl: 'https://assets-jpcust.jwpsrv.com/thumbnails/s7vwi6wq-1920.jpg'
  }
]
Media found for: GI5xmgLB  header:  video/mp4
Media found for: j2DK8RlY  header:  video/mp4
Media found for: NfLReDFg  header:  video/mp4
Media NOT FOUND FOR ID: S6S3rgjT
url: https://cdn.jwplayer.com/v2/sites/S41JwTap/media/S6S3rgjT/playback.json?token=eyJhbGciOiJIUzI1NiIsInR5cCI6IkpXVCJ9.eyJyZXNvdXJjZSI6Ii92Mi9zaXRlcy9TNDFKd1RhcC9tZWRpYS9TNlMzcmdqVC9wbGF5YmFjay5qc29uIiwiZXhwIjoxNzc0NjY0NzAwfQ.1U99u6OCS9KPRKIUvMySkqiw5y5WbCDPHAVa8qv6YYQ
videoUrl:: https://videos-cloudfront.jwpsrv.com/69c7d67a_5df8dc509d30a5e0c27e66266fd0f34b47853643/content/conversions/S41JwTap/videos/BnZTHbdG-25175559.mp4
imageUrl:: https://assets-jpcust.jwpsrv.com/thumbnails/2elxfyae-1920.jpg
notFoundMediaUrls: [
  {
    id: 'S6S3rgjT',
    videoUrl: 'https://videos-cloudfront.jwpsrv.com/69c7d67a_5df8dc509d30a5e0c27e66266fd0f34b47853643/content/conversions/S41JwTap/videos/BnZTHbdG-25175559.mp4'
  },
  {
    id: 'S6S3rgjT',
    imageUrl: 'https://assets-jpcust.jwpsrv.com/thumbnails/2elxfyae-1920.jpg'
  }
]
Media NOT FOUND FOR ID: ezHUtVPa
url: https://cdn.jwplayer.com/v2/sites/S41JwTap/media/ezHUtVPa/playback.json?token=eyJhbGciOiJIUzI1NiIsInR5cCI6IkpXVCJ9.eyJyZXNvdXJjZSI6Ii92Mi9zaXRlcy9TNDFKd1RhcC9tZWRpYS9lekhVdFZQYS9wbGF5YmFjay5qc29uIiwiZXhwIjoxNzc0NjY0NzAwfQ.ecHFtkimQzmxnbzuHyCuSd7UuDr0aYMchIBAtlou2e8
videoUrl:: https://videos-cloudfront.jwpsrv.com/69c7d6df_6727e99fc2aec35f6ba9ac6cef75f74c357267ff/content/conversions/S41JwTap/videos/nQ7oK4Nz-25175559.mp4
imageUrl:: https://assets-jpcust.jwpsrv.com/thumbnails/tsqu1w7o-1920.jpg
notFoundMediaUrls: [
  {
    id: 'ezHUtVPa',
    videoUrl: 'https://videos-cloudfront.jwpsrv.com/69c7d6df_6727e99fc2aec35f6ba9ac6cef75f74c357267ff/content/conversions/S41JwTap/videos/nQ7oK4Nz-25175559.mp4'
  },
  {
    id: 'ezHUtVPa',
    imageUrl: 'https://assets-jpcust.jwpsrv.com/thumbnails/tsqu1w7o-1920.jpg'
  }
]
Media NOT FOUND FOR ID: 9FR3qURk
url: https://cdn.jwplayer.com/v2/sites/S41JwTap/media/9FR3qURk/playback.json?token=eyJhbGciOiJIUzI1NiIsInR5cCI6IkpXVCJ9.eyJyZXNvdXJjZSI6Ii92Mi9zaXRlcy9TNDFKd1RhcC9tZWRpYS85RlIzcVVSay9wbGF5YmFjay5qc29uIiwiZXhwIjoxNzc0NjY0NzAwfQ.hqOVLHtHfcYEf1N3iV5WLlAa-jzo8nueQI50tIVb67w
videoUrl:: https://videos-cloudfront.jwpsrv.com/69c7d654_2d6304d978503209ce7f1ecf0c301198b087dbfd/content/conversions/S41JwTap/videos/7GJ7Jn62-25175559.mp4
imageUrl:: https://assets-jpcust.jwpsrv.com/thumbnails/s0zf7nm7-1920.jpg
notFoundMediaUrls: [
  {
    id: '9FR3qURk',
    videoUrl: 'https://videos-cloudfront.jwpsrv.com/69c7d654_2d6304d978503209ce7f1ecf0c301198b087dbfd/content/conversions/S41JwTap/videos/7GJ7Jn62-25175559.mp4'
  },
  {
    id: '9FR3qURk',
    imageUrl: 'https://assets-jpcust.jwpsrv.com/thumbnails/s0zf7nm7-1920.jpg'
  }
]
Media NOT FOUND FOR ID: IMip5Pf3
url: https://cdn.jwplayer.com/v2/sites/S41JwTap/media/IMip5Pf3/playback.json?token=eyJhbGciOiJIUzI1NiIsInR5cCI6IkpXVCJ9.eyJyZXNvdXJjZSI6Ii92Mi9zaXRlcy9TNDFKd1RhcC9tZWRpYS9JTWlwNVBmMy9wbGF5YmFjay5qc29uIiwiZXhwIjoxNzc0NjY0NzAwfQ.JdcAFAy6wnICbOpcVNIWpJKGEYRLLmi0go_WTVHAiqk
videoUrl:: https://videos-cloudfront.jwpsrv.com/69c7d6d4_7b4cc8483174d2cdcda23e5804ba7a84dec4a018/content/conversions/S41JwTap/videos/FnAb3OCI-25175559.mp4
imageUrl:: https://assets-jpcust.jwpsrv.com/thumbnails/bgap9j52-1920.jpg
notFoundMediaUrls: [
  {
    id: 'IMip5Pf3',
    videoUrl: 'https://videos-cloudfront.jwpsrv.com/69c7d6d4_7b4cc8483174d2cdcda23e5804ba7a84dec4a018/content/conversions/S41JwTap/videos/FnAb3OCI-25175559.mp4'
  },
  {
    id: 'IMip5Pf3',
    imageUrl: 'https://assets-jpcust.jwpsrv.com/thumbnails/bgap9j52-1920.jpg'
  }
]
Media NOT FOUND FOR ID: WwmDpuJq
url: https://cdn.jwplayer.com/v2/sites/S41JwTap/media/WwmDpuJq/playback.json?token=eyJhbGciOiJIUzI1NiIsInR5cCI6IkpXVCJ9.eyJyZXNvdXJjZSI6Ii92Mi9zaXRlcy9TNDFKd1RhcC9tZWRpYS9Xd21EcHVKcS9wbGF5YmFjay5qc29uIiwiZXhwIjoxNzc0NjY0NzAwfQ.n4gy6vVg2VFPDRfFn-otg5AsnNwZf88pzw0-WoE6p1Y
videoUrl:: https://videos-cloudfront.jwpsrv.com/69c7d6ad_61f06018ef209d4af1b2b8334c842001d14d744c/content/conversions/S41JwTap/videos/Zpry1q3J-25175559.mp4
imageUrl:: https://assets-jpcust.jwpsrv.com/thumbnails/aldxmkv8-1920.jpg
notFoundMediaUrls: [
  {
    id: 'WwmDpuJq',
    videoUrl: 'https://videos-cloudfront.jwpsrv.com/69c7d6ad_61f06018ef209d4af1b2b8334c842001d14d744c/content/conversions/S41JwTap/videos/Zpry1q3J-25175559.mp4'
  },
  {
    id: 'WwmDpuJq',
    imageUrl: 'https://assets-jpcust.jwpsrv.com/thumbnails/aldxmkv8-1920.jpg'
  }
]
Media found for: ogiizGj5  header:  video/mp4
Media NOT FOUND FOR ID: HY5WRV0P
url: https://cdn.jwplayer.com/v2/sites/S41JwTap/media/HY5WRV0P/playback.json?token=eyJhbGciOiJIUzI1NiIsInR5cCI6IkpXVCJ9.eyJyZXNvdXJjZSI6Ii92Mi9zaXRlcy9TNDFKd1RhcC9tZWRpYS9IWTVXUlYwUC9wbGF5YmFjay5qc29uIiwiZXhwIjoxNzc0NjY0NzAwfQ.G8zsamVySlBu-bwjIBPDqisW4krFl4j0M7dJXiQhg2M
videoUrl:: https://videos-cloudfront.jwpsrv.com/69c7d68b_fc194eab84e6b5ed1a17d7004bcc2b2d9445f239/content/conversions/S41JwTap/videos/o2a1LZGw-25175559.mp4
imageUrl:: https://assets-jpcust.jwpsrv.com/thumbnails/4c2fex3a-1920.jpg
notFoundMediaUrls: [
  {
    id: 'HY5WRV0P',
    videoUrl: 'https://videos-cloudfront.jwpsrv.com/69c7d68b_fc194eab84e6b5ed1a17d7004bcc2b2d9445f239/content/conversions/S41JwTap/videos/o2a1LZGw-25175559.mp4'
  },
  {
    id: 'HY5WRV0P',
    imageUrl: 'https://assets-jpcust.jwpsrv.com/thumbnails/4c2fex3a-1920.jpg'
  }
]
Media NOT FOUND FOR ID: qqcFP0qj
url: https://cdn.jwplayer.com/v2/sites/S41JwTap/media/qqcFP0qj/playback.json?token=eyJhbGciOiJIUzI1NiIsInR5cCI6IkpXVCJ9.eyJyZXNvdXJjZSI6Ii92Mi9zaXRlcy9TNDFKd1RhcC9tZWRpYS9xcWNGUDBxai9wbGF5YmFjay5qc29uIiwiZXhwIjoxNzc0NjY0NzAwfQ.P-wjUOzi9xRVIyz3fXJ7s6Wfu4-87CRtMyuVgP6aefQ
videoUrl:: https://videos-cloudfront.jwpsrv.com/69c7d640_dbefecd5f97565442b68ade8992864e28ef97655/content/conversions/S41JwTap/videos/J8gLNvlw-25175559.mp4
imageUrl:: https://assets-jpcust.jwpsrv.com/thumbnails/tqi2uhso-1920.jpg
notFoundMediaUrls: [
  {
    id: 'qqcFP0qj',
    videoUrl: 'https://videos-cloudfront.jwpsrv.com/69c7d640_dbefecd5f97565442b68ade8992864e28ef97655/content/conversions/S41JwTap/videos/J8gLNvlw-25175559.mp4'
  },
  {
    id: 'qqcFP0qj',
    imageUrl: 'https://assets-jpcust.jwpsrv.com/thumbnails/tqi2uhso-1920.jpg'
  }
]
Media NOT FOUND FOR ID: A7nIQNP2
url: https://cdn.jwplayer.com/v2/sites/S41JwTap/media/A7nIQNP2/playback.json?token=eyJhbGciOiJIUzI1NiIsInR5cCI6IkpXVCJ9.eyJyZXNvdXJjZSI6Ii92Mi9zaXRlcy9TNDFKd1RhcC9tZWRpYS9BN25JUU5QMi9wbGF5YmFjay5qc29uIiwiZXhwIjoxNzc0NjY0NzAwfQ.eRIUYDHXTx55cXN7DTx-D1Mcoq9hT70SpBiVn6VESnU
videoUrl:: https://videos-cloudfront.jwpsrv.com/69c7d5d9_ec0d6c1ca6b9aec1e65cf3bcc344b4afdeacb7b9/content/conversions/S41JwTap/videos/HnRCTZX5-25175559.mp4
imageUrl:: https://assets-jpcust.jwpsrv.com/thumbnails/optqtpgn-1920.jpg
notFoundMediaUrls: [
  {
    id: 'A7nIQNP2',
    videoUrl: 'https://videos-cloudfront.jwpsrv.com/69c7d5d9_ec0d6c1ca6b9aec1e65cf3bcc344b4afdeacb7b9/content/conversions/S41JwTap/videos/HnRCTZX5-25175559.mp4'
  },
  {
    id: 'A7nIQNP2',
    imageUrl: 'https://assets-jpcust.jwpsrv.com/thumbnails/optqtpgn-1920.jpg'
  }
]
Media found for: kxM8pWk1  header:  video/mp4
Media found for: S7KQOdqS  header:  video/mp4
Media found for: U6WxOaP3  header:  video/mp4
Media NOT FOUND FOR ID: CzDvWdHY
url: https://cdn.jwplayer.com/v2/sites/S41JwTap/media/CzDvWdHY/playback.json?token=eyJhbGciOiJIUzI1NiIsInR5cCI6IkpXVCJ9.eyJyZXNvdXJjZSI6Ii92Mi9zaXRlcy9TNDFKd1RhcC9tZWRpYS9DekR2V2RIWS9wbGF5YmFjay5qc29uIiwiZXhwIjoxNzc0NjY0NzAwfQ.qktw0owXu-2St14GbnPIQ0zyPVKg-VzqBrzFl70oCbY
videoUrl:: https://videos-cloudfront.jwpsrv.com/69c7d62f_801ddb4abffb45a4cd9dd258e9af09201e0a48a9/content/conversions/S41JwTap/videos/0IYUhp7X-25175559.mp4
imageUrl:: https://assets-jpcust.jwpsrv.com/thumbnails/oh4b3my3-1920.jpg
notFoundMediaUrls: [
  {
    id: 'CzDvWdHY',
    videoUrl: 'https://videos-cloudfront.jwpsrv.com/69c7d62f_801ddb4abffb45a4cd9dd258e9af09201e0a48a9/content/conversions/S41JwTap/videos/0IYUhp7X-25175559.mp4'
  },
  {
    id: 'CzDvWdHY',
    imageUrl: 'https://assets-jpcust.jwpsrv.com/thumbnails/oh4b3my3-1920.jpg'
  }
]
Media NOT FOUND FOR ID: vcsPi0dc
url: https://cdn.jwplayer.com/v2/sites/S41JwTap/media/vcsPi0dc/playback.json?token=eyJhbGciOiJIUzI1NiIsInR5cCI6IkpXVCJ9.eyJyZXNvdXJjZSI6Ii92Mi9zaXRlcy9TNDFKd1RhcC9tZWRpYS92Y3NQaTBkYy9wbGF5YmFjay5qc29uIiwiZXhwIjoxNzc0NjY0NzAwfQ.cDCtddz1pUlFo8XwUMurheu5mW9KMwIIgiu9MePIVLw
videoUrl:: https://videos-cloudfront.jwpsrv.com/69c7d5ee_ab1b9b65a364c5d931cab07e9a0441b8e9564ae2/content/conversions/S41JwTap/videos/wTtXRyfx-25175559.mp4
imageUrl:: https://assets-jpcust.jwpsrv.com/thumbnails/6934aydq-1920.jpg
notFoundMediaUrls: [
  {
    id: 'vcsPi0dc',
    videoUrl: 'https://videos-cloudfront.jwpsrv.com/69c7d5ee_ab1b9b65a364c5d931cab07e9a0441b8e9564ae2/content/conversions/S41JwTap/videos/wTtXRyfx-25175559.mp4'
  },
  {
    id: 'vcsPi0dc',
    imageUrl: 'https://assets-jpcust.jwpsrv.com/thumbnails/6934aydq-1920.jpg'
  }
]
Media found for: 18pHOeLG  header:  video/mp4
Media found for: p8qumKTI  header:  video/mp4
Media found for: OoOftKMp  header:  video/mp4
Media found for: 8R0pBld4  header:  video/mp4
Media found for: wdq7uU7X  header:  video/mp4
Media NOT FOUND FOR ID: K3lcAYR5
url: https://cdn.jwplayer.com/v2/sites/S41JwTap/media/K3lcAYR5/playback.json?token=eyJhbGciOiJIUzI1NiIsInR5cCI6IkpXVCJ9.eyJyZXNvdXJjZSI6Ii92Mi9zaXRlcy9TNDFKd1RhcC9tZWRpYS9LM2xjQVlSNS9wbGF5YmFjay5qc29uIiwiZXhwIjoxNzc0NjY0NzAwfQ.IYk5JPH3wHAZhrcTaGKgLS3-vor5vZ5pO2uRIGktO3k
videoUrl:: https://videos-cloudfront.jwpsrv.com/69c7d713_fb2e854e536f44fa75dc545eb0cdced338b6d52a/content/conversions/S41JwTap/videos/EGqThHLy-25175559.mp4
imageUrl:: https://assets-jpcust.jwpsrv.com/thumbnails/xiv9jae5-1920.jpg
notFoundMediaUrls: [
  {
    id: 'K3lcAYR5',
    videoUrl: 'https://videos-cloudfront.jwpsrv.com/69c7d713_fb2e854e536f44fa75dc545eb0cdced338b6d52a/content/conversions/S41JwTap/videos/EGqThHLy-25175559.mp4'
  },
  {
    id: 'K3lcAYR5',
    imageUrl: 'https://assets-jpcust.jwpsrv.com/thumbnails/xiv9jae5-1920.jpg'
  }
]
Media found for: ntuGyZFf  header:  video/mp4
Media NOT FOUND FOR ID: oTxkFhDe
url: https://cdn.jwplayer.com/v2/sites/S41JwTap/media/oTxkFhDe/playback.json?token=eyJhbGciOiJIUzI1NiIsInR5cCI6IkpXVCJ9.eyJyZXNvdXJjZSI6Ii92Mi9zaXRlcy9TNDFKd1RhcC9tZWRpYS9vVHhrRmhEZS9wbGF5YmFjay5qc29uIiwiZXhwIjoxNzc0NjY0NzAwfQ.AhLBhBuNSjBDKUiprDiEHcEKWzEKmftXIHCZftChVrw
videoUrl:: https://videos-cloudfront.jwpsrv.com/69c7d625_fbb59c9a79ff87660a601a64e2f1d82f681b7b0e/content/conversions/S41JwTap/videos/Dze3XXWP-25175559.mp4
imageUrl:: https://assets-jpcust.jwpsrv.com/thumbnails/i40q41c6-1920.jpg
notFoundMediaUrls: [
  {
    id: 'oTxkFhDe',
    videoUrl: 'https://videos-cloudfront.jwpsrv.com/69c7d625_fbb59c9a79ff87660a601a64e2f1d82f681b7b0e/content/conversions/S41JwTap/videos/Dze3XXWP-25175559.mp4'
  },
  {
    id: 'oTxkFhDe',
    imageUrl: 'https://assets-jpcust.jwpsrv.com/thumbnails/i40q41c6-1920.jpg'
  }
]
Media NOT FOUND FOR ID: FexWNiyj
url: https://cdn.jwplayer.com/v2/sites/S41JwTap/media/FexWNiyj/playback.json?token=eyJhbGciOiJIUzI1NiIsInR5cCI6IkpXVCJ9.eyJyZXNvdXJjZSI6Ii92Mi9zaXRlcy9TNDFKd1RhcC9tZWRpYS9GZXhXTml5ai9wbGF5YmFjay5qc29uIiwiZXhwIjoxNzc0NjY0NzAwfQ.-k8ao35lSCGpAeDkakERHr2syuqLTcV9Y1D8FTW5oHU
videoUrl:: https://videos-cloudfront.jwpsrv.com/69c7d68a_61ce38bd7939823521229da9c58144efe03fa118/content/conversions/S41JwTap/videos/TP2jfsdA-25175559.mp4
imageUrl:: https://assets-jpcust.jwpsrv.com/thumbnails/wmf47k5o-1920.jpg
notFoundMediaUrls: [
  {
    id: 'FexWNiyj',
    videoUrl: 'https://videos-cloudfront.jwpsrv.com/69c7d68a_61ce38bd7939823521229da9c58144efe03fa118/content/conversions/S41JwTap/videos/TP2jfsdA-25175559.mp4'
  },
  {
    id: 'FexWNiyj',
    imageUrl: 'https://assets-jpcust.jwpsrv.com/thumbnails/wmf47k5o-1920.jpg'
  }
]
Media NOT FOUND FOR ID: 7Cf4Ttvm
url: https://cdn.jwplayer.com/v2/sites/S41JwTap/media/7Cf4Ttvm/playback.json?token=eyJhbGciOiJIUzI1NiIsInR5cCI6IkpXVCJ9.eyJyZXNvdXJjZSI6Ii92Mi9zaXRlcy9TNDFKd1RhcC9tZWRpYS83Q2Y0VHR2bS9wbGF5YmFjay5qc29uIiwiZXhwIjoxNzc0NjY0NzAwfQ.3yUQN25zLtR2HUd67gL_JgC8nsiDJnaI2NCFzvl2y14
videoUrl:: https://videos-cloudfront.jwpsrv.com/69c7d6d4_0833487729121b0d88094eff58982752839402e8/content/conversions/S41JwTap/videos/bVFFJU0W-25175559.mp4
imageUrl:: https://assets-jpcust.jwpsrv.com/thumbnails/sz1hiyfj-1920.jpg
notFoundMediaUrls: [
  {
    id: '7Cf4Ttvm',
    videoUrl: 'https://videos-cloudfront.jwpsrv.com/69c7d6d4_0833487729121b0d88094eff58982752839402e8/content/conversions/S41JwTap/videos/bVFFJU0W-25175559.mp4'
  },
  {
    id: '7Cf4Ttvm',
    imageUrl: 'https://assets-jpcust.jwpsrv.com/thumbnails/sz1hiyfj-1920.jpg'
  }
]
Media found for: nZJfwDyx  header:  video/mp4
Media NOT FOUND FOR ID: u7wgQ7Bm
url: https://cdn.jwplayer.com/v2/sites/S41JwTap/media/u7wgQ7Bm/playback.json?token=eyJhbGciOiJIUzI1NiIsInR5cCI6IkpXVCJ9.eyJyZXNvdXJjZSI6Ii92Mi9zaXRlcy9TNDFKd1RhcC9tZWRpYS91N3dnUTdCbS9wbGF5YmFjay5qc29uIiwiZXhwIjoxNzc0NjY0NzAwfQ.rqhjCBNDPfLNndiWeomAlNoqPX03VmF9SvZV9lSQYgk
videoUrl:: https://videos-cloudfront.jwpsrv.com/69c7d609_3c0fffad7b419be6f5729b6b8c6843c6593e8c6e/content/conversions/S41JwTap/videos/nDGWO47o-25175559.mp4
imageUrl:: https://assets-jpcust.jwpsrv.com/thumbnails/zyk0aaxu-1920.jpg
notFoundMediaUrls: [
  {
    id: 'u7wgQ7Bm',
    videoUrl: 'https://videos-cloudfront.jwpsrv.com/69c7d609_3c0fffad7b419be6f5729b6b8c6843c6593e8c6e/content/conversions/S41JwTap/videos/nDGWO47o-25175559.mp4'
  },
  {
    id: 'u7wgQ7Bm',
    imageUrl: 'https://assets-jpcust.jwpsrv.com/thumbnails/zyk0aaxu-1920.jpg'
  }
]
Media found for: ZTheKtdV  header:  video/mp4
Media found for: zZKJ6OI8  header:  video/mp4
Media NOT FOUND FOR ID: GKllycJH
url: https://cdn.jwplayer.com/v2/sites/S41JwTap/media/GKllycJH/playback.json?token=eyJhbGciOiJIUzI1NiIsInR5cCI6IkpXVCJ9.eyJyZXNvdXJjZSI6Ii92Mi9zaXRlcy9TNDFKd1RhcC9tZWRpYS9HS2xseWNKSC9wbGF5YmFjay5qc29uIiwiZXhwIjoxNzc0NjY0NzAwfQ.dtdgaHbdsAUW3mC7LcAI6BFyULGF2EH-PyH0QisUNEw
videoUrl:: https://videos-cloudfront.jwpsrv.com/69c7d63d_dd413aca096d27e09fa7e1fe7bd4e425b6fa4da8/content/conversions/S41JwTap/videos/6QyxX1OX-25175559.mp4
imageUrl:: https://assets-jpcust.jwpsrv.com/thumbnails/v1t0xf4o-1920.jpg
notFoundMediaUrls: [
  {
    id: 'GKllycJH',
    videoUrl: 'https://videos-cloudfront.jwpsrv.com/69c7d63d_dd413aca096d27e09fa7e1fe7bd4e425b6fa4da8/content/conversions/S41JwTap/videos/6QyxX1OX-25175559.mp4'
  },
  {
    id: 'GKllycJH',
    imageUrl: 'https://assets-jpcust.jwpsrv.com/thumbnails/v1t0xf4o-1920.jpg'
  }
]
Media NOT FOUND FOR ID: z7raz2L0
url: https://cdn.jwplayer.com/v2/sites/S41JwTap/media/z7raz2L0/playback.json?token=eyJhbGciOiJIUzI1NiIsInR5cCI6IkpXVCJ9.eyJyZXNvdXJjZSI6Ii92Mi9zaXRlcy9TNDFKd1RhcC9tZWRpYS96N3JhejJMMC9wbGF5YmFjay5qc29uIiwiZXhwIjoxNzc0NjY0NzAwfQ.zKdVXxbiqkvBa1D0prFSfLg8EXCi5Zr1ialMzwDMsWs
videoUrl:: https://videos-cloudfront.jwpsrv.com/69c7d6bd_715254ab5bc31de7760a3594fa15ca15ae5ff27f/content/conversions/S41JwTap/videos/fnRdqwvJ-25175559.mp4
imageUrl:: https://assets-jpcust.jwpsrv.com/thumbnails/106co32i-1920.jpg
notFoundMediaUrls: [
  {
    id: 'z7raz2L0',
    videoUrl: 'https://videos-cloudfront.jwpsrv.com/69c7d6bd_715254ab5bc31de7760a3594fa15ca15ae5ff27f/content/conversions/S41JwTap/videos/fnRdqwvJ-25175559.mp4'
  },
  {
    id: 'z7raz2L0',
    imageUrl: 'https://assets-jpcust.jwpsrv.com/thumbnails/106co32i-1920.jpg'
  }
]
Media NOT FOUND FOR ID: UKPot83A
url: https://cdn.jwplayer.com/v2/sites/S41JwTap/media/UKPot83A/playback.json?token=eyJhbGciOiJIUzI1NiIsInR5cCI6IkpXVCJ9.eyJyZXNvdXJjZSI6Ii92Mi9zaXRlcy9TNDFKd1RhcC9tZWRpYS9VS1BvdDgzQS9wbGF5YmFjay5qc29uIiwiZXhwIjoxNzc0NjY0NzAwfQ.UhzhGVPWPEjFH5TPmiT8vM8AMn9Q4FCaTgfddcOlrrg
videoUrl:: https://videos-cloudfront.jwpsrv.com/69c7d691_16f903e81807e191d5dc1a64c25d285840e5bc01/content/conversions/S41JwTap/videos/TRXB1hG0-25175559.mp4
imageUrl:: https://assets-jpcust.jwpsrv.com/thumbnails/d22kefjr-1920.jpg
notFoundMediaUrls: [
  {
    id: 'UKPot83A',
    videoUrl: 'https://videos-cloudfront.jwpsrv.com/69c7d691_16f903e81807e191d5dc1a64c25d285840e5bc01/content/conversions/S41JwTap/videos/TRXB1hG0-25175559.mp4'
  },
  {
    id: 'UKPot83A',
    imageUrl: 'https://assets-jpcust.jwpsrv.com/thumbnails/d22kefjr-1920.jpg'
  }
]
Media found for: DCEtspC0  header:  video/mp4
Media found for: IbwHojhR  header:  video/mp4
Media found for: wy4STv4B  header:  video/mp4
Media found for: XnEXByXq  header:  video/mp4
Media found for: 1a71V0Fo  header:  video/mp4
Media found for: Sp0PlAGV  header:  video/mp4
Media NOT FOUND FOR ID: dzzCdd6V
url: https://cdn.jwplayer.com/v2/sites/S41JwTap/media/dzzCdd6V/playback.json?token=eyJhbGciOiJIUzI1NiIsInR5cCI6IkpXVCJ9.eyJyZXNvdXJjZSI6Ii92Mi9zaXRlcy9TNDFKd1RhcC9tZWRpYS9kenpDZGQ2Vi9wbGF5YmFjay5qc29uIiwiZXhwIjoxNzc0NjY0NzAwfQ.BgOhhwZ_11_t6IPE5meXEEP-TMzacdQiiJxdx2RK8wI
videoUrl:: https://videos-cloudfront.jwpsrv.com/69c7d657_d0788fd30e522514dcc3dd3d7c1af4abd396e778/content/conversions/S41JwTap/videos/X3z4I9Qc-25175559.mp4
imageUrl:: https://assets-jpcust.jwpsrv.com/thumbnails/c3ml34yx-1920.jpg
notFoundMediaUrls: [
  {
    id: 'dzzCdd6V',
    videoUrl: 'https://videos-cloudfront.jwpsrv.com/69c7d657_d0788fd30e522514dcc3dd3d7c1af4abd396e778/content/conversions/S41JwTap/videos/X3z4I9Qc-25175559.mp4'
  },
  {
    id: 'dzzCdd6V',
    imageUrl: 'https://assets-jpcust.jwpsrv.com/thumbnails/c3ml34yx-1920.jpg'
  }
]
Media found for: 7P6aDUFP  header:  video/mp4
Media found for: atGGyUIj  header:  video/mp4
Media found for: qTWgpCo3  header:  video/mp4
Media found for: wKXnrmaW  header:  video/mp4
Media found for: s3uvbGsQ  header:  video/mp4
Media NOT FOUND FOR ID: iF637Cob
url: https://cdn.jwplayer.com/v2/sites/S41JwTap/media/iF637Cob/playback.json?token=eyJhbGciOiJIUzI1NiIsInR5cCI6IkpXVCJ9.eyJyZXNvdXJjZSI6Ii92Mi9zaXRlcy9TNDFKd1RhcC9tZWRpYS9pRjYzN0NvYi9wbGF5YmFjay5qc29uIiwiZXhwIjoxNzc0NjY0NzAwfQ.ebZxiZoL5URqGSh2cWfH0xpt_2poclesfWOXDJ9JtVY
videoUrl:: https://videos-cloudfront.jwpsrv.com/69c7d73b_2a8bca83347ee0b563cff62a7d5301f5fcced545/content/conversions/S41JwTap/videos/5nvxWeAa-25175559.mp4
imageUrl:: https://assets-jpcust.jwpsrv.com/thumbnails/mosfbdns-1920.jpg
notFoundMediaUrls: [
  {
    id: 'iF637Cob',
    videoUrl: 'https://videos-cloudfront.jwpsrv.com/69c7d73b_2a8bca83347ee0b563cff62a7d5301f5fcced545/content/conversions/S41JwTap/videos/5nvxWeAa-25175559.mp4'
  },
  {
    id: 'iF637Cob',
    imageUrl: 'https://assets-jpcust.jwpsrv.com/thumbnails/mosfbdns-1920.jpg'
  }
]
Media found for: Nc1oxSf4  header:  video/mp4
Media found for: 6IwOYH47  header:  video/mp4
Media found for: OAHRdkaZ  header:  video/mp4
Media found for: 6GVOhDGU  header:  video/mp4
Media NOT FOUND FOR ID: OJwy82Np
url: https://cdn.jwplayer.com/v2/sites/S41JwTap/media/OJwy82Np/playback.json?token=eyJhbGciOiJIUzI1NiIsInR5cCI6IkpXVCJ9.eyJyZXNvdXJjZSI6Ii92Mi9zaXRlcy9TNDFKd1RhcC9tZWRpYS9PSnd5ODJOcC9wbGF5YmFjay5qc29uIiwiZXhwIjoxNzc0NjY0NzAwfQ.fIsjvHmo1CStVt5Pl33FMjoZo0prRZLHOT-hE2-zxSU
videoUrl:: https://videos-cloudfront.jwpsrv.com/69c7d727_3b2958d2a41a2274772daa2f26c078088de3f90b/content/conversions/S41JwTap/videos/WQ6AHX53-25175559.mp4
imageUrl:: https://assets-jpcust.jwpsrv.com/thumbnails/1tq3z0xk-1920.jpg
notFoundMediaUrls: [
  {
    id: 'OJwy82Np',
    videoUrl: 'https://videos-cloudfront.jwpsrv.com/69c7d727_3b2958d2a41a2274772daa2f26c078088de3f90b/content/conversions/S41JwTap/videos/WQ6AHX53-25175559.mp4'
  },
  {
    id: 'OJwy82Np',
    imageUrl: 'https://assets-jpcust.jwpsrv.com/thumbnails/1tq3z0xk-1920.jpg'
  }
]
Media NOT FOUND FOR ID: 5Jb6n1T5
url: https://cdn.jwplayer.com/v2/sites/S41JwTap/media/5Jb6n1T5/playback.json?token=eyJhbGciOiJIUzI1NiIsInR5cCI6IkpXVCJ9.eyJyZXNvdXJjZSI6Ii92Mi9zaXRlcy9TNDFKd1RhcC9tZWRpYS81SmI2bjFUNS9wbGF5YmFjay5qc29uIiwiZXhwIjoxNzc0NjY0NzAwfQ.60HG5OImOdIDCULHvWmmFFfCJiqULahN2nuQ4pDwIxc
videoUrl:: https://videos-cloudfront.jwpsrv.com/69c7d70d_1008e37653e06644799120fe130b886718b1a67c/content/conversions/S41JwTap/videos/WeQJlI2Y-25175559.mp4
imageUrl:: https://assets-jpcust.jwpsrv.com/thumbnails/t8514c1v-1920.jpg
notFoundMediaUrls: [
  {
    id: '5Jb6n1T5',
    videoUrl: 'https://videos-cloudfront.jwpsrv.com/69c7d70d_1008e37653e06644799120fe130b886718b1a67c/content/conversions/S41JwTap/videos/WeQJlI2Y-25175559.mp4'
  },
  {
    id: '5Jb6n1T5',
    imageUrl: 'https://assets-jpcust.jwpsrv.com/thumbnails/t8514c1v-1920.jpg'
  }
]
Media NOT FOUND FOR ID: PK6GCyh8
url: https://cdn.jwplayer.com/v2/sites/S41JwTap/media/PK6GCyh8/playback.json?token=eyJhbGciOiJIUzI1NiIsInR5cCI6IkpXVCJ9.eyJyZXNvdXJjZSI6Ii92Mi9zaXRlcy9TNDFKd1RhcC9tZWRpYS9QSzZHQ3loOC9wbGF5YmFjay5qc29uIiwiZXhwIjoxNzc0NjY0NzAwfQ.HIMOhNuCDTeD3Tg9wXbkIzrgRM1ZVAzSuP6wc0ZRGPs
videoUrl:: https://videos-cloudfront.jwpsrv.com/69c7d730_31c91e3b07c820047a2375890e22c9556fe9f90b/content/conversions/S41JwTap/videos/ZvY1lS9c-25175559.mp4
imageUrl:: https://assets-jpcust.jwpsrv.com/thumbnails/42d3t2bo-1920.jpg
notFoundMediaUrls: [
  {
    id: 'PK6GCyh8',
    videoUrl: 'https://videos-cloudfront.jwpsrv.com/69c7d730_31c91e3b07c820047a2375890e22c9556fe9f90b/content/conversions/S41JwTap/videos/ZvY1lS9c-25175559.mp4'
  },
  {
    id: 'PK6GCyh8',
    imageUrl: 'https://assets-jpcust.jwpsrv.com/thumbnails/42d3t2bo-1920.jpg'
  }
]
Media found for: qKKByxgd  header:  video/mp4
Media found for: DzbmHYXw  header:  video/mp4
Media found for: vC6Dd8Nz  header:  video/mp4
Media NOT FOUND FOR ID: Nsky1fpV
url: https://cdn.jwplayer.com/v2/sites/S41JwTap/media/Nsky1fpV/playback.json?token=eyJhbGciOiJIUzI1NiIsInR5cCI6IkpXVCJ9.eyJyZXNvdXJjZSI6Ii92Mi9zaXRlcy9TNDFKd1RhcC9tZWRpYS9Oc2t5MWZwVi9wbGF5YmFjay5qc29uIiwiZXhwIjoxNzc0NjY0NzAwfQ.SMZsfLws-aL1TptzZMpnvpcwgQK1L1bZcZoSzu7o5kI
videoUrl:: https://videos-cloudfront.jwpsrv.com/69c7d6cb_c7008d178e80030f059f948d9d8fbccd339eb3b1/content/conversions/S41JwTap/videos/0dvMTC0Q-25175559.mp4
imageUrl:: https://assets-jpcust.jwpsrv.com/thumbnails/hwhd817c-1920.jpg
notFoundMediaUrls: [
  {
    id: 'Nsky1fpV',
    videoUrl: 'https://videos-cloudfront.jwpsrv.com/69c7d6cb_c7008d178e80030f059f948d9d8fbccd339eb3b1/content/conversions/S41JwTap/videos/0dvMTC0Q-25175559.mp4'
  },
  {
    id: 'Nsky1fpV',
    imageUrl: 'https://assets-jpcust.jwpsrv.com/thumbnails/hwhd817c-1920.jpg'
  }
]
Media found for: WOTRpk9U  header:  video/mp4
Media found for: 2rw3Bs2L  header:  video/mp4
Media found for: p8RXz1p5  header:  video/mp4
Media found for: mKBd4DKN  header:  video/mp4
Media NOT FOUND FOR ID: 6hWMiV2m
url: https://cdn.jwplayer.com/v2/sites/S41JwTap/media/6hWMiV2m/playback.json?token=eyJhbGciOiJIUzI1NiIsInR5cCI6IkpXVCJ9.eyJyZXNvdXJjZSI6Ii92Mi9zaXRlcy9TNDFKd1RhcC9tZWRpYS82aFdNaVYybS9wbGF5YmFjay5qc29uIiwiZXhwIjoxNzc0NjY0NzAwfQ.hs3PKhpLS8EfdD0JGwEnCg8d46EPdowwPpRRqqfnxpw
videoUrl:: https://videos-cloudfront.jwpsrv.com/69c7d6d3_814d89dfa7186fcf0faa66f96ce00b06f99dd1f1/content/conversions/S41JwTap/videos/h9LvaXYz-25175559.mp4
imageUrl:: https://assets-jpcust.jwpsrv.com/thumbnails/b4vor6tf-1920.jpg
notFoundMediaUrls: [
  {
    id: '6hWMiV2m',
    videoUrl: 'https://videos-cloudfront.jwpsrv.com/69c7d6d3_814d89dfa7186fcf0faa66f96ce00b06f99dd1f1/content/conversions/S41JwTap/videos/h9LvaXYz-25175559.mp4'
  },
  {
    id: '6hWMiV2m',
    imageUrl: 'https://assets-jpcust.jwpsrv.com/thumbnails/b4vor6tf-1920.jpg'
  }
]
Media found for: jgyt8S0m  header:  video/mp4
Media found for: V4y0ZlAa  header:  video/mp4
Media found for: d5qjR2sZ  header:  video/mp4
Media found for: 3jTXPm1G  header:  video/mp4
Media found for: Oh1u9jQb  header:  video/mp4
Media NOT FOUND FOR ID: mmp3Za9v
url: https://cdn.jwplayer.com/v2/sites/S41JwTap/media/mmp3Za9v/playback.json?token=eyJhbGciOiJIUzI1NiIsInR5cCI6IkpXVCJ9.eyJyZXNvdXJjZSI6Ii92Mi9zaXRlcy9TNDFKd1RhcC9tZWRpYS9tbXAzWmE5di9wbGF5YmFjay5qc29uIiwiZXhwIjoxNzc0NjY0NzAwfQ.fOFat8HgKBZyq_xAO7ZILdhwmFbXpxwgz558jcBre-Q
videoUrl:: https://videos-cloudfront.jwpsrv.com/69c7d76b_a8702479b5627e1056579c06816a38cbbfb2b434/content/conversions/S41JwTap/videos/B9qnay9y-25175559.mp4
imageUrl:: https://assets-jpcust.jwpsrv.com/thumbnails/0cpby5ec-1920.jpg
notFoundMediaUrls: [
  {
    id: 'mmp3Za9v',
    videoUrl: 'https://videos-cloudfront.jwpsrv.com/69c7d76b_a8702479b5627e1056579c06816a38cbbfb2b434/content/conversions/S41JwTap/videos/B9qnay9y-25175559.mp4'
  },
  {
    id: 'mmp3Za9v',
    imageUrl: 'https://assets-jpcust.jwpsrv.com/thumbnails/0cpby5ec-1920.jpg'
  }
]
Media NOT FOUND FOR ID: rVCyThnG
url: https://cdn.jwplayer.com/v2/sites/S41JwTap/media/rVCyThnG/playback.json?token=eyJhbGciOiJIUzI1NiIsInR5cCI6IkpXVCJ9.eyJyZXNvdXJjZSI6Ii92Mi9zaXRlcy9TNDFKd1RhcC9tZWRpYS9yVkN5VGhuRy9wbGF5YmFjay5qc29uIiwiZXhwIjoxNzc0NjY0NzAwfQ.H7lD1neYtYpKR-HTzkc6u8NZVvbqU6xZc7Yu_N_df80
videoUrl:: https://videos-cloudfront.jwpsrv.com/69c7d65f_62b45e4fcceabf9d113b746b9ee1f1a87680e1b1/content/conversions/S41JwTap/videos/Ri5Utu5s-25175559.mp4
imageUrl:: https://assets-jpcust.jwpsrv.com/thumbnails/viiofzgk-1920.jpg
notFoundMediaUrls: [
  {
    id: 'rVCyThnG',
    videoUrl: 'https://videos-cloudfront.jwpsrv.com/69c7d65f_62b45e4fcceabf9d113b746b9ee1f1a87680e1b1/content/conversions/S41JwTap/videos/Ri5Utu5s-25175559.mp4'
  },
  {
    id: 'rVCyThnG',
    imageUrl: 'https://assets-jpcust.jwpsrv.com/thumbnails/viiofzgk-1920.jpg'
  }
]
Media NOT FOUND FOR ID: zFGBTcgF
url: https://cdn.jwplayer.com/v2/sites/S41JwTap/media/zFGBTcgF/playback.json?token=eyJhbGciOiJIUzI1NiIsInR5cCI6IkpXVCJ9.eyJyZXNvdXJjZSI6Ii92Mi9zaXRlcy9TNDFKd1RhcC9tZWRpYS96RkdCVGNnRi9wbGF5YmFjay5qc29uIiwiZXhwIjoxNzc0NjY0NzAwfQ.It-rFOhSjGoOS9aVtwRlnOVs990ak-AfXo-0K3m7UDQ
videoUrl:: https://videos-cloudfront.jwpsrv.com/69c7d74e_f5b6451a30f048f7b6eba2304cc90fa2d35f9f0e/content/conversions/S41JwTap/videos/uTQDYaga-25175559.mp4
imageUrl:: https://assets-jpcust.jwpsrv.com/thumbnails/por3q3ug-1920.jpg
notFoundMediaUrls: [
  {
    id: 'zFGBTcgF',
    videoUrl: 'https://videos-cloudfront.jwpsrv.com/69c7d74e_f5b6451a30f048f7b6eba2304cc90fa2d35f9f0e/content/conversions/S41JwTap/videos/uTQDYaga-25175559.mp4'
  },
  {
    id: 'zFGBTcgF',
    imageUrl: 'https://assets-jpcust.jwpsrv.com/thumbnails/por3q3ug-1920.jpg'
  }
]
Media NOT FOUND FOR ID: eyMHqXFk
url: https://cdn.jwplayer.com/v2/sites/S41JwTap/media/eyMHqXFk/playback.json?token=eyJhbGciOiJIUzI1NiIsInR5cCI6IkpXVCJ9.eyJyZXNvdXJjZSI6Ii92Mi9zaXRlcy9TNDFKd1RhcC9tZWRpYS9leU1IcVhGay9wbGF5YmFjay5qc29uIiwiZXhwIjoxNzc0NjY0NzAwfQ.UsDsp1GKyU3m7oozugtKP8ytE7RDhzw6OiiA66jD8R4
videoUrl:: https://videos-cloudfront.jwpsrv.com/69c7d6fe_527cc3b6247e8c670a6caec0172b76d6a7cbbdf3/content/conversions/S41JwTap/videos/y9g0vUUA-25175559.mp4
imageUrl:: https://assets-jpcust.jwpsrv.com/thumbnails/y95nekud-1920.jpg
notFoundMediaUrls: [
  {
    id: 'eyMHqXFk',
    videoUrl: 'https://videos-cloudfront.jwpsrv.com/69c7d6fe_527cc3b6247e8c670a6caec0172b76d6a7cbbdf3/content/conversions/S41JwTap/videos/y9g0vUUA-25175559.mp4'
  },
  {
    id: 'eyMHqXFk',
    imageUrl: 'https://assets-jpcust.jwpsrv.com/thumbnails/y95nekud-1920.jpg'
  }
]
Media NOT FOUND FOR ID: UXHWwS9d
url: https://cdn.jwplayer.com/v2/sites/S41JwTap/media/UXHWwS9d/playback.json?token=eyJhbGciOiJIUzI1NiIsInR5cCI6IkpXVCJ9.eyJyZXNvdXJjZSI6Ii92Mi9zaXRlcy9TNDFKd1RhcC9tZWRpYS9VWEhXd1M5ZC9wbGF5YmFjay5qc29uIiwiZXhwIjoxNzc0NjY0NzAwfQ.dmjKrGqBEppwgRH06vCAz9_BHPfKuG1q4Q5WmHvcqiE
videoUrl:: https://videos-cloudfront.jwpsrv.com/69c7d706_991fa95f9d6526cadd94c1a8d3d042f67cf614ed/content/conversions/S41JwTap/videos/XAYxfRr6-25175559.mp4
imageUrl:: https://assets-jpcust.jwpsrv.com/thumbnails/hrsfojx4-1920.jpg
notFoundMediaUrls: [
  {
    id: 'UXHWwS9d',
    videoUrl: 'https://videos-cloudfront.jwpsrv.com/69c7d706_991fa95f9d6526cadd94c1a8d3d042f67cf614ed/content/conversions/S41JwTap/videos/XAYxfRr6-25175559.mp4'
  },
  {
    id: 'UXHWwS9d',
    imageUrl: 'https://assets-jpcust.jwpsrv.com/thumbnails/hrsfojx4-1920.jpg'
  }
]
Media NOT FOUND FOR ID: gK7V58GH
url: https://cdn.jwplayer.com/v2/sites/S41JwTap/media/gK7V58GH/playback.json?token=eyJhbGciOiJIUzI1NiIsInR5cCI6IkpXVCJ9.eyJyZXNvdXJjZSI6Ii92Mi9zaXRlcy9TNDFKd1RhcC9tZWRpYS9nSzdWNThHSC9wbGF5YmFjay5qc29uIiwiZXhwIjoxNzc0NjY0NzAwfQ.T6ytPggeNi-FTqxqj1dOEG3ocDUDzF36Zur6m1luhoY
videoUrl:: https://videos-cloudfront.jwpsrv.com/69c7d6ba_28e4c3473058e7e61d220b0a196eb0945901e221/content/conversions/S41JwTap/videos/XluODVEF-25175559.mp4
imageUrl:: https://assets-jpcust.jwpsrv.com/thumbnails/tclylli1-1920.jpg
notFoundMediaUrls: [
  {
    id: 'gK7V58GH',
    videoUrl: 'https://videos-cloudfront.jwpsrv.com/69c7d6ba_28e4c3473058e7e61d220b0a196eb0945901e221/content/conversions/S41JwTap/videos/XluODVEF-25175559.mp4'
  },
  {
    id: 'gK7V58GH',
    imageUrl: 'https://assets-jpcust.jwpsrv.com/thumbnails/tclylli1-1920.jpg'
  }
]
Media found for: k01eCJ51  header:  video/mp4
Media found for: G0VvyRPM  header:  video/mp4
Media found for: UXjMxzNF  header:  video/mp4
Media NOT FOUND FOR ID: vaI6K06p
url: https://cdn.jwplayer.com/v2/sites/S41JwTap/media/vaI6K06p/playback.json?token=eyJhbGciOiJIUzI1NiIsInR5cCI6IkpXVCJ9.eyJyZXNvdXJjZSI6Ii92Mi9zaXRlcy9TNDFKd1RhcC9tZWRpYS92YUk2SzA2cC9wbGF5YmFjay5qc29uIiwiZXhwIjoxNzc0NjY0NzAwfQ.HgGQ5NHZJCqyVN_QT_YBt5oxI-BE-Tqf6wYiTPPkIJY
videoUrl:: https://videos-cloudfront.jwpsrv.com/69c7d6af_e4d0cb6762f1460e17ebc3ef06b22c468b00d35f/content/conversions/S41JwTap/videos/UlIxRG2b-25175559.mp4
imageUrl:: https://assets-jpcust.jwpsrv.com/thumbnails/jat30azo-1920.jpg
notFoundMediaUrls: [
  {
    id: 'vaI6K06p',
    videoUrl: 'https://videos-cloudfront.jwpsrv.com/69c7d6af_e4d0cb6762f1460e17ebc3ef06b22c468b00d35f/content/conversions/S41JwTap/videos/UlIxRG2b-25175559.mp4'
  },
  {
    id: 'vaI6K06p',
    imageUrl: 'https://assets-jpcust.jwpsrv.com/thumbnails/jat30azo-1920.jpg'
  }
]
Media found for: m0SrmiEf  header:  video/mp4
Media found for: QF9wJz9o  header:  video/mp4
Media found for: 2RqG9M7L  header:  video/mp4
Media found for: hasPRfD5  header:  video/mp4
Media found for: 3N5cgLx6  header:  video/mp4
Media NOT FOUND FOR ID: ktyyV3Xm
url: https://cdn.jwplayer.com/v2/sites/S41JwTap/media/ktyyV3Xm/playback.json?token=eyJhbGciOiJIUzI1NiIsInR5cCI6IkpXVCJ9.eyJyZXNvdXJjZSI6Ii92Mi9zaXRlcy9TNDFKd1RhcC9tZWRpYS9rdHl5VjNYbS9wbGF5YmFjay5qc29uIiwiZXhwIjoxNzc0NjY0NzAwfQ.oh-sWQ9doutmZBbPsgwEeL32lXsVvbyDwr16y8cXwJ8
videoUrl:: https://videos-cloudfront.jwpsrv.com/69c7d772_385060661d732e525d1631d5e762fc439edf6a31/content/conversions/S41JwTap/videos/NZj4EeIw-25175559.mp4
imageUrl:: https://assets-jpcust.jwpsrv.com/thumbnails/gd7lsj99-1920.jpg
notFoundMediaUrls: [
  {
    id: 'ktyyV3Xm',
    videoUrl: 'https://videos-cloudfront.jwpsrv.com/69c7d772_385060661d732e525d1631d5e762fc439edf6a31/content/conversions/S41JwTap/videos/NZj4EeIw-25175559.mp4'
  },
  {
    id: 'ktyyV3Xm',
    imageUrl: 'https://assets-jpcust.jwpsrv.com/thumbnails/gd7lsj99-1920.jpg'
  }
]
Media NOT FOUND FOR ID: LYbSY3tn
url: https://cdn.jwplayer.com/v2/sites/S41JwTap/media/LYbSY3tn/playback.json?token=eyJhbGciOiJIUzI1NiIsInR5cCI6IkpXVCJ9.eyJyZXNvdXJjZSI6Ii92Mi9zaXRlcy9TNDFKd1RhcC9tZWRpYS9MWWJTWTN0bi9wbGF5YmFjay5qc29uIiwiZXhwIjoxNzc0NjY0NzAwfQ.4qoES9toeKkHN0fYdHY2x6eYuJBUOih27zomqpflXEg
videoUrl:: https://videos-cloudfront.jwpsrv.com/69c7d711_e94f6b07b11e7c0900d8505d4a8b777c2f8970b7/content/conversions/S41JwTap/videos/VUaatz7V-25175559.mp4
imageUrl:: https://assets-jpcust.jwpsrv.com/thumbnails/y4oi2sfn-1920.jpg
notFoundMediaUrls: [
  {
    id: 'LYbSY3tn',
    videoUrl: 'https://videos-cloudfront.jwpsrv.com/69c7d711_e94f6b07b11e7c0900d8505d4a8b777c2f8970b7/content/conversions/S41JwTap/videos/VUaatz7V-25175559.mp4'
  },
  {
    id: 'LYbSY3tn',
    imageUrl: 'https://assets-jpcust.jwpsrv.com/thumbnails/y4oi2sfn-1920.jpg'
  }
]
Media found for: UXyOMVUq  header:  video/mp4
Media found for: R1Y8c4uo  header:  video/mp4
Media NOT FOUND FOR ID: 4ea9r6DL
url: https://cdn.jwplayer.com/v2/sites/S41JwTap/media/4ea9r6DL/playback.json?token=eyJhbGciOiJIUzI1NiIsInR5cCI6IkpXVCJ9.eyJyZXNvdXJjZSI6Ii92Mi9zaXRlcy9TNDFKd1RhcC9tZWRpYS80ZWE5cjZETC9wbGF5YmFjay5qc29uIiwiZXhwIjoxNzc0NjY0NzAwfQ.ilzNtfBSXVGy8vUcSYVMdR6gZqnYk8O_jxV8pWsMEfU
videoUrl:: https://videos-cloudfront.jwpsrv.com/69c7d6fe_65315dd5c7a8e0c21c3d25f8700a8431062d38f0/content/conversions/S41JwTap/videos/XfGH2Phi-25175559.mp4
imageUrl:: https://assets-jpcust.jwpsrv.com/thumbnails/akfpy8jn-1920.jpg
notFoundMediaUrls: [
  {
    id: '4ea9r6DL',
    videoUrl: 'https://videos-cloudfront.jwpsrv.com/69c7d6fe_65315dd5c7a8e0c21c3d25f8700a8431062d38f0/content/conversions/S41JwTap/videos/XfGH2Phi-25175559.mp4'
  },
  {
    id: '4ea9r6DL',
    imageUrl: 'https://assets-jpcust.jwpsrv.com/thumbnails/akfpy8jn-1920.jpg'
  }
]
Media found for: VC7nDJnR  header:  video/mp4
Media found for: ciU5ieHV  header:  video/mp4
Media NOT FOUND FOR ID: qCUXyXA9
url: https://cdn.jwplayer.com/v2/sites/S41JwTap/media/qCUXyXA9/playback.json?token=eyJhbGciOiJIUzI1NiIsInR5cCI6IkpXVCJ9.eyJyZXNvdXJjZSI6Ii92Mi9zaXRlcy9TNDFKd1RhcC9tZWRpYS9xQ1VYeVhBOS9wbGF5YmFjay5qc29uIiwiZXhwIjoxNzc0NjY0NzAwfQ.uJ6GC6xgNcc7I8qB9SXEKfFB0Sy06ZcAmS5FzSZWcvI
videoUrl:: https://videos-cloudfront.jwpsrv.com/69c7d789_9377c13ea77549901df31e1af4e0fd3048dfcae4/content/conversions/S41JwTap/videos/OqJ8yBN1-25175559.mp4
imageUrl:: https://assets-jpcust.jwpsrv.com/thumbnails/njjnkd16-1920.jpg
notFoundMediaUrls: [
  {
    id: 'qCUXyXA9',
    videoUrl: 'https://videos-cloudfront.jwpsrv.com/69c7d789_9377c13ea77549901df31e1af4e0fd3048dfcae4/content/conversions/S41JwTap/videos/OqJ8yBN1-25175559.mp4'
  },
  {
    id: 'qCUXyXA9',
    imageUrl: 'https://assets-jpcust.jwpsrv.com/thumbnails/njjnkd16-1920.jpg'
  }
]
Media NOT FOUND FOR ID: xY11l0tN
url: https://cdn.jwplayer.com/v2/sites/S41JwTap/media/xY11l0tN/playback.json?token=eyJhbGciOiJIUzI1NiIsInR5cCI6IkpXVCJ9.eyJyZXNvdXJjZSI6Ii92Mi9zaXRlcy9TNDFKd1RhcC9tZWRpYS94WTExbDB0Ti9wbGF5YmFjay5qc29uIiwiZXhwIjoxNzc0NjY0NzAwfQ.oHtnGCk6vQp4qLvcSbie3Dlcs0iQVc_82vwRZjaOcTU
videoUrl:: https://videos-cloudfront.jwpsrv.com/69c7d693_4882f528242e2365be2e1204ff0a12c49274ab7b/content/conversions/S41JwTap/videos/SMudGP7r-25175559.mp4
imageUrl:: https://assets-jpcust.jwpsrv.com/thumbnails/hl8ge35x-1920.jpg
notFoundMediaUrls: [
  {
    id: 'xY11l0tN',
    videoUrl: 'https://videos-cloudfront.jwpsrv.com/69c7d693_4882f528242e2365be2e1204ff0a12c49274ab7b/content/conversions/S41JwTap/videos/SMudGP7r-25175559.mp4'
  },
  {
    id: 'xY11l0tN',
    imageUrl: 'https://assets-jpcust.jwpsrv.com/thumbnails/hl8ge35x-1920.jpg'
  }
]
Media NOT FOUND FOR ID: KX6cteVr
url: https://cdn.jwplayer.com/v2/sites/S41JwTap/media/KX6cteVr/playback.json?token=eyJhbGciOiJIUzI1NiIsInR5cCI6IkpXVCJ9.eyJyZXNvdXJjZSI6Ii92Mi9zaXRlcy9TNDFKd1RhcC9tZWRpYS9LWDZjdGVWci9wbGF5YmFjay5qc29uIiwiZXhwIjoxNzc0NjY0NzAwfQ.Mh4Uu5jZP2VpsjPOUhirBxu01f5x3ZItpFke19n4ZHU
videoUrl:: https://videos-cloudfront.jwpsrv.com/69c7d68a_2ba13cb6d16858c3d75378d14aade798fd576ef5/content/conversions/S41JwTap/videos/ITozKoZu-25175559.mp4
imageUrl:: https://assets-jpcust.jwpsrv.com/thumbnails/5c1en3qj-1920.jpg
notFoundMediaUrls: [
  {
    id: 'KX6cteVr',
    videoUrl: 'https://videos-cloudfront.jwpsrv.com/69c7d68a_2ba13cb6d16858c3d75378d14aade798fd576ef5/content/conversions/S41JwTap/videos/ITozKoZu-25175559.mp4'
  },
  {
    id: 'KX6cteVr',
    imageUrl: 'https://assets-jpcust.jwpsrv.com/thumbnails/5c1en3qj-1920.jpg'
  }
]
Media NOT FOUND FOR ID: PmZZQtb1
url: https://cdn.jwplayer.com/v2/sites/S41JwTap/media/PmZZQtb1/playback.json?token=eyJhbGciOiJIUzI1NiIsInR5cCI6IkpXVCJ9.eyJyZXNvdXJjZSI6Ii92Mi9zaXRlcy9TNDFKd1RhcC9tZWRpYS9QbVpaUXRiMS9wbGF5YmFjay5qc29uIiwiZXhwIjoxNzc0NjY0NzAwfQ.7JtKvsvU0ViDIsWZ0iJU8h33zevAacr0RxfRJi5M2U4
videoUrl:: https://videos-cloudfront.jwpsrv.com/69c7d6b1_9e517549fa2be825a167ac1b232d07fc7515bf47/content/conversions/S41JwTap/videos/lAMK5sA4-25175559.mp4
imageUrl:: https://assets-jpcust.jwpsrv.com/thumbnails/k3x7pjk7-1920.jpg
notFoundMediaUrls: [
  {
    id: 'PmZZQtb1',
    videoUrl: 'https://videos-cloudfront.jwpsrv.com/69c7d6b1_9e517549fa2be825a167ac1b232d07fc7515bf47/content/conversions/S41JwTap/videos/lAMK5sA4-25175559.mp4'
  },
  {
    id: 'PmZZQtb1',
    imageUrl: 'https://assets-jpcust.jwpsrv.com/thumbnails/k3x7pjk7-1920.jpg'
  }
]
Media found for: wtawWAbz  header:  video/mp4
Media found for: Quycla69  header:  video/mp4
Media found for: HsidktX0  header:  video/mp4
Media NOT FOUND FOR ID: MuykIAA9
url: https://cdn.jwplayer.com/v2/sites/S41JwTap/media/MuykIAA9/playback.json?token=eyJhbGciOiJIUzI1NiIsInR5cCI6IkpXVCJ9.eyJyZXNvdXJjZSI6Ii92Mi9zaXRlcy9TNDFKd1RhcC9tZWRpYS9NdXlrSUFBOS9wbGF5YmFjay5qc29uIiwiZXhwIjoxNzc0NjY0NzAwfQ.MTO_QODGwJFCOpcoeVCfjAy_LXH4vQtj7OpXoXhrPto
videoUrl:: https://videos-cloudfront.jwpsrv.com/69c7d756_265c2e3cbb845ac4754ca381b1ef85c1e24ec4c0/content/conversions/S41JwTap/videos/DKdLHKGS-25175559.mp4
imageUrl:: https://assets-jpcust.jwpsrv.com/thumbnails/1xro0afz-1920.jpg
notFoundMediaUrls: [
  {
    id: 'MuykIAA9',
    videoUrl: 'https://videos-cloudfront.jwpsrv.com/69c7d756_265c2e3cbb845ac4754ca381b1ef85c1e24ec4c0/content/conversions/S41JwTap/videos/DKdLHKGS-25175559.mp4'
  },
  {
    id: 'MuykIAA9',
    imageUrl: 'https://assets-jpcust.jwpsrv.com/thumbnails/1xro0afz-1920.jpg'
  }
]
Media NOT FOUND FOR ID: 1VvNpwkf
url: https://cdn.jwplayer.com/v2/sites/S41JwTap/media/1VvNpwkf/playback.json?token=eyJhbGciOiJIUzI1NiIsInR5cCI6IkpXVCJ9.eyJyZXNvdXJjZSI6Ii92Mi9zaXRlcy9TNDFKd1RhcC9tZWRpYS8xVnZOcHdrZi9wbGF5YmFjay5qc29uIiwiZXhwIjoxNzc0NjY0NzAwfQ.LSo7-inVSVqBoS2djOX7HrldqSroJ4tMdrCxbuQxQlI
videoUrl:: https://videos-cloudfront.jwpsrv.com/69c7d765_68f585fd8b2ed165498860d741e763f7f5d545a8/content/conversions/S41JwTap/videos/DlohzxKi-25175559.mp4
imageUrl:: https://assets-jpcust.jwpsrv.com/thumbnails/c01ei77n-1920.jpg
notFoundMediaUrls: [
  {
    id: '1VvNpwkf',
    videoUrl: 'https://videos-cloudfront.jwpsrv.com/69c7d765_68f585fd8b2ed165498860d741e763f7f5d545a8/content/conversions/S41JwTap/videos/DlohzxKi-25175559.mp4'
  },
  {
    id: '1VvNpwkf',
    imageUrl: 'https://assets-jpcust.jwpsrv.com/thumbnails/c01ei77n-1920.jpg'
  }
]
Media found for: kNV3qsjh  header:  video/mp4
Media found for: X26buAIU  header:  video/mp4
Media found for: t579EZwb  header:  video/mp4
Media NOT FOUND FOR ID: ZGVMeXc7
url: https://cdn.jwplayer.com/v2/sites/S41JwTap/media/ZGVMeXc7/playback.json?token=eyJhbGciOiJIUzI1NiIsInR5cCI6IkpXVCJ9.eyJyZXNvdXJjZSI6Ii92Mi9zaXRlcy9TNDFKd1RhcC9tZWRpYS9aR1ZNZVhjNy9wbGF5YmFjay5qc29uIiwiZXhwIjoxNzc0NjY0NzAwfQ.xIn8zMzqv9dhAJg862OD5ckfAIff1HUosCKWR2w30sc
videoUrl:: https://videos-cloudfront.jwpsrv.com/69c7d747_2cf4b1c492c0be571ddca8b51dedb5ac55bf24a9/content/conversions/S41JwTap/videos/BMNWoRd2-25175559.mp4
imageUrl:: https://assets-jpcust.jwpsrv.com/thumbnails/69cuhdcw-1920.jpg
notFoundMediaUrls: [
  {
    id: 'ZGVMeXc7',
    videoUrl: 'https://videos-cloudfront.jwpsrv.com/69c7d747_2cf4b1c492c0be571ddca8b51dedb5ac55bf24a9/content/conversions/S41JwTap/videos/BMNWoRd2-25175559.mp4'
  },
  {
    id: 'ZGVMeXc7',
    imageUrl: 'https://assets-jpcust.jwpsrv.com/thumbnails/69cuhdcw-1920.jpg'
  }
]
Media NOT FOUND FOR ID: hHy3vF71
url: https://cdn.jwplayer.com/v2/sites/S41JwTap/media/hHy3vF71/playback.json?token=eyJhbGciOiJIUzI1NiIsInR5cCI6IkpXVCJ9.eyJyZXNvdXJjZSI6Ii92Mi9zaXRlcy9TNDFKd1RhcC9tZWRpYS9oSHkzdkY3MS9wbGF5YmFjay5qc29uIiwiZXhwIjoxNzc0NjY0NzAwfQ.VkXkIdg4mb9sCMWwVXYXCswL3spcbk-Gh4GsfH5gQ_I
videoUrl:: https://videos-cloudfront.jwpsrv.com/69c7d721_c4000e769972226aaaec751874c4687ed291aa03/content/conversions/S41JwTap/videos/cGSq1CNY-25175559.mp4
imageUrl:: https://assets-jpcust.jwpsrv.com/thumbnails/fx45wpq8-1920.jpg
notFoundMediaUrls: [
  {
    id: 'hHy3vF71',
    videoUrl: 'https://videos-cloudfront.jwpsrv.com/69c7d721_c4000e769972226aaaec751874c4687ed291aa03/content/conversions/S41JwTap/videos/cGSq1CNY-25175559.mp4'
  },
  {
    id: 'hHy3vF71',
    imageUrl: 'https://assets-jpcust.jwpsrv.com/thumbnails/fx45wpq8-1920.jpg'
  }
]
Media NOT FOUND FOR ID: eWgutFTc
url: https://cdn.jwplayer.com/v2/sites/S41JwTap/media/eWgutFTc/playback.json?token=eyJhbGciOiJIUzI1NiIsInR5cCI6IkpXVCJ9.eyJyZXNvdXJjZSI6Ii92Mi9zaXRlcy9TNDFKd1RhcC9tZWRpYS9lV2d1dEZUYy9wbGF5YmFjay5qc29uIiwiZXhwIjoxNzc0NjY0NzAwfQ.HRS_GNvnAGYk4B37exFN9zaGXo7N-IKWDqhKqhTzv4I
videoUrl:: https://videos-cloudfront.jwpsrv.com/69c7d79f_3c4cca1018211efa1a0cacb6e950dd7ae49a1850/content/conversions/S41JwTap/videos/4n1d77MJ-25175559.mp4
imageUrl:: https://assets-jpcust.jwpsrv.com/thumbnails/umu5uu03-1920.jpg
notFoundMediaUrls: [
  {
    id: 'eWgutFTc',
    videoUrl: 'https://videos-cloudfront.jwpsrv.com/69c7d79f_3c4cca1018211efa1a0cacb6e950dd7ae49a1850/content/conversions/S41JwTap/videos/4n1d77MJ-25175559.mp4'
  },
  {
    id: 'eWgutFTc',
    imageUrl: 'https://assets-jpcust.jwpsrv.com/thumbnails/umu5uu03-1920.jpg'
  }
]
Media NOT FOUND FOR ID: 4qmKot17
url: https://cdn.jwplayer.com/v2/sites/S41JwTap/media/4qmKot17/playback.json?token=eyJhbGciOiJIUzI1NiIsInR5cCI6IkpXVCJ9.eyJyZXNvdXJjZSI6Ii92Mi9zaXRlcy9TNDFKd1RhcC9tZWRpYS80cW1Lb3QxNy9wbGF5YmFjay5qc29uIiwiZXhwIjoxNzc0NjY0NzAwfQ.7pB9QqA4qx3-TWwo9Pi6CQJmJCfxy99Hl9u8B3rYlWk
videoUrl:: https://videos-cloudfront.jwpsrv.com/69c7d78c_476e9319cf506f9c17b32e26d4f6cc75ab2b4662/content/conversions/S41JwTap/videos/pTRE7wuN-25175559.mp4
imageUrl:: https://assets-jpcust.jwpsrv.com/thumbnails/qgxw7215-1920.jpg
notFoundMediaUrls: [
  {
    id: '4qmKot17',
    videoUrl: 'https://videos-cloudfront.jwpsrv.com/69c7d78c_476e9319cf506f9c17b32e26d4f6cc75ab2b4662/content/conversions/S41JwTap/videos/pTRE7wuN-25175559.mp4'
  },
  {
    id: '4qmKot17',
    imageUrl: 'https://assets-jpcust.jwpsrv.com/thumbnails/qgxw7215-1920.jpg'
  }
]
Media found for: zNgPUc5G  header:  video/mp4
Media found for: ngrHK8p6  header:  video/mp4
Media found for: jtmxEjUD  header:  video/mp4
Media found for: VbyOR1zR  header:  video/mp4
Media found for: 3qZd5BX5  header:  video/mp4
Media found for: LgNSLUfk  header:  video/mp4
Media NOT FOUND FOR ID: ASGP4nn8
url: https://cdn.jwplayer.com/v2/sites/S41JwTap/media/ASGP4nn8/playback.json?token=eyJhbGciOiJIUzI1NiIsInR5cCI6IkpXVCJ9.eyJyZXNvdXJjZSI6Ii92Mi9zaXRlcy9TNDFKd1RhcC9tZWRpYS9BU0dQNG5uOC9wbGF5YmFjay5qc29uIiwiZXhwIjoxNzc0NjY0NzAwfQ.BtQYVWuT91Fd8Xt1k9-DGke-pw24mMhIQjIh7MOW_qQ
videoUrl:: https://videos-cloudfront.jwpsrv.com/69c7d752_6d51c2a56b3d73a57c8cf926db55562c3a8995ab/content/conversions/S41JwTap/videos/Op10XzOG-25175562.mp4
imageUrl:: https://assets-jpcust.jwpsrv.com/thumbnails/1rk8q0kr-1920.jpg
notFoundMediaUrls: [
  {
    id: 'ASGP4nn8',
    videoUrl: 'https://videos-cloudfront.jwpsrv.com/69c7d752_6d51c2a56b3d73a57c8cf926db55562c3a8995ab/content/conversions/S41JwTap/videos/Op10XzOG-25175562.mp4'
  },
  {
    id: 'ASGP4nn8',
    imageUrl: 'https://assets-jpcust.jwpsrv.com/thumbnails/1rk8q0kr-1920.jpg'
  }
]
Media found for: c89pdDab  header:  video/mp4
Media found for: CyQCrqhW  header:  video/mp4
Media found for: Jk8SuDiM  header:  video/mp4
Media found for: I7EU59HN  header:  video/mp4
Media NOT FOUND FOR ID: X18anSE8
url: https://cdn.jwplayer.com/v2/sites/S41JwTap/media/X18anSE8/playback.json?token=eyJhbGciOiJIUzI1NiIsInR5cCI6IkpXVCJ9.eyJyZXNvdXJjZSI6Ii92Mi9zaXRlcy9TNDFKd1RhcC9tZWRpYS9YMThhblNFOC9wbGF5YmFjay5qc29uIiwiZXhwIjoxNzc0NjY1MDAwfQ.Lo7_7Hq0uPVNKpCPv8CnlihlkQDEH5l-I2h1jOGqG0I
videoUrl:: https://videos-cloudfront.jwpsrv.com/69c7d714_e8b0fd20d2f26b9b1c55e968b572cc9e1294802b/content/conversions/S41JwTap/videos/92FFuIVt-25175559.mp4
imageUrl:: https://assets-jpcust.jwpsrv.com/thumbnails/oyhsvs8e-1920.jpg
notFoundMediaUrls: [
  {
    id: 'X18anSE8',
    videoUrl: 'https://videos-cloudfront.jwpsrv.com/69c7d714_e8b0fd20d2f26b9b1c55e968b572cc9e1294802b/content/conversions/S41JwTap/videos/92FFuIVt-25175559.mp4'
  },
  {
    id: 'X18anSE8',
    imageUrl: 'https://assets-jpcust.jwpsrv.com/thumbnails/oyhsvs8e-1920.jpg'
  }
]
Media found for: Pe9nGLXl  header:  video/mp4
Media found for: Kn6ka1Ub  header:  video/mp4
Media found for: Dm08iEsF  header:  video/mp4
Media NOT FOUND FOR ID: 2PIHT7KL
url: https://cdn.jwplayer.com/v2/sites/S41JwTap/media/2PIHT7KL/playback.json?token=eyJhbGciOiJIUzI1NiIsInR5cCI6IkpXVCJ9.eyJyZXNvdXJjZSI6Ii92Mi9zaXRlcy9TNDFKd1RhcC9tZWRpYS8yUElIVDdLTC9wbGF5YmFjay5qc29uIiwiZXhwIjoxNzc0NjY1MDAwfQ.rdgJ0A4LXaL2jqAn3vv2vglXr7uD617VDnXzp1LmiN0
videoUrl:: https://videos-cloudfront.jwpsrv.com/69c7d709_0aeb5e626b422e9abac3205958d46f4b241a7b11/content/conversions/S41JwTap/videos/0QsLdYSk-25175559.mp4
imageUrl:: https://assets-jpcust.jwpsrv.com/thumbnails/7l96xwps-1920.jpg
notFoundMediaUrls: [
  {
    id: '2PIHT7KL',
    videoUrl: 'https://videos-cloudfront.jwpsrv.com/69c7d709_0aeb5e626b422e9abac3205958d46f4b241a7b11/content/conversions/S41JwTap/videos/0QsLdYSk-25175559.mp4'
  },
  {
    id: '2PIHT7KL',
    imageUrl: 'https://assets-jpcust.jwpsrv.com/thumbnails/7l96xwps-1920.jpg'
  }
]
Media NOT FOUND FOR ID: u7Qc9COJ
url: https://cdn.jwplayer.com/v2/sites/S41JwTap/media/u7Qc9COJ/playback.json?token=eyJhbGciOiJIUzI1NiIsInR5cCI6IkpXVCJ9.eyJyZXNvdXJjZSI6Ii92Mi9zaXRlcy9TNDFKd1RhcC9tZWRpYS91N1FjOUNPSi9wbGF5YmFjay5qc29uIiwiZXhwIjoxNzc0NjY1MDAwfQ.nZNqQFad7HBW20HvS97MXlCs6fgDvFPdHIA5hu26Jq4
videoUrl:: https://videos-cloudfront.jwpsrv.com/69c7d6f8_cd2c7b220b477773733aff4c6d8e313440e0ff81/content/conversions/S41JwTap/videos/tUf7UlBS-25175559.mp4
imageUrl:: https://assets-jpcust.jwpsrv.com/thumbnails/ethyo0z2-1920.jpg
notFoundMediaUrls: [
  {
    id: 'u7Qc9COJ',
    videoUrl: 'https://videos-cloudfront.jwpsrv.com/69c7d6f8_cd2c7b220b477773733aff4c6d8e313440e0ff81/content/conversions/S41JwTap/videos/tUf7UlBS-25175559.mp4'
  },
  {
    id: 'u7Qc9COJ',
    imageUrl: 'https://assets-jpcust.jwpsrv.com/thumbnails/ethyo0z2-1920.jpg'
  }
]
Media found for: qCiJWSIg  header:  video/mp4
Media found for: cVe36DjB  header:  video/mp4
Media found for: K6vbgp2l  header:  video/mp4
Media found for: Nn86QsX2  header:  video/mp4
Media found for: QmQmg2fZ  header:  video/mp4
Media found for: dBuedqrV  header:  video/mp4
Media found for: ArQ6EeKD  header:  video/mp4
Media NOT FOUND FOR ID: ChZOdAJI
url: https://cdn.jwplayer.com/v2/sites/S41JwTap/media/ChZOdAJI/playback.json?token=eyJhbGciOiJIUzI1NiIsInR5cCI6IkpXVCJ9.eyJyZXNvdXJjZSI6Ii92Mi9zaXRlcy9TNDFKd1RhcC9tZWRpYS9DaFpPZEFKSS9wbGF5YmFjay5qc29uIiwiZXhwIjoxNzc0NjY1MDAwfQ.ihyIfyENWLZ3I1JO71YVlEz2xTYPx-VrPtLZB92RU8I
videoUrl:: https://videos-cloudfront.jwpsrv.com/69c7d759_8ea4963c175fcfebdcf748fb89a4608215b745bc/content/conversions/S41JwTap/videos/xDlXmm14-25175559.mp4
imageUrl:: https://assets-jpcust.jwpsrv.com/thumbnails/u9fsuxn6-1920.jpg
notFoundMediaUrls: [
  {
    id: 'ChZOdAJI',
    videoUrl: 'https://videos-cloudfront.jwpsrv.com/69c7d759_8ea4963c175fcfebdcf748fb89a4608215b745bc/content/conversions/S41JwTap/videos/xDlXmm14-25175559.mp4'
  },
  {
    id: 'ChZOdAJI',
    imageUrl: 'https://assets-jpcust.jwpsrv.com/thumbnails/u9fsuxn6-1920.jpg'
  }
]
Media found for: ejofpdvK  header:  video/mp4
Media found for: sGFGwRA3  header:  video/mp4
Media found for: x3qznt53  header:  video/mp4
Media found for: JJYaBOb8  header:  video/mp4
Media found for: FOVdUaQU  header:  video/mp4
Media found for: YsYS0JHo  header:  video/mp4
Media NOT FOUND FOR ID: z6Lywqpn
url: https://cdn.jwplayer.com/v2/sites/S41JwTap/media/z6Lywqpn/playback.json?token=eyJhbGciOiJIUzI1NiIsInR5cCI6IkpXVCJ9.eyJyZXNvdXJjZSI6Ii92Mi9zaXRlcy9TNDFKd1RhcC9tZWRpYS96Nkx5d3Fwbi9wbGF5YmFjay5qc29uIiwiZXhwIjoxNzc0NjY1MDAwfQ.KunX5Xn7bp9RAMQz4ahr_95VOHdnBSG-4iEvMedDv6I
videoUrl:: https://videos-cloudfront.jwpsrv.com/69c7d7e7_6355c801d46235e4c16b0738f60fe58517745e0c/content/conversions/S41JwTap/videos/9BvnMrqF-25175559.mp4
imageUrl:: https://assets-jpcust.jwpsrv.com/thumbnails/u8udcoit-1920.jpg
notFoundMediaUrls: [
  {
    id: 'z6Lywqpn',
    videoUrl: 'https://videos-cloudfront.jwpsrv.com/69c7d7e7_6355c801d46235e4c16b0738f60fe58517745e0c/content/conversions/S41JwTap/videos/9BvnMrqF-25175559.mp4'
  },
  {
    id: 'z6Lywqpn',
    imageUrl: 'https://assets-jpcust.jwpsrv.com/thumbnails/u8udcoit-1920.jpg'
  }
]
Media NOT FOUND FOR ID: W4gMn8bY
url: https://cdn.jwplayer.com/v2/sites/S41JwTap/media/W4gMn8bY/playback.json?token=eyJhbGciOiJIUzI1NiIsInR5cCI6IkpXVCJ9.eyJyZXNvdXJjZSI6Ii92Mi9zaXRlcy9TNDFKd1RhcC9tZWRpYS9XNGdNbjhiWS9wbGF5YmFjay5qc29uIiwiZXhwIjoxNzc0NjY1MDAwfQ.d49xL9D-vHuu5dFKi3JMXEN2RVu7puVi8pZX68m3a2E
videoUrl:: https://videos-cloudfront.jwpsrv.com/69c7d7bd_4a6b31cd764aef446f1e6e2c1cb6c066aed843a7/content/conversions/S41JwTap/videos/4tNeO6k8-25175559.mp4
imageUrl:: https://assets-jpcust.jwpsrv.com/thumbnails/181aj00p-1920.jpg
notFoundMediaUrls: [
  {
    id: 'W4gMn8bY',
    videoUrl: 'https://videos-cloudfront.jwpsrv.com/69c7d7bd_4a6b31cd764aef446f1e6e2c1cb6c066aed843a7/content/conversions/S41JwTap/videos/4tNeO6k8-25175559.mp4'
  },
  {
    id: 'W4gMn8bY',
    imageUrl: 'https://assets-jpcust.jwpsrv.com/thumbnails/181aj00p-1920.jpg'
  }
]
Media NOT FOUND FOR ID: 8TkGeRty
url: https://cdn.jwplayer.com/v2/sites/S41JwTap/media/8TkGeRty/playback.json?token=eyJhbGciOiJIUzI1NiIsInR5cCI6IkpXVCJ9.eyJyZXNvdXJjZSI6Ii92Mi9zaXRlcy9TNDFKd1RhcC9tZWRpYS84VGtHZVJ0eS9wbGF5YmFjay5qc29uIiwiZXhwIjoxNzc0NjY1MDAwfQ.YG705ZhtvQBDW0Ov6AQ399iA7fWpV0QgeIgA_-KZKrI
videoUrl:: https://videos-cloudfront.jwpsrv.com/69c7d77a_ed3f3b94f224b2c0c9a7c70e330584ef49605770/content/conversions/S41JwTap/videos/0zhyumQw-25175559.mp4
imageUrl:: https://assets-jpcust.jwpsrv.com/thumbnails/mvpj6j12-1920.jpg
notFoundMediaUrls: [
  {
    id: '8TkGeRty',
    videoUrl: 'https://videos-cloudfront.jwpsrv.com/69c7d77a_ed3f3b94f224b2c0c9a7c70e330584ef49605770/content/conversions/S41JwTap/videos/0zhyumQw-25175559.mp4'
  },
  {
    id: '8TkGeRty',
    imageUrl: 'https://assets-jpcust.jwpsrv.com/thumbnails/mvpj6j12-1920.jpg'
  }
]
Media found for: DBCwUDsG  header:  video/mp4
Media found for: vczdudNk  header:  video/mp4
Media found for: hiP24hHD  header:  video/mp4
Media found for: zXtpOPnz  header:  video/mp4
Media NOT FOUND FOR ID: RhcxIKDh
url: https://cdn.jwplayer.com/v2/sites/S41JwTap/media/RhcxIKDh/playback.json?token=eyJhbGciOiJIUzI1NiIsInR5cCI6IkpXVCJ9.eyJyZXNvdXJjZSI6Ii92Mi9zaXRlcy9TNDFKd1RhcC9tZWRpYS9SaGN4SUtEaC9wbGF5YmFjay5qc29uIiwiZXhwIjoxNzc0NjY1MDAwfQ.MJphPFclxDJsoAmp_V6GzXNCuU3tF4cqG7zPIAInj3o
videoUrl:: https://videos-cloudfront.jwpsrv.com/69c7d746_b37e75f42342f3d7aa7583cff90ed1db63438ba9/content/conversions/S41JwTap/videos/FdNvWtFL-25175559.mp4
imageUrl:: https://assets-jpcust.jwpsrv.com/thumbnails/vtaydlk3-1920.jpg
notFoundMediaUrls: [
  {
    id: 'RhcxIKDh',
    videoUrl: 'https://videos-cloudfront.jwpsrv.com/69c7d746_b37e75f42342f3d7aa7583cff90ed1db63438ba9/content/conversions/S41JwTap/videos/FdNvWtFL-25175559.mp4'
  },
  {
    id: 'RhcxIKDh',
    imageUrl: 'https://assets-jpcust.jwpsrv.com/thumbnails/vtaydlk3-1920.jpg'
  }
]
Media NOT FOUND FOR ID: BRbKGVvg
url: https://cdn.jwplayer.com/v2/sites/S41JwTap/media/BRbKGVvg/playback.json?token=eyJhbGciOiJIUzI1NiIsInR5cCI6IkpXVCJ9.eyJyZXNvdXJjZSI6Ii92Mi9zaXRlcy9TNDFKd1RhcC9tZWRpYS9CUmJLR1Z2Zy9wbGF5YmFjay5qc29uIiwiZXhwIjoxNzc0NjY1MDAwfQ.IrOC167y0728K-OFPHTr47Cx3-UNeNg6e7bfNi10420
videoUrl:: https://videos-cloudfront.jwpsrv.com/69c7d812_1b0c65eaa9e13b24192a1e0dc5e23280bcdda809/content/conversions/S41JwTap/videos/Cp0UgV6I-25175559.mp4
imageUrl:: https://assets-jpcust.jwpsrv.com/thumbnails/ijtmouqi-1920.jpg
notFoundMediaUrls: [
  {
    id: 'BRbKGVvg',
    videoUrl: 'https://videos-cloudfront.jwpsrv.com/69c7d812_1b0c65eaa9e13b24192a1e0dc5e23280bcdda809/content/conversions/S41JwTap/videos/Cp0UgV6I-25175559.mp4'
  },
  {
    id: 'BRbKGVvg',
    imageUrl: 'https://assets-jpcust.jwpsrv.com/thumbnails/ijtmouqi-1920.jpg'
  }
]
Media NOT FOUND FOR ID: CwH3QiuL
url: https://cdn.jwplayer.com/v2/sites/S41JwTap/media/CwH3QiuL/playback.json?token=eyJhbGciOiJIUzI1NiIsInR5cCI6IkpXVCJ9.eyJyZXNvdXJjZSI6Ii92Mi9zaXRlcy9TNDFKd1RhcC9tZWRpYS9Dd0gzUWl1TC9wbGF5YmFjay5qc29uIiwiZXhwIjoxNzc0NjY1MDAwfQ.0OowDmGyhcpyVhnCtq2KLXVQv_iK4hr1ksTSRGsrYN8
videoUrl:: https://videos-cloudfront.jwpsrv.com/69c7d6f3_6cff03c6e09abaa483817f6d755372d4f0acae2b/content/conversions/S41JwTap/videos/NLprozrQ-25175559.mp4
imageUrl:: https://assets-jpcust.jwpsrv.com/thumbnails/zjtn65gt-1920.jpg
notFoundMediaUrls: [
  {
    id: 'CwH3QiuL',
    videoUrl: 'https://videos-cloudfront.jwpsrv.com/69c7d6f3_6cff03c6e09abaa483817f6d755372d4f0acae2b/content/conversions/S41JwTap/videos/NLprozrQ-25175559.mp4'
  },
  {
    id: 'CwH3QiuL',
    imageUrl: 'https://assets-jpcust.jwpsrv.com/thumbnails/zjtn65gt-1920.jpg'
  }
]
Media NOT FOUND FOR ID: ZbORn3Dk
url: https://cdn.jwplayer.com/v2/sites/S41JwTap/media/ZbORn3Dk/playback.json?token=eyJhbGciOiJIUzI1NiIsInR5cCI6IkpXVCJ9.eyJyZXNvdXJjZSI6Ii92Mi9zaXRlcy9TNDFKd1RhcC9tZWRpYS9aYk9SbjNEay9wbGF5YmFjay5qc29uIiwiZXhwIjoxNzc0NjY1MDAwfQ.Gb6xpohOaw32ZJRpC0xF1kmAmZzN4vGZmP0E1tKTaNc
videoUrl:: https://videos-cloudfront.jwpsrv.com/69c7d80f_0fa66237398a2208a52f0fac4bb4806d9f3c23aa/content/conversions/S41JwTap/videos/okpJYxse-25175559.mp4
imageUrl:: https://assets-jpcust.jwpsrv.com/thumbnails/0cudzw89-1920.jpg
notFoundMediaUrls: [
  {
    id: 'ZbORn3Dk',
    videoUrl: 'https://videos-cloudfront.jwpsrv.com/69c7d80f_0fa66237398a2208a52f0fac4bb4806d9f3c23aa/content/conversions/S41JwTap/videos/okpJYxse-25175559.mp4'
  },
  {
    id: 'ZbORn3Dk',
    imageUrl: 'https://assets-jpcust.jwpsrv.com/thumbnails/0cudzw89-1920.jpg'
  }
]
Media found for: kNWCUPng  header:  video/mp4
Media found for: cvicrjVt  header:  video/mp4
Media found for: Xk6gUuS8  header:  video/mp4
Media found for: GUVVWn4t  header:  video/mp4
Media found for: 9NxvAzMf  header:  video/mp4
Media NOT FOUND FOR ID: PNkRWzKw
url: https://cdn.jwplayer.com/v2/sites/S41JwTap/media/PNkRWzKw/playback.json?token=eyJhbGciOiJIUzI1NiIsInR5cCI6IkpXVCJ9.eyJyZXNvdXJjZSI6Ii92Mi9zaXRlcy9TNDFKd1RhcC9tZWRpYS9QTmtSV3pLdy9wbGF5YmFjay5qc29uIiwiZXhwIjoxNzc0NjY1MDAwfQ.x5V67sMQxAxP_B1DVq6K11LwuxotYwNXc-rWHD2JrJ0
videoUrl:: https://videos-cloudfront.jwpsrv.com/69c7d801_9abce1be277f8d2e5eba9c2af43b3af49238d469/content/conversions/S41JwTap/videos/Qz7rLtoB-25175559.mp4
imageUrl:: https://assets-jpcust.jwpsrv.com/thumbnails/q1pr9a3b-1920.jpg
notFoundMediaUrls: [
  {
    id: 'PNkRWzKw',
    videoUrl: 'https://videos-cloudfront.jwpsrv.com/69c7d801_9abce1be277f8d2e5eba9c2af43b3af49238d469/content/conversions/S41JwTap/videos/Qz7rLtoB-25175559.mp4'
  },
  {
    id: 'PNkRWzKw',
    imageUrl: 'https://assets-jpcust.jwpsrv.com/thumbnails/q1pr9a3b-1920.jpg'
  }
]
Media NOT FOUND FOR ID: wfRdAbnj
url: https://cdn.jwplayer.com/v2/sites/S41JwTap/media/wfRdAbnj/playback.json?token=eyJhbGciOiJIUzI1NiIsInR5cCI6IkpXVCJ9.eyJyZXNvdXJjZSI6Ii92Mi9zaXRlcy9TNDFKd1RhcC9tZWRpYS93ZlJkQWJuai9wbGF5YmFjay5qc29uIiwiZXhwIjoxNzc0NjY1MDAwfQ.B-Jw8kCNijDD7eGhyrqontDtbdZlsgDm9n4FVMNaSqU
videoUrl:: https://videos-cloudfront.jwpsrv.com/69c7d7ec_d695725dafaa0bf74081b9c78fa5773d6986288a/content/conversions/S41JwTap/videos/JtPUsB71-25175559.mp4
imageUrl:: https://assets-jpcust.jwpsrv.com/thumbnails/skdinbla-1920.jpg
notFoundMediaUrls: [
  {
    id: 'wfRdAbnj',
    videoUrl: 'https://videos-cloudfront.jwpsrv.com/69c7d7ec_d695725dafaa0bf74081b9c78fa5773d6986288a/content/conversions/S41JwTap/videos/JtPUsB71-25175559.mp4'
  },
  {
    id: 'wfRdAbnj',
    imageUrl: 'https://assets-jpcust.jwpsrv.com/thumbnails/skdinbla-1920.jpg'
  }
]
Media NOT FOUND FOR ID: YxVzCMCR
url: https://cdn.jwplayer.com/v2/sites/S41JwTap/media/YxVzCMCR/playback.json?token=eyJhbGciOiJIUzI1NiIsInR5cCI6IkpXVCJ9.eyJyZXNvdXJjZSI6Ii92Mi9zaXRlcy9TNDFKd1RhcC9tZWRpYS9ZeFZ6Q01DUi9wbGF5YmFjay5qc29uIiwiZXhwIjoxNzc0NjY1MDAwfQ.hd5XhdSHsou4TOsTq9epQgmwyklxvH7T6D7betsxjWE
videoUrl:: https://videos-cloudfront.jwpsrv.com/69c7d782_a40686057a4952810f7a7a05bb251498ebe883a4/content/conversions/S41JwTap/videos/163lPMgX-25175559.mp4
imageUrl:: https://assets-jpcust.jwpsrv.com/thumbnails/sklswron-1920.jpg
notFoundMediaUrls: [
  {
    id: 'YxVzCMCR',
    videoUrl: 'https://videos-cloudfront.jwpsrv.com/69c7d782_a40686057a4952810f7a7a05bb251498ebe883a4/content/conversions/S41JwTap/videos/163lPMgX-25175559.mp4'
  },
  {
    id: 'YxVzCMCR',
    imageUrl: 'https://assets-jpcust.jwpsrv.com/thumbnails/sklswron-1920.jpg'
  }
]
Media NOT FOUND FOR ID: C2QG515w
url: https://cdn.jwplayer.com/v2/sites/S41JwTap/media/C2QG515w/playback.json?token=eyJhbGciOiJIUzI1NiIsInR5cCI6IkpXVCJ9.eyJyZXNvdXJjZSI6Ii92Mi9zaXRlcy9TNDFKd1RhcC9tZWRpYS9DMlFHNTE1dy9wbGF5YmFjay5qc29uIiwiZXhwIjoxNzc0NjY1MDAwfQ.6Gh8mz8GgyK94e6ENPfl_k32PacWxMo5r8kyGQN3bz4
videoUrl:: https://videos-cloudfront.jwpsrv.com/69c7d7f2_09fd88b788063c0af6a8b30aa64f5bea69d85b30/content/conversions/S41JwTap/videos/dny9OKcX-25175559.mp4
imageUrl:: https://assets-jpcust.jwpsrv.com/thumbnails/r8xcg8yh-1920.jpg
notFoundMediaUrls: [
  {
    id: 'C2QG515w',
    videoUrl: 'https://videos-cloudfront.jwpsrv.com/69c7d7f2_09fd88b788063c0af6a8b30aa64f5bea69d85b30/content/conversions/S41JwTap/videos/dny9OKcX-25175559.mp4'
  },
  {
    id: 'C2QG515w',
    imageUrl: 'https://assets-jpcust.jwpsrv.com/thumbnails/r8xcg8yh-1920.jpg'
  }
]
Media NOT FOUND FOR ID: FWKECAY6
url: https://cdn.jwplayer.com/v2/sites/S41JwTap/media/FWKECAY6/playback.json?token=eyJhbGciOiJIUzI1NiIsInR5cCI6IkpXVCJ9.eyJyZXNvdXJjZSI6Ii92Mi9zaXRlcy9TNDFKd1RhcC9tZWRpYS9GV0tFQ0FZNi9wbGF5YmFjay5qc29uIiwiZXhwIjoxNzc0NjY1MDAwfQ.iA0BZqrooUeabwA7MjHydopS52BbzbZ2pPIFM-TrY9E
videoUrl:: https://videos-cloudfront.jwpsrv.com/69c7d74b_bbfd2d82bd2e99c15188e34138a2f6f0a1be6646/content/conversions/S41JwTap/videos/jX5O8Xtl-25175559.mp4
imageUrl:: https://assets-jpcust.jwpsrv.com/thumbnails/42mxu3rd-1920.jpg
notFoundMediaUrls: [
  {
    id: 'FWKECAY6',
    videoUrl: 'https://videos-cloudfront.jwpsrv.com/69c7d74b_bbfd2d82bd2e99c15188e34138a2f6f0a1be6646/content/conversions/S41JwTap/videos/jX5O8Xtl-25175559.mp4'
  },
  {
    id: 'FWKECAY6',
    imageUrl: 'https://assets-jpcust.jwpsrv.com/thumbnails/42mxu3rd-1920.jpg'
  }
]
Media found for: 5zjhJjOv  header:  video/mp4
Media found for: 8Ox7IsIz  header:  video/mp4
Media found for: XKiXuaS2  header:  video/mp4
Media NOT FOUND FOR ID: IdzF3zVH
url: https://cdn.jwplayer.com/v2/sites/S41JwTap/media/IdzF3zVH/playback.json?token=eyJhbGciOiJIUzI1NiIsInR5cCI6IkpXVCJ9.eyJyZXNvdXJjZSI6Ii92Mi9zaXRlcy9TNDFKd1RhcC9tZWRpYS9JZHpGM3pWSC9wbGF5YmFjay5qc29uIiwiZXhwIjoxNzc0NjY1MDAwfQ.L7VhfxlrmxiM9bDjAOurtpvh2j_HF6yle7ntivpZ1oM
videoUrl:: https://videos-cloudfront.jwpsrv.com/69c7d7ed_7e2d23e84bc15ea00ce442ea6cf9534985716381/content/conversions/S41JwTap/videos/PXBdvhWx-25175559.mp4
imageUrl:: https://assets-jpcust.jwpsrv.com/thumbnails/g00osjwq-1920.jpg
notFoundMediaUrls: [
  {
    id: 'IdzF3zVH',
    videoUrl: 'https://videos-cloudfront.jwpsrv.com/69c7d7ed_7e2d23e84bc15ea00ce442ea6cf9534985716381/content/conversions/S41JwTap/videos/PXBdvhWx-25175559.mp4'
  },
  {
    id: 'IdzF3zVH',
    imageUrl: 'https://assets-jpcust.jwpsrv.com/thumbnails/g00osjwq-1920.jpg'
  }
]
Media NOT FOUND FOR ID: A7Gautn0
url: https://cdn.jwplayer.com/v2/sites/S41JwTap/media/A7Gautn0/playback.json?token=eyJhbGciOiJIUzI1NiIsInR5cCI6IkpXVCJ9.eyJyZXNvdXJjZSI6Ii92Mi9zaXRlcy9TNDFKd1RhcC9tZWRpYS9BN0dhdXRuMC9wbGF5YmFjay5qc29uIiwiZXhwIjoxNzc0NjY1MDAwfQ.tgR0TQFgdz-dZSwUibWZrCiAv9ECexz9kJT4OyQ1PF4
videoUrl:: https://videos-cloudfront.jwpsrv.com/69c7d81d_b1c3b2c8ea06dd6daafb073d3ead6ca948a99629/content/conversions/S41JwTap/videos/tBWqIXuI-25175559.mp4
imageUrl:: https://assets-jpcust.jwpsrv.com/thumbnails/wqb12fx2-1920.jpg
notFoundMediaUrls: [
  {
    id: 'A7Gautn0',
    videoUrl: 'https://videos-cloudfront.jwpsrv.com/69c7d81d_b1c3b2c8ea06dd6daafb073d3ead6ca948a99629/content/conversions/S41JwTap/videos/tBWqIXuI-25175559.mp4'
  },
  {
    id: 'A7Gautn0',
    imageUrl: 'https://assets-jpcust.jwpsrv.com/thumbnails/wqb12fx2-1920.jpg'
  }
]
Media found for: AIKXOT4k  header:  video/mp4
Media found for: Ik0xDt6G  header:  video/mp4
Media found for: 5zfsjODh  header:  video/mp4
Media found for: vFMOT6pr  header:  video/mp4
Media found for: n6QnQTUp  header:  video/mp4
Media found for: vTQpobxk  header:  video/mp4
Media NOT FOUND FOR ID: tlmILZGX
url: https://cdn.jwplayer.com/v2/sites/S41JwTap/media/tlmILZGX/playback.json?token=eyJhbGciOiJIUzI1NiIsInR5cCI6IkpXVCJ9.eyJyZXNvdXJjZSI6Ii92Mi9zaXRlcy9TNDFKd1RhcC9tZWRpYS90bG1JTFpHWC9wbGF5YmFjay5qc29uIiwiZXhwIjoxNzc0NjY1MDAwfQ.wfdIkXtb-Fhn-DTyhRYx_6NaigrY7xp-vyXg84te72Y
videoUrl:: https://videos-cloudfront.jwpsrv.com/69c7d7f1_b271f6896c2856264a5b3b73d99ccef3d8f6cf5a/content/conversions/S41JwTap/videos/dPVPdfSo-25175559.mp4
imageUrl:: https://assets-jpcust.jwpsrv.com/thumbnails/74lntmcn-1920.jpg
notFoundMediaUrls: [
  {
    id: 'tlmILZGX',
    videoUrl: 'https://videos-cloudfront.jwpsrv.com/69c7d7f1_b271f6896c2856264a5b3b73d99ccef3d8f6cf5a/content/conversions/S41JwTap/videos/dPVPdfSo-25175559.mp4'
  },
  {
    id: 'tlmILZGX',
    imageUrl: 'https://assets-jpcust.jwpsrv.com/thumbnails/74lntmcn-1920.jpg'
  }
]
Media NOT FOUND FOR ID: rrTlgpFX
url: https://cdn.jwplayer.com/v2/sites/S41JwTap/media/rrTlgpFX/playback.json?token=eyJhbGciOiJIUzI1NiIsInR5cCI6IkpXVCJ9.eyJyZXNvdXJjZSI6Ii92Mi9zaXRlcy9TNDFKd1RhcC9tZWRpYS9yclRsZ3BGWC9wbGF5YmFjay5qc29uIiwiZXhwIjoxNzc0NjY1MDAwfQ.J3uEjjmYDEC-De6ghDG4ewFxFmV56eVOYM7JTSm3ykU
videoUrl:: https://videos-cloudfront.jwpsrv.com/69c7d777_7f5d568cb78c80fdd697888cf60a57529ab740ad/content/conversions/S41JwTap/videos/0Nv81R5f-25175559.mp4
imageUrl:: https://assets-jpcust.jwpsrv.com/thumbnails/nbzamusk-1920.jpg
notFoundMediaUrls: [
  {
    id: 'rrTlgpFX',
    videoUrl: 'https://videos-cloudfront.jwpsrv.com/69c7d777_7f5d568cb78c80fdd697888cf60a57529ab740ad/content/conversions/S41JwTap/videos/0Nv81R5f-25175559.mp4'
  },
  {
    id: 'rrTlgpFX',
    imageUrl: 'https://assets-jpcust.jwpsrv.com/thumbnails/nbzamusk-1920.jpg'
  }
]
Media found for: 3EUFqkZE  header:  video/mp4
Media found for: Tbne5xzZ  header:  video/mp4
Media NOT FOUND FOR ID: K7PGqYbc
url: https://cdn.jwplayer.com/v2/sites/S41JwTap/media/K7PGqYbc/playback.json?token=eyJhbGciOiJIUzI1NiIsInR5cCI6IkpXVCJ9.eyJyZXNvdXJjZSI6Ii92Mi9zaXRlcy9TNDFKd1RhcC9tZWRpYS9LN1BHcVliYy9wbGF5YmFjay5qc29uIiwiZXhwIjoxNzc0NjY1MDAwfQ.camYeBWNWN8XdpUJOzQr5ivwNF38OtwgpspQdTN9rrA
videoUrl:: https://videos-cloudfront.jwpsrv.com/69c7d83f_2cdc628da4b27594c07602e59ee6f5e6b5c099a6/content/conversions/S41JwTap/videos/KLFjthqe-25175559.mp4
imageUrl:: https://assets-jpcust.jwpsrv.com/thumbnails/7eahm4nj-1920.jpg
notFoundMediaUrls: [
  {
    id: 'K7PGqYbc',
    videoUrl: 'https://videos-cloudfront.jwpsrv.com/69c7d83f_2cdc628da4b27594c07602e59ee6f5e6b5c099a6/content/conversions/S41JwTap/videos/KLFjthqe-25175559.mp4'
  },
  {
    id: 'K7PGqYbc',
    imageUrl: 'https://assets-jpcust.jwpsrv.com/thumbnails/7eahm4nj-1920.jpg'
  }
]
Media NOT FOUND FOR ID: 19POTCnO
url: https://cdn.jwplayer.com/v2/sites/S41JwTap/media/19POTCnO/playback.json?token=eyJhbGciOiJIUzI1NiIsInR5cCI6IkpXVCJ9.eyJyZXNvdXJjZSI6Ii92Mi9zaXRlcy9TNDFKd1RhcC9tZWRpYS8xOVBPVENuTy9wbGF5YmFjay5qc29uIiwiZXhwIjoxNzc0NjY1MDAwfQ.Lfw_JSowVEpSNnPFL3jBTFoOpRU9Ft_Ky4TAjVWFxWk
videoUrl:: https://videos-cloudfront.jwpsrv.com/69c7d7a1_a920f078ef01a06bbc48f4b7d1b20fcafde1f19d/content/conversions/S41JwTap/videos/KSzZc3pC-25175559.mp4
imageUrl:: https://assets-jpcust.jwpsrv.com/thumbnails/2dcmj3p4-1920.jpg
notFoundMediaUrls: [
  {
    id: '19POTCnO',
    videoUrl: 'https://videos-cloudfront.jwpsrv.com/69c7d7a1_a920f078ef01a06bbc48f4b7d1b20fcafde1f19d/content/conversions/S41JwTap/videos/KSzZc3pC-25175559.mp4'
  },
  {
    id: '19POTCnO',
    imageUrl: 'https://assets-jpcust.jwpsrv.com/thumbnails/2dcmj3p4-1920.jpg'
  }
]
Media found for: eJPUv1rr  header:  video/mp4
Media found for: McHyi1da  header:  video/mp4
Media found for: uWcDpAng  header:  video/mp4
Media found for: KIsNxzsm  header:  video/mp4
Media NOT FOUND FOR ID: bdQbB3d0
url: https://cdn.jwplayer.com/v2/sites/S41JwTap/media/bdQbB3d0/playback.json?token=eyJhbGciOiJIUzI1NiIsInR5cCI6IkpXVCJ9.eyJyZXNvdXJjZSI6Ii92Mi9zaXRlcy9TNDFKd1RhcC9tZWRpYS9iZFFiQjNkMC9wbGF5YmFjay5qc29uIiwiZXhwIjoxNzc0NjY1MDAwfQ.uwgUPlEZ3zeLpLm83y4xs_Z23GbcAGnCte1iA0MtZTA
videoUrl:: https://videos-cloudfront.jwpsrv.com/69c7d7f3_b2d12abe124349c66f4795ca8ad4ed552bf6b685/content/conversions/S41JwTap/videos/sqbOc3kh-25175559.mp4
imageUrl:: https://assets-jpcust.jwpsrv.com/thumbnails/nvr36poa-1920.jpg
notFoundMediaUrls: [
  {
    id: 'bdQbB3d0',
    videoUrl: 'https://videos-cloudfront.jwpsrv.com/69c7d7f3_b2d12abe124349c66f4795ca8ad4ed552bf6b685/content/conversions/S41JwTap/videos/sqbOc3kh-25175559.mp4'
  },
  {
    id: 'bdQbB3d0',
    imageUrl: 'https://assets-jpcust.jwpsrv.com/thumbnails/nvr36poa-1920.jpg'
  }
]
Media NOT FOUND FOR ID: hn0iJ4pB
url: https://cdn.jwplayer.com/v2/sites/S41JwTap/media/hn0iJ4pB/playback.json?token=eyJhbGciOiJIUzI1NiIsInR5cCI6IkpXVCJ9.eyJyZXNvdXJjZSI6Ii92Mi9zaXRlcy9TNDFKd1RhcC9tZWRpYS9objBpSjRwQi9wbGF5YmFjay5qc29uIiwiZXhwIjoxNzc0NjY1MDAwfQ.ThGfIdKI6j2Ckw_G_2aTmQJWJBP-VX9kaZIF1AhyhNc
videoUrl:: https://videos-cloudfront.jwpsrv.com/69c7d815_d95392ba20b22ad9bfefe408a327b9354a60081e/content/conversions/S41JwTap/videos/3fW7n2of-25175559.mp4
imageUrl:: https://assets-jpcust.jwpsrv.com/thumbnails/csrrzae9-1920.jpg
notFoundMediaUrls: [
  {
    id: 'hn0iJ4pB',
    videoUrl: 'https://videos-cloudfront.jwpsrv.com/69c7d815_d95392ba20b22ad9bfefe408a327b9354a60081e/content/conversions/S41JwTap/videos/3fW7n2of-25175559.mp4'
  },
  {
    id: 'hn0iJ4pB',
    imageUrl: 'https://assets-jpcust.jwpsrv.com/thumbnails/csrrzae9-1920.jpg'
  }
]
Media NOT FOUND FOR ID: 3q8NF1du
url: https://cdn.jwplayer.com/v2/sites/S41JwTap/media/3q8NF1du/playback.json?token=eyJhbGciOiJIUzI1NiIsInR5cCI6IkpXVCJ9.eyJyZXNvdXJjZSI6Ii92Mi9zaXRlcy9TNDFKd1RhcC9tZWRpYS8zcThORjFkdS9wbGF5YmFjay5qc29uIiwiZXhwIjoxNzc0NjY1MDAwfQ.B-9TXrJjzA5Cykly2KFWuIV7Dy5hv14GBxE6JZpI0XU
videoUrl:: https://videos-cloudfront.jwpsrv.com/69c7d808_1fc1fe55361b0529c8713fa5b11b46b911cee0da/content/conversions/S41JwTap/videos/9y0niruH-25175559.mp4
imageUrl:: https://assets-jpcust.jwpsrv.com/thumbnails/qr7wicra-1920.jpg
notFoundMediaUrls: [
  {
    id: '3q8NF1du',
    videoUrl: 'https://videos-cloudfront.jwpsrv.com/69c7d808_1fc1fe55361b0529c8713fa5b11b46b911cee0da/content/conversions/S41JwTap/videos/9y0niruH-25175559.mp4'
  },
  {
    id: '3q8NF1du',
    imageUrl: 'https://assets-jpcust.jwpsrv.com/thumbnails/qr7wicra-1920.jpg'
  }
]
Media found for: C2ybFYhX  header:  video/mp4
Media found for: 1x2BhFqp  header:  video/mp4
Media found for: QRGZYsYb  header:  video/mp4
Media NOT FOUND FOR ID: dEFj8iS0
url: https://cdn.jwplayer.com/v2/sites/S41JwTap/media/dEFj8iS0/playback.json?token=eyJhbGciOiJIUzI1NiIsInR5cCI6IkpXVCJ9.eyJyZXNvdXJjZSI6Ii92Mi9zaXRlcy9TNDFKd1RhcC9tZWRpYS9kRUZqOGlTMC9wbGF5YmFjay5qc29uIiwiZXhwIjoxNzc0NjY1MDAwfQ.2FgBO-SqC_Vi2TI8ZcbbEMQ0yI5wF8lVNHJlkJt7-4w
videoUrl:: https://videos-cloudfront.jwpsrv.com/69c7d86a_9bfd78ee6ad95ce41c23f001fc0fd5ef68cc42ac/content/conversions/S41JwTap/videos/NSj0BlD9-25175559.mp4
imageUrl:: https://assets-jpcust.jwpsrv.com/thumbnails/vmwx6il8-1920.jpg
notFoundMediaUrls: [
  {
    id: 'dEFj8iS0',
    videoUrl: 'https://videos-cloudfront.jwpsrv.com/69c7d86a_9bfd78ee6ad95ce41c23f001fc0fd5ef68cc42ac/content/conversions/S41JwTap/videos/NSj0BlD9-25175559.mp4'
  },
  {
    id: 'dEFj8iS0',
    imageUrl: 'https://assets-jpcust.jwpsrv.com/thumbnails/vmwx6il8-1920.jpg'
  }
]
Media found for: dpsLZ8qT  header:  video/mp4
Media found for: HWDmkDOf  header:  video/mp4
Media found for: jP55doSR  header:  video/mp4
Media found for: l2KiPBBR  header:  video/mp4
Media found for: HKfvsd5P  header:  video/mp4
Media NOT FOUND FOR ID: eHshXqbd
url: https://cdn.jwplayer.com/v2/sites/S41JwTap/media/eHshXqbd/playback.json?token=eyJhbGciOiJIUzI1NiIsInR5cCI6IkpXVCJ9.eyJyZXNvdXJjZSI6Ii92Mi9zaXRlcy9TNDFKd1RhcC9tZWRpYS9lSHNoWHFiZC9wbGF5YmFjay5qc29uIiwiZXhwIjoxNzc0NjY1MDAwfQ.BL9HqVxXdX29fOFChjpAJxA82V_BpxM4_v5beH01o-Y
videoUrl:: https://videos-cloudfront.jwpsrv.com/69c7d776_dac6c51edab41ff6c5a421c11375fb092435e6c2/content/conversions/S41JwTap/videos/lkvAGqOI-25175559.mp4
imageUrl:: https://assets-jpcust.jwpsrv.com/thumbnails/8rgsefst-1920.jpg
notFoundMediaUrls: [
  {
    id: 'eHshXqbd',
    videoUrl: 'https://videos-cloudfront.jwpsrv.com/69c7d776_dac6c51edab41ff6c5a421c11375fb092435e6c2/content/conversions/S41JwTap/videos/lkvAGqOI-25175559.mp4'
  },
  {
    id: 'eHshXqbd',
    imageUrl: 'https://assets-jpcust.jwpsrv.com/thumbnails/8rgsefst-1920.jpg'
  }
]
Media NOT FOUND FOR ID: n7K2FmYl
url: https://cdn.jwplayer.com/v2/sites/S41JwTap/media/n7K2FmYl/playback.json?token=eyJhbGciOiJIUzI1NiIsInR5cCI6IkpXVCJ9.eyJyZXNvdXJjZSI6Ii92Mi9zaXRlcy9TNDFKd1RhcC9tZWRpYS9uN0syRm1ZbC9wbGF5YmFjay5qc29uIiwiZXhwIjoxNzc0NjY1MDAwfQ.KiWnvQszjpFimtFHG9Waf57BK9xGSJwIWxs3hkuMdF0
videoUrl:: https://videos-cloudfront.jwpsrv.com/69c7d7dd_83e36f17cefb1ee067e41d6aa416860f040f8de4/content/conversions/S41JwTap/videos/mFijWsP7-25175559.mp4
imageUrl:: https://assets-jpcust.jwpsrv.com/thumbnails/rrmquwyd-1920.jpg
notFoundMediaUrls: [
  {
    id: 'n7K2FmYl',
    videoUrl: 'https://videos-cloudfront.jwpsrv.com/69c7d7dd_83e36f17cefb1ee067e41d6aa416860f040f8de4/content/conversions/S41JwTap/videos/mFijWsP7-25175559.mp4'
  },
  {
    id: 'n7K2FmYl',
    imageUrl: 'https://assets-jpcust.jwpsrv.com/thumbnails/rrmquwyd-1920.jpg'
  }
]
Media NOT FOUND FOR ID: L8WjckvF
url: https://cdn.jwplayer.com/v2/sites/S41JwTap/media/L8WjckvF/playback.json?token=eyJhbGciOiJIUzI1NiIsInR5cCI6IkpXVCJ9.eyJyZXNvdXJjZSI6Ii92Mi9zaXRlcy9TNDFKd1RhcC9tZWRpYS9MOFdqY2t2Ri9wbGF5YmFjay5qc29uIiwiZXhwIjoxNzc0NjY1MDAwfQ.F3oadE5vt30050ptFkjSpT4iCMkmmk7BmiZVBJXAi6k
videoUrl:: https://videos-cloudfront.jwpsrv.com/69c7d79f_275f9d3b1f3e9e231ead8fb0dff9a44f1d2c3242/content/conversions/S41JwTap/videos/Djrco8na-25175559.mp4
imageUrl:: https://assets-jpcust.jwpsrv.com/thumbnails/hito0qze-1920.jpg
notFoundMediaUrls: [
  {
    id: 'L8WjckvF',
    videoUrl: 'https://videos-cloudfront.jwpsrv.com/69c7d79f_275f9d3b1f3e9e231ead8fb0dff9a44f1d2c3242/content/conversions/S41JwTap/videos/Djrco8na-25175559.mp4'
  },
  {
    id: 'L8WjckvF',
    imageUrl: 'https://assets-jpcust.jwpsrv.com/thumbnails/hito0qze-1920.jpg'
  }
]
Media found for: beD44oYu  header:  video/mp4
Media found for: WFoHHHz4  header:  video/mp4
Media found for: nPHmvTdz  header:  video/mp4
Media found for: iYuqPifS  header:  video/mp4
Media NOT FOUND FOR ID: bO6qDzQ6
url: https://cdn.jwplayer.com/v2/sites/S41JwTap/media/bO6qDzQ6/playback.json?token=eyJhbGciOiJIUzI1NiIsInR5cCI6IkpXVCJ9.eyJyZXNvdXJjZSI6Ii92Mi9zaXRlcy9TNDFKd1RhcC9tZWRpYS9iTzZxRHpRNi9wbGF5YmFjay5qc29uIiwiZXhwIjoxNzc0NjY1MDAwfQ.5ym38_9wOiYVSE3OssjF1ZVGoX5MPxeMh0s-yPdzFaY
videoUrl:: https://videos-cloudfront.jwpsrv.com/69c7d808_497fd12582600e7d5af8f4718ba1c72fce9a6ed0/content/conversions/S41JwTap/videos/RPx2CVIT-25175559.mp4
imageUrl:: https://assets-jpcust.jwpsrv.com/thumbnails/orlezfj6-1920.jpg
notFoundMediaUrls: [
  {
    id: 'bO6qDzQ6',
    videoUrl: 'https://videos-cloudfront.jwpsrv.com/69c7d808_497fd12582600e7d5af8f4718ba1c72fce9a6ed0/content/conversions/S41JwTap/videos/RPx2CVIT-25175559.mp4'
  },
  {
    id: 'bO6qDzQ6',
    imageUrl: 'https://assets-jpcust.jwpsrv.com/thumbnails/orlezfj6-1920.jpg'
  }
]
Media NOT FOUND FOR ID: TT4PIyB4
url: https://cdn.jwplayer.com/v2/sites/S41JwTap/media/TT4PIyB4/playback.json?token=eyJhbGciOiJIUzI1NiIsInR5cCI6IkpXVCJ9.eyJyZXNvdXJjZSI6Ii92Mi9zaXRlcy9TNDFKd1RhcC9tZWRpYS9UVDRQSXlCNC9wbGF5YmFjay5qc29uIiwiZXhwIjoxNzc0NjY1MDAwfQ.jcGeFeJqz0qDKVWJCZmitDDGAgKpVCk_OqS-q07sSVM
videoUrl:: https://videos-cloudfront.jwpsrv.com/69c7d883_d22f1c102b19ba9b5f1936f0ec424f64824c8cf8/content/conversions/S41JwTap/videos/wFU6wXTn-25175559.mp4
imageUrl:: https://assets-jpcust.jwpsrv.com/thumbnails/j49603t4-1920.jpg
notFoundMediaUrls: [
  {
    id: 'TT4PIyB4',
    videoUrl: 'https://videos-cloudfront.jwpsrv.com/69c7d883_d22f1c102b19ba9b5f1936f0ec424f64824c8cf8/content/conversions/S41JwTap/videos/wFU6wXTn-25175559.mp4'
  },
  {
    id: 'TT4PIyB4',
    imageUrl: 'https://assets-jpcust.jwpsrv.com/thumbnails/j49603t4-1920.jpg'
  }
]
Media NOT FOUND FOR ID: DWnl777C
url: https://cdn.jwplayer.com/v2/sites/S41JwTap/media/DWnl777C/playback.json?token=eyJhbGciOiJIUzI1NiIsInR5cCI6IkpXVCJ9.eyJyZXNvdXJjZSI6Ii92Mi9zaXRlcy9TNDFKd1RhcC9tZWRpYS9EV25sNzc3Qy9wbGF5YmFjay5qc29uIiwiZXhwIjoxNzc0NjY1MDAwfQ.v4eJju3AujTg859sAMv43lSLTzQbSrK8sU-G8FVSHuw
videoUrl:: https://videos-cloudfront.jwpsrv.com/69c7d84e_614215e0d5c563efdedeb5c7b93f71ff5859569f/content/conversions/S41JwTap/videos/eJRVeknD-25175559.mp4
imageUrl:: https://assets-jpcust.jwpsrv.com/thumbnails/ri53byjo-1920.jpg
notFoundMediaUrls: [
  {
    id: 'DWnl777C',
    videoUrl: 'https://videos-cloudfront.jwpsrv.com/69c7d84e_614215e0d5c563efdedeb5c7b93f71ff5859569f/content/conversions/S41JwTap/videos/eJRVeknD-25175559.mp4'
  },
  {
    id: 'DWnl777C',
    imageUrl: 'https://assets-jpcust.jwpsrv.com/thumbnails/ri53byjo-1920.jpg'
  }
]
Media found for: ME9kernx  header:  video/mp4
Media found for: ceUWaygr  header:  video/mp4
Media found for: rmKj3ZeK  header:  video/mp4
Media found for: w4hiyvvH  header:  video/mp4
Media NOT FOUND FOR ID: cwlaFpdR
url: https://cdn.jwplayer.com/v2/sites/S41JwTap/media/cwlaFpdR/playback.json?token=eyJhbGciOiJIUzI1NiIsInR5cCI6IkpXVCJ9.eyJyZXNvdXJjZSI6Ii92Mi9zaXRlcy9TNDFKd1RhcC9tZWRpYS9jd2xhRnBkUi9wbGF5YmFjay5qc29uIiwiZXhwIjoxNzc0NjY1MDAwfQ.rKPcOg8VZS6kyVX1jyzGA0RKY92H9-ASXnD-ECgk_i0
videoUrl:: https://videos-cloudfront.jwpsrv.com/69c7d816_4b5aef001826fb11a93ba96f33387e57e4332f20/content/conversions/S41JwTap/videos/4Fqp3Lh2-25175559.mp4
imageUrl:: https://assets-jpcust.jwpsrv.com/thumbnails/o9jc7xv2-1920.jpg
notFoundMediaUrls: [
  {
    id: 'cwlaFpdR',
    videoUrl: 'https://videos-cloudfront.jwpsrv.com/69c7d816_4b5aef001826fb11a93ba96f33387e57e4332f20/content/conversions/S41JwTap/videos/4Fqp3Lh2-25175559.mp4'
  },
  {
    id: 'cwlaFpdR',
    imageUrl: 'https://assets-jpcust.jwpsrv.com/thumbnails/o9jc7xv2-1920.jpg'
  }
]
Media NOT FOUND FOR ID: LpWJw4XT
url: https://cdn.jwplayer.com/v2/sites/S41JwTap/media/LpWJw4XT/playback.json?token=eyJhbGciOiJIUzI1NiIsInR5cCI6IkpXVCJ9.eyJyZXNvdXJjZSI6Ii92Mi9zaXRlcy9TNDFKd1RhcC9tZWRpYS9McFdKdzRYVC9wbGF5YmFjay5qc29uIiwiZXhwIjoxNzc0NjY1MDAwfQ.ZE3P9bRoxc6XjS1qNEk0p5i_xODKKsNGyWhdco4v1XY
videoUrl:: https://videos-cloudfront.jwpsrv.com/69c7d79b_5bb6f97f17b518ade2f439565e98bec64312c958/content/conversions/S41JwTap/videos/pCAI0jSQ-25175559.mp4
imageUrl:: https://assets-jpcust.jwpsrv.com/thumbnails/jn1uf4t6-1920.jpg
notFoundMediaUrls: [
  {
    id: 'LpWJw4XT',
    videoUrl: 'https://videos-cloudfront.jwpsrv.com/69c7d79b_5bb6f97f17b518ade2f439565e98bec64312c958/content/conversions/S41JwTap/videos/pCAI0jSQ-25175559.mp4'
  },
  {
    id: 'LpWJw4XT',
    imageUrl: 'https://assets-jpcust.jwpsrv.com/thumbnails/jn1uf4t6-1920.jpg'
  }
]
Media found for: ac9iTlWm  header:  video/mp4
Media NOT FOUND FOR ID: dYtGO4nB
url: https://cdn.jwplayer.com/v2/sites/S41JwTap/media/dYtGO4nB/playback.json?token=eyJhbGciOiJIUzI1NiIsInR5cCI6IkpXVCJ9.eyJyZXNvdXJjZSI6Ii92Mi9zaXRlcy9TNDFKd1RhcC9tZWRpYS9kWXRHTzRuQi9wbGF5YmFjay5qc29uIiwiZXhwIjoxNzc0NjY1MDAwfQ.foroczKr3O8nLi8BV33D1tUjeToU77oCRyvjSrHhG_E
videoUrl:: https://videos-cloudfront.jwpsrv.com/69c7d820_6c88d4ed35fb33c47731de72b13054d77c661354/content/conversions/S41JwTap/videos/D5ze7GMO-25175559.mp4
imageUrl:: https://assets-jpcust.jwpsrv.com/thumbnails/d54wn6cl-1920.jpg
notFoundMediaUrls: [
  {
    id: 'dYtGO4nB',
    videoUrl: 'https://videos-cloudfront.jwpsrv.com/69c7d820_6c88d4ed35fb33c47731de72b13054d77c661354/content/conversions/S41JwTap/videos/D5ze7GMO-25175559.mp4'
  },
  {
    id: 'dYtGO4nB',
    imageUrl: 'https://assets-jpcust.jwpsrv.com/thumbnails/d54wn6cl-1920.jpg'
  }
]
Media found for: nmytwY8x  header:  video/mp4
Media found for: ENvgvzWQ  header:  video/mp4
Media found for: ZQ56iM4Z  header:  video/mp4
Media NOT FOUND FOR ID: Mf2PWs4U
url: https://cdn.jwplayer.com/v2/sites/S41JwTap/media/Mf2PWs4U/playback.json?token=eyJhbGciOiJIUzI1NiIsInR5cCI6IkpXVCJ9.eyJyZXNvdXJjZSI6Ii92Mi9zaXRlcy9TNDFKd1RhcC9tZWRpYS9NZjJQV3M0VS9wbGF5YmFjay5qc29uIiwiZXhwIjoxNzc0NjY1MDAwfQ.xjnNzxI7RODt-ynYgjFXOJS34IbTwt2VJZPjqeh2jPM
videoUrl:: https://videos-cloudfront.jwpsrv.com/69c7d87c_b69786abe37001c11be5665638623b0ecd2560d3/content/conversions/S41JwTap/videos/0CncozkM-25175559.mp4
imageUrl:: https://assets-jpcust.jwpsrv.com/thumbnails/f396vrv2-1920.jpg
notFoundMediaUrls: [
  {
    id: 'Mf2PWs4U',
    videoUrl: 'https://videos-cloudfront.jwpsrv.com/69c7d87c_b69786abe37001c11be5665638623b0ecd2560d3/content/conversions/S41JwTap/videos/0CncozkM-25175559.mp4'
  },
  {
    id: 'Mf2PWs4U',
    imageUrl: 'https://assets-jpcust.jwpsrv.com/thumbnails/f396vrv2-1920.jpg'
  }
]
Media NOT FOUND FOR ID: 95UtlPUO
url: https://cdn.jwplayer.com/v2/sites/S41JwTap/media/95UtlPUO/playback.json?token=eyJhbGciOiJIUzI1NiIsInR5cCI6IkpXVCJ9.eyJyZXNvdXJjZSI6Ii92Mi9zaXRlcy9TNDFKd1RhcC9tZWRpYS85NVV0bFBVTy9wbGF5YmFjay5qc29uIiwiZXhwIjoxNzc0NjY1MDAwfQ.EIhgrQMtGoRjMZ34Bk3RfZvyWBePf4DnuUwmWo1dKPE
videoUrl:: https://videos-cloudfront.jwpsrv.com/69c7d7e4_238db8f6c8e7bd0464dadfa5988c62259915ea9f/content/conversions/S41JwTap/videos/oVnGUv59-25175562.mp4
imageUrl:: https://assets-jpcust.jwpsrv.com/thumbnails/oer51og1-1920.jpg
notFoundMediaUrls: [
  {
    id: '95UtlPUO',
    videoUrl: 'https://videos-cloudfront.jwpsrv.com/69c7d7e4_238db8f6c8e7bd0464dadfa5988c62259915ea9f/content/conversions/S41JwTap/videos/oVnGUv59-25175562.mp4'
  },
  {
    id: '95UtlPUO',
    imageUrl: 'https://assets-jpcust.jwpsrv.com/thumbnails/oer51og1-1920.jpg'
  }
]
Media NOT FOUND FOR ID: uZp3bFQE
url: https://cdn.jwplayer.com/v2/sites/S41JwTap/media/uZp3bFQE/playback.json?token=eyJhbGciOiJIUzI1NiIsInR5cCI6IkpXVCJ9.eyJyZXNvdXJjZSI6Ii92Mi9zaXRlcy9TNDFKd1RhcC9tZWRpYS91WnAzYkZRRS9wbGF5YmFjay5qc29uIiwiZXhwIjoxNzc0NjY1MDAwfQ.GTqW0ljjmMJAu_Nj9bNQrbF-5yX_CBJoiNQ6X454umo
videoUrl:: https://videos-cloudfront.jwpsrv.com/69c7d87c_537cd83847f44e0756058017e3eee08e2ae5aa94/content/conversions/S41JwTap/videos/vI4xY0NV-25175559.mp4
imageUrl:: https://assets-jpcust.jwpsrv.com/thumbnails/fq47oxds-1920.jpg
notFoundMediaUrls: [
  {
    id: 'uZp3bFQE',
    videoUrl: 'https://videos-cloudfront.jwpsrv.com/69c7d87c_537cd83847f44e0756058017e3eee08e2ae5aa94/content/conversions/S41JwTap/videos/vI4xY0NV-25175559.mp4'
  },
  {
    id: 'uZp3bFQE',
    imageUrl: 'https://assets-jpcust.jwpsrv.com/thumbnails/fq47oxds-1920.jpg'
  }
]
Media NOT FOUND FOR ID: s2tuNvr7
url: https://cdn.jwplayer.com/v2/sites/S41JwTap/media/s2tuNvr7/playback.json?token=eyJhbGciOiJIUzI1NiIsInR5cCI6IkpXVCJ9.eyJyZXNvdXJjZSI6Ii92Mi9zaXRlcy9TNDFKd1RhcC9tZWRpYS9zMnR1TnZyNy9wbGF5YmFjay5qc29uIiwiZXhwIjoxNzc0NjY1MDAwfQ.PHjBkIwTMpSUUogXbXcBJa8nbkRhyomEgAm2Bm1Rd-A
videoUrl:: https://videos-cloudfront.jwpsrv.com/69c7d7f5_2607889cd34227afc8e40a38ef8c65719ebf7107/content/conversions/S41JwTap/videos/8hRQrVGL-25175559.mp4
imageUrl:: https://assets-jpcust.jwpsrv.com/thumbnails/in3c40h2-1920.jpg
notFoundMediaUrls: [
  {
    id: 's2tuNvr7',
    videoUrl: 'https://videos-cloudfront.jwpsrv.com/69c7d7f5_2607889cd34227afc8e40a38ef8c65719ebf7107/content/conversions/S41JwTap/videos/8hRQrVGL-25175559.mp4'
  },
  {
    id: 's2tuNvr7',
    imageUrl: 'https://assets-jpcust.jwpsrv.com/thumbnails/in3c40h2-1920.jpg'
  }
]
Media found for: Jqs9aXae  header:  video/mp4
Media found for: JkahQJYl  header:  video/mp4
Media found for: SNvdT1y9  header:  video/mp4
Media NOT FOUND FOR ID: 4qrZfaFi
url: https://cdn.jwplayer.com/v2/sites/S41JwTap/media/4qrZfaFi/playback.json?token=eyJhbGciOiJIUzI1NiIsInR5cCI6IkpXVCJ9.eyJyZXNvdXJjZSI6Ii92Mi9zaXRlcy9TNDFKd1RhcC9tZWRpYS80cXJaZmFGaS9wbGF5YmFjay5qc29uIiwiZXhwIjoxNzc0NjY1MDAwfQ.eoXuRFaPJcjPky-ZT8YHG7Aj8CRWh6dn7n712IVz0VQ
videoUrl:: https://videos-cloudfront.jwpsrv.com/69c7d88d_619b0c0b304cbfb7d87f96cd5555672bb812df65/content/conversions/S41JwTap/videos/bRKNiOca-25175559.mp4
imageUrl:: https://assets-jpcust.jwpsrv.com/thumbnails/o5qqz4ro-1920.jpg
notFoundMediaUrls: [
  {
    id: '4qrZfaFi',
    videoUrl: 'https://videos-cloudfront.jwpsrv.com/69c7d88d_619b0c0b304cbfb7d87f96cd5555672bb812df65/content/conversions/S41JwTap/videos/bRKNiOca-25175559.mp4'
  },
  {
    id: '4qrZfaFi',
    imageUrl: 'https://assets-jpcust.jwpsrv.com/thumbnails/o5qqz4ro-1920.jpg'
  }
]
Media NOT FOUND FOR ID: Dg0o8ETT
url: https://cdn.jwplayer.com/v2/sites/S41JwTap/media/Dg0o8ETT/playback.json?token=eyJhbGciOiJIUzI1NiIsInR5cCI6IkpXVCJ9.eyJyZXNvdXJjZSI6Ii92Mi9zaXRlcy9TNDFKd1RhcC9tZWRpYS9EZzBvOEVUVC9wbGF5YmFjay5qc29uIiwiZXhwIjoxNzc0NjY1MDAwfQ.4EgqFhSpZ2Iaonxh4i-i3yDWWZGT2CVpYsDc-fypC7c
videoUrl:: https://videos-cloudfront.jwpsrv.com/69c7d7b0_f216b30a891bb74bd6f30ea2c290d196548c2ff7/content/conversions/S41JwTap/videos/pECzIgfK-25175559.mp4
imageUrl:: https://assets-jpcust.jwpsrv.com/thumbnails/0gh9zh52-1920.jpg
notFoundMediaUrls: [
  {
    id: 'Dg0o8ETT',
    videoUrl: 'https://videos-cloudfront.jwpsrv.com/69c7d7b0_f216b30a891bb74bd6f30ea2c290d196548c2ff7/content/conversions/S41JwTap/videos/pECzIgfK-25175559.mp4'
  },
  {
    id: 'Dg0o8ETT',
    imageUrl: 'https://assets-jpcust.jwpsrv.com/thumbnails/0gh9zh52-1920.jpg'
  }
]
Media NOT FOUND FOR ID: 6SX4KeKf
url: https://cdn.jwplayer.com/v2/sites/S41JwTap/media/6SX4KeKf/playback.json?token=eyJhbGciOiJIUzI1NiIsInR5cCI6IkpXVCJ9.eyJyZXNvdXJjZSI6Ii92Mi9zaXRlcy9TNDFKd1RhcC9tZWRpYS82U1g0S2VLZi9wbGF5YmFjay5qc29uIiwiZXhwIjoxNzc0NjY1MDAwfQ.YlUkfyugXS97r35vbfhUHEG1_IRdurgIvyHSe63HDfQ
videoUrl:: https://videos-cloudfront.jwpsrv.com/69c7d8b9_a34f6e5367f1dbe90ed50fbfb2da9103095038be/content/conversions/S41JwTap/videos/FNhgNCCo-25175559.mp4
imageUrl:: https://assets-jpcust.jwpsrv.com/thumbnails/qkka8xs0-1920.jpg
notFoundMediaUrls: [
  {
    id: '6SX4KeKf',
    videoUrl: 'https://videos-cloudfront.jwpsrv.com/69c7d8b9_a34f6e5367f1dbe90ed50fbfb2da9103095038be/content/conversions/S41JwTap/videos/FNhgNCCo-25175559.mp4'
  },
  {
    id: '6SX4KeKf',
    imageUrl: 'https://assets-jpcust.jwpsrv.com/thumbnails/qkka8xs0-1920.jpg'
  }
]
Media found for: LWvscJpo  header:  video/mp4
Media NOT FOUND FOR ID: mRrldNnq
url: https://cdn.jwplayer.com/v2/sites/S41JwTap/media/mRrldNnq/playback.json?token=eyJhbGciOiJIUzI1NiIsInR5cCI6IkpXVCJ9.eyJyZXNvdXJjZSI6Ii92Mi9zaXRlcy9TNDFKd1RhcC9tZWRpYS9tUnJsZE5ucS9wbGF5YmFjay5qc29uIiwiZXhwIjoxNzc0NjY1MDAwfQ.tqMGkE_qAY8I96iAtTTRAuh61AFH8G5m5XGnlottFZo
videoUrl:: https://videos-cloudfront.jwpsrv.com/69c7d7e4_09dac3aed47d1fb208385662d72444f547349232/content/conversions/S41JwTap/videos/CZuTrbme-25175562.mp4
imageUrl:: https://assets-jpcust.jwpsrv.com/thumbnails/89bq3rdv-1920.jpg
notFoundMediaUrls: [
  {
    id: 'mRrldNnq',
    videoUrl: 'https://videos-cloudfront.jwpsrv.com/69c7d7e4_09dac3aed47d1fb208385662d72444f547349232/content/conversions/S41JwTap/videos/CZuTrbme-25175562.mp4'
  },
  {
    id: 'mRrldNnq',
    imageUrl: 'https://assets-jpcust.jwpsrv.com/thumbnails/89bq3rdv-1920.jpg'
  }
]
Media NOT FOUND FOR ID: HsiQZoRd
url: https://cdn.jwplayer.com/v2/sites/S41JwTap/media/HsiQZoRd/playback.json?token=eyJhbGciOiJIUzI1NiIsInR5cCI6IkpXVCJ9.eyJyZXNvdXJjZSI6Ii92Mi9zaXRlcy9TNDFKd1RhcC9tZWRpYS9Ic2lRWm9SZC9wbGF5YmFjay5qc29uIiwiZXhwIjoxNzc0NjY1MDAwfQ.QukEWjZo3PDNTtx9TeMyxZwr3qlYrniYVWwe49RbeKI
videoUrl:: https://videos-cloudfront.jwpsrv.com/69c7d82b_75b5e08eb81441840e6a21ae30e5e183486744e8/content/conversions/S41JwTap/videos/gcunU9JU-25175559.mp4
imageUrl:: https://assets-jpcust.jwpsrv.com/thumbnails/8ejr3nfu-1920.jpg
notFoundMediaUrls: [
  {
    id: 'HsiQZoRd',
    videoUrl: 'https://videos-cloudfront.jwpsrv.com/69c7d82b_75b5e08eb81441840e6a21ae30e5e183486744e8/content/conversions/S41JwTap/videos/gcunU9JU-25175559.mp4'
  },
  {
    id: 'HsiQZoRd',
    imageUrl: 'https://assets-jpcust.jwpsrv.com/thumbnails/8ejr3nfu-1920.jpg'
  }
]
Media NOT FOUND FOR ID: xEK9krRQ
url: https://cdn.jwplayer.com/v2/sites/S41JwTap/media/xEK9krRQ/playback.json?token=eyJhbGciOiJIUzI1NiIsInR5cCI6IkpXVCJ9.eyJyZXNvdXJjZSI6Ii92Mi9zaXRlcy9TNDFKd1RhcC9tZWRpYS94RUs5a3JSUS9wbGF5YmFjay5qc29uIiwiZXhwIjoxNzc0NjY1MDAwfQ.IaPNewjfGn5EyqbfZbG74NjD6-Z2mW_-icR38R5HLzU
videoUrl:: https://videos-cloudfront.jwpsrv.com/69c7d81e_f8fe0db84b90b8fbc7696645577ac1c761a1dccd/content/conversions/S41JwTap/videos/ZM8ElICe-25175559.mp4
imageUrl:: https://assets-jpcust.jwpsrv.com/thumbnails/m706afv7-1920.jpg
notFoundMediaUrls: [
  {
    id: 'xEK9krRQ',
    videoUrl: 'https://videos-cloudfront.jwpsrv.com/69c7d81e_f8fe0db84b90b8fbc7696645577ac1c761a1dccd/content/conversions/S41JwTap/videos/ZM8ElICe-25175559.mp4'
  },
  {
    id: 'xEK9krRQ',
    imageUrl: 'https://assets-jpcust.jwpsrv.com/thumbnails/m706afv7-1920.jpg'
  }
]
Media NOT FOUND FOR ID: tqU9pNkd
url: https://cdn.jwplayer.com/v2/sites/S41JwTap/media/tqU9pNkd/playback.json?token=eyJhbGciOiJIUzI1NiIsInR5cCI6IkpXVCJ9.eyJyZXNvdXJjZSI6Ii92Mi9zaXRlcy9TNDFKd1RhcC9tZWRpYS90cVU5cE5rZC9wbGF5YmFjay5qc29uIiwiZXhwIjoxNzc0NjY1MDAwfQ.g95Ur9r0nEapwDMkuklUb9UGmJU8dXHYeL8EOrHrCYQ
videoUrl:: https://videos-cloudfront.jwpsrv.com/69c7d8c4_691fb8b1891368e099dc277e0ee3c650d868f3c1/content/conversions/S41JwTap/videos/jSDlGvAQ-25175559.mp4
imageUrl:: https://assets-jpcust.jwpsrv.com/thumbnails/l32trxl6-1920.jpg
notFoundMediaUrls: [
  {
    id: 'tqU9pNkd',
    videoUrl: 'https://videos-cloudfront.jwpsrv.com/69c7d8c4_691fb8b1891368e099dc277e0ee3c650d868f3c1/content/conversions/S41JwTap/videos/jSDlGvAQ-25175559.mp4'
  },
  {
    id: 'tqU9pNkd',
    imageUrl: 'https://assets-jpcust.jwpsrv.com/thumbnails/l32trxl6-1920.jpg'
  }
]
Media NOT FOUND FOR ID: Dn50NYLT
url: https://cdn.jwplayer.com/v2/sites/S41JwTap/media/Dn50NYLT/playback.json?token=eyJhbGciOiJIUzI1NiIsInR5cCI6IkpXVCJ9.eyJyZXNvdXJjZSI6Ii92Mi9zaXRlcy9TNDFKd1RhcC9tZWRpYS9EbjUwTllMVC9wbGF5YmFjay5qc29uIiwiZXhwIjoxNzc0NjY1MDAwfQ.k_acrv-OcSEJtf_9zuQfQ8N2pD3SQ0sN2nzIIdedbHM
videoUrl:: https://videos-cloudfront.jwpsrv.com/69c7d7d4_2ec56286b72921e15c15b3b483501389dff32ade/content/conversions/S41JwTap/videos/baaIs19U-25175559.mp4
imageUrl:: https://assets-jpcust.jwpsrv.com/thumbnails/rbnx978p-1920.jpg
notFoundMediaUrls: [
  {
    id: 'Dn50NYLT',
    videoUrl: 'https://videos-cloudfront.jwpsrv.com/69c7d7d4_2ec56286b72921e15c15b3b483501389dff32ade/content/conversions/S41JwTap/videos/baaIs19U-25175559.mp4'
  },
  {
    id: 'Dn50NYLT',
    imageUrl: 'https://assets-jpcust.jwpsrv.com/thumbnails/rbnx978p-1920.jpg'
  }
]
Media found for: XOWqyBfk  header:  video/mp4
Media found for: AyeIbOxy  header:  video/mp4
Media NOT FOUND FOR ID: QkoQRsh3
url: https://cdn.jwplayer.com/v2/sites/S41JwTap/media/QkoQRsh3/playback.json?token=eyJhbGciOiJIUzI1NiIsInR5cCI6IkpXVCJ9.eyJyZXNvdXJjZSI6Ii92Mi9zaXRlcy9TNDFKd1RhcC9tZWRpYS9Ra29RUnNoMy9wbGF5YmFjay5qc29uIiwiZXhwIjoxNzc0NjY1MDAwfQ.tn_az_5EUmdSbtrvCG7bpIN7qTudk3OQoR9x2mY7pmQ
videoUrl:: https://videos-cloudfront.jwpsrv.com/69c7d84d_a96aa02c73c849befe7295b03b99a6500ef54a44/content/conversions/S41JwTap/videos/gMUdb2Cg-25175559.mp4
imageUrl:: https://assets-jpcust.jwpsrv.com/thumbnails/yutk3lql-1920.jpg
notFoundMediaUrls: [
  {
    id: 'QkoQRsh3',
    videoUrl: 'https://videos-cloudfront.jwpsrv.com/69c7d84d_a96aa02c73c849befe7295b03b99a6500ef54a44/content/conversions/S41JwTap/videos/gMUdb2Cg-25175559.mp4'
  },
  {
    id: 'QkoQRsh3',
    imageUrl: 'https://assets-jpcust.jwpsrv.com/thumbnails/yutk3lql-1920.jpg'
  }
]
Media NOT FOUND FOR ID: 0XJQaLtm
url: https://cdn.jwplayer.com/v2/sites/S41JwTap/media/0XJQaLtm/playback.json?token=eyJhbGciOiJIUzI1NiIsInR5cCI6IkpXVCJ9.eyJyZXNvdXJjZSI6Ii92Mi9zaXRlcy9TNDFKd1RhcC9tZWRpYS8wWEpRYUx0bS9wbGF5YmFjay5qc29uIiwiZXhwIjoxNzc0NjY1MDAwfQ.8Fr67AKNS-Is_8cnXnXVp3XsecfbvRbVVtZtF1-CCy0
videoUrl:: https://videos-cloudfront.jwpsrv.com/69c7d81b_531e273a157daf0c3716b6a83979a614ba2a1ad8/content/conversions/S41JwTap/videos/eA7cefsz-25175559.mp4
imageUrl:: https://assets-jpcust.jwpsrv.com/thumbnails/xzaeeelu-1920.jpg
notFoundMediaUrls: [
  {
    id: '0XJQaLtm',
    videoUrl: 'https://videos-cloudfront.jwpsrv.com/69c7d81b_531e273a157daf0c3716b6a83979a614ba2a1ad8/content/conversions/S41JwTap/videos/eA7cefsz-25175559.mp4'
  },
  {
    id: '0XJQaLtm',
    imageUrl: 'https://assets-jpcust.jwpsrv.com/thumbnails/xzaeeelu-1920.jpg'
  }
]
Media NOT FOUND FOR ID: kR1fZUPc
url: https://cdn.jwplayer.com/v2/sites/S41JwTap/media/kR1fZUPc/playback.json?token=eyJhbGciOiJIUzI1NiIsInR5cCI6IkpXVCJ9.eyJyZXNvdXJjZSI6Ii92Mi9zaXRlcy9TNDFKd1RhcC9tZWRpYS9rUjFmWlVQYy9wbGF5YmFjay5qc29uIiwiZXhwIjoxNzc0NjY1MDAwfQ.7w0T1dBISdoZjkYaV6zoKflVLVBkVfx0voTHgBjekvU
videoUrl:: https://videos-cloudfront.jwpsrv.com/69c7d822_9bced9e7630d5ab4cdbb8a8abc2f844eb1e0d65a/content/conversions/S41JwTap/videos/XXWqyq6p-25175559.mp4
imageUrl:: https://assets-jpcust.jwpsrv.com/thumbnails/pagwys56-1920.jpg
notFoundMediaUrls: [
  {
    id: 'kR1fZUPc',
    videoUrl: 'https://videos-cloudfront.jwpsrv.com/69c7d822_9bced9e7630d5ab4cdbb8a8abc2f844eb1e0d65a/content/conversions/S41JwTap/videos/XXWqyq6p-25175559.mp4'
  },
  {
    id: 'kR1fZUPc',
    imageUrl: 'https://assets-jpcust.jwpsrv.com/thumbnails/pagwys56-1920.jpg'
  }
]
Media NOT FOUND FOR ID: VbG3sMuN
url: https://cdn.jwplayer.com/v2/sites/S41JwTap/media/VbG3sMuN/playback.json?token=eyJhbGciOiJIUzI1NiIsInR5cCI6IkpXVCJ9.eyJyZXNvdXJjZSI6Ii92Mi9zaXRlcy9TNDFKd1RhcC9tZWRpYS9WYkczc011Ti9wbGF5YmFjay5qc29uIiwiZXhwIjoxNzc0NjY1MDAwfQ.kLVVF_-ANx780Zp0ITViyKi9UoR4THTKmugnddJCmJ8
videoUrl:: https://videos-cloudfront.jwpsrv.com/69c7d822_3255fedc8d3c31d6f6dd0d2f555a1aa676e891e9/content/conversions/S41JwTap/videos/XrQP6nC6-25175559.mp4
imageUrl:: https://assets-jpcust.jwpsrv.com/thumbnails/p0tvkm13-1920.jpg
notFoundMediaUrls: [
  {
    id: 'VbG3sMuN',
    videoUrl: 'https://videos-cloudfront.jwpsrv.com/69c7d822_3255fedc8d3c31d6f6dd0d2f555a1aa676e891e9/content/conversions/S41JwTap/videos/XrQP6nC6-25175559.mp4'
  },
  {
    id: 'VbG3sMuN',
    imageUrl: 'https://assets-jpcust.jwpsrv.com/thumbnails/p0tvkm13-1920.jpg'
  }
]
Media NOT FOUND FOR ID: p18JnbyG
url: https://cdn.jwplayer.com/v2/sites/S41JwTap/media/p18JnbyG/playback.json?token=eyJhbGciOiJIUzI1NiIsInR5cCI6IkpXVCJ9.eyJyZXNvdXJjZSI6Ii92Mi9zaXRlcy9TNDFKd1RhcC9tZWRpYS9wMThKbmJ5Ry9wbGF5YmFjay5qc29uIiwiZXhwIjoxNzc0NjY1MDAwfQ.jXiAsvPAXAuruMhCxe295dntCf15gPlxrtaFK3aPCPM
videoUrl:: https://videos-cloudfront.jwpsrv.com/69c7d841_bfcd063bf4bfb8bc7c6236c751d9895c593dd375/content/conversions/S41JwTap/videos/JaWp6jev-25175559.mp4
imageUrl:: https://assets-jpcust.jwpsrv.com/thumbnails/6xvx17un-1920.jpg
notFoundMediaUrls: [
  {
    id: 'p18JnbyG',
    videoUrl: 'https://videos-cloudfront.jwpsrv.com/69c7d841_bfcd063bf4bfb8bc7c6236c751d9895c593dd375/content/conversions/S41JwTap/videos/JaWp6jev-25175559.mp4'
  },
  {
    id: 'p18JnbyG',
    imageUrl: 'https://assets-jpcust.jwpsrv.com/thumbnails/6xvx17un-1920.jpg'
  }
]
Media NOT FOUND FOR ID: WXHtH526
url: https://cdn.jwplayer.com/v2/sites/S41JwTap/media/WXHtH526/playback.json?token=eyJhbGciOiJIUzI1NiIsInR5cCI6IkpXVCJ9.eyJyZXNvdXJjZSI6Ii92Mi9zaXRlcy9TNDFKd1RhcC9tZWRpYS9XWEh0SDUyNi9wbGF5YmFjay5qc29uIiwiZXhwIjoxNzc0NjY1MDAwfQ.uLJH1My0vFszRIBf6bfXDEe7J0xHJVGbD3pICQ4n2nQ
videoUrl:: https://videos-cloudfront.jwpsrv.com/69c7d7d6_cce50b9aa6dc4cc8fe1612090a32c44192a2db21/content/conversions/S41JwTap/videos/lFULTr2q-25175559.mp4
imageUrl:: https://assets-jpcust.jwpsrv.com/thumbnails/sgu8geot-1920.jpg
notFoundMediaUrls: [
  {
    id: 'WXHtH526',
    videoUrl: 'https://videos-cloudfront.jwpsrv.com/69c7d7d6_cce50b9aa6dc4cc8fe1612090a32c44192a2db21/content/conversions/S41JwTap/videos/lFULTr2q-25175559.mp4'
  },
  {
    id: 'WXHtH526',
    imageUrl: 'https://assets-jpcust.jwpsrv.com/thumbnails/sgu8geot-1920.jpg'
  }
]
Media NOT FOUND FOR ID: 3S3x2ksO
url: https://cdn.jwplayer.com/v2/sites/S41JwTap/media/3S3x2ksO/playback.json?token=eyJhbGciOiJIUzI1NiIsInR5cCI6IkpXVCJ9.eyJyZXNvdXJjZSI6Ii92Mi9zaXRlcy9TNDFKd1RhcC9tZWRpYS8zUzN4MmtzTy9wbGF5YmFjay5qc29uIiwiZXhwIjoxNzc0NjY1MDAwfQ.0mkwVJP9Ok38hGVWBsck3zsxvYECXFofIoMBHAPwugM
videoUrl:: https://videos-cloudfront.jwpsrv.com/69c7d7e7_531593dc4610e4f29efb015b8601df817a7bce76/content/conversions/S41JwTap/videos/SBWWBdUD-25175559.mp4
imageUrl:: https://assets-jpcust.jwpsrv.com/thumbnails/2s8uyrgh-1920.jpg
notFoundMediaUrls: [
  {
    id: '3S3x2ksO',
    videoUrl: 'https://videos-cloudfront.jwpsrv.com/69c7d7e7_531593dc4610e4f29efb015b8601df817a7bce76/content/conversions/S41JwTap/videos/SBWWBdUD-25175559.mp4'
  },
  {
    id: '3S3x2ksO',
    imageUrl: 'https://assets-jpcust.jwpsrv.com/thumbnails/2s8uyrgh-1920.jpg'
  }
]
Media found for: vdZPMEh6  header:  video/mp4
Media NOT FOUND FOR ID: Wh0aoWr7
url: https://cdn.jwplayer.com/v2/sites/S41JwTap/media/Wh0aoWr7/playback.json?token=eyJhbGciOiJIUzI1NiIsInR5cCI6IkpXVCJ9.eyJyZXNvdXJjZSI6Ii92Mi9zaXRlcy9TNDFKd1RhcC9tZWRpYS9XaDBhb1dyNy9wbGF5YmFjay5qc29uIiwiZXhwIjoxNzc0NjY1MDAwfQ.hHtu329LsjObYEbdi4UazXmCi5a7ECmr2JYIJQSrPKA
videoUrl:: https://videos-cloudfront.jwpsrv.com/69c7d8b4_95761de031d627387120a4a6f677350071e04ff0/content/conversions/S41JwTap/videos/SYF4wsB0-25175559.mp4
imageUrl:: https://assets-jpcust.jwpsrv.com/thumbnails/wz0lnsvh-1920.jpg
notFoundMediaUrls: [
  {
    id: 'Wh0aoWr7',
    videoUrl: 'https://videos-cloudfront.jwpsrv.com/69c7d8b4_95761de031d627387120a4a6f677350071e04ff0/content/conversions/S41JwTap/videos/SYF4wsB0-25175559.mp4'
  },
  {
    id: 'Wh0aoWr7',
    imageUrl: 'https://assets-jpcust.jwpsrv.com/thumbnails/wz0lnsvh-1920.jpg'
  }
]
Media NOT FOUND FOR ID: 1W3iwnFQ
url: https://cdn.jwplayer.com/v2/sites/S41JwTap/media/1W3iwnFQ/playback.json?token=eyJhbGciOiJIUzI1NiIsInR5cCI6IkpXVCJ9.eyJyZXNvdXJjZSI6Ii92Mi9zaXRlcy9TNDFKd1RhcC9tZWRpYS8xVzNpd25GUS9wbGF5YmFjay5qc29uIiwiZXhwIjoxNzc0NjY1MDAwfQ.DM4P8Lk2FyWi3YidX-W6mMyUrhdxTNzz4V2uWv8LVzU
videoUrl:: https://videos-cloudfront.jwpsrv.com/69c7d8c9_161d312ab240aa1024a6fbfff81e04beda0da2bc/content/conversions/S41JwTap/videos/dA0bOpVy-25175559.mp4
imageUrl:: https://assets-jpcust.jwpsrv.com/thumbnails/7bbb08o3-1920.jpg
notFoundMediaUrls: [
  {
    id: '1W3iwnFQ',
    videoUrl: 'https://videos-cloudfront.jwpsrv.com/69c7d8c9_161d312ab240aa1024a6fbfff81e04beda0da2bc/content/conversions/S41JwTap/videos/dA0bOpVy-25175559.mp4'
  },
  {
    id: '1W3iwnFQ',
    imageUrl: 'https://assets-jpcust.jwpsrv.com/thumbnails/7bbb08o3-1920.jpg'
  }
]
Media NOT FOUND FOR ID: tSxt7pE5
url: https://cdn.jwplayer.com/v2/sites/S41JwTap/media/tSxt7pE5/playback.json?token=eyJhbGciOiJIUzI1NiIsInR5cCI6IkpXVCJ9.eyJyZXNvdXJjZSI6Ii92Mi9zaXRlcy9TNDFKd1RhcC9tZWRpYS90U3h0N3BFNS9wbGF5YmFjay5qc29uIiwiZXhwIjoxNzc0NjY1MDAwfQ.2jX06YnH4nbcwJwdr6rDZFxyebYIViFwlsvg1vHp4qk
videoUrl:: https://videos-cloudfront.jwpsrv.com/69c7d8c0_2aa7d7d16e7bf2f275e714a1584ef587587dcd27/content/conversions/S41JwTap/videos/Eq7OQXFN-25175559.mp4
imageUrl:: https://assets-jpcust.jwpsrv.com/thumbnails/binkwc99-1920.jpg
notFoundMediaUrls: [
  {
    id: 'tSxt7pE5',
    videoUrl: 'https://videos-cloudfront.jwpsrv.com/69c7d8c0_2aa7d7d16e7bf2f275e714a1584ef587587dcd27/content/conversions/S41JwTap/videos/Eq7OQXFN-25175559.mp4'
  },
  {
    id: 'tSxt7pE5',
    imageUrl: 'https://assets-jpcust.jwpsrv.com/thumbnails/binkwc99-1920.jpg'
  }
]
Media NOT FOUND FOR ID: WB2WGkxV
url: https://cdn.jwplayer.com/v2/sites/S41JwTap/media/WB2WGkxV/playback.json?token=eyJhbGciOiJIUzI1NiIsInR5cCI6IkpXVCJ9.eyJyZXNvdXJjZSI6Ii92Mi9zaXRlcy9TNDFKd1RhcC9tZWRpYS9XQjJXR2t4Vi9wbGF5YmFjay5qc29uIiwiZXhwIjoxNzc0NjY1MDAwfQ.tJEZWjQmJheulYQUhrxZF0WMJefcENHJ-rk7xnJpSK8
videoUrl:: https://videos-cloudfront.jwpsrv.com/69c7d869_44fc895ff76d0ea66acc3a7a8bf82f48a180dbbf/content/conversions/S41JwTap/videos/imOZEVUR-25175559.mp4
imageUrl:: https://assets-jpcust.jwpsrv.com/thumbnails/mhf0my6p-1920.jpg
notFoundMediaUrls: [
  {
    id: 'WB2WGkxV',
    videoUrl: 'https://videos-cloudfront.jwpsrv.com/69c7d869_44fc895ff76d0ea66acc3a7a8bf82f48a180dbbf/content/conversions/S41JwTap/videos/imOZEVUR-25175559.mp4'
  },
  {
    id: 'WB2WGkxV',
    imageUrl: 'https://assets-jpcust.jwpsrv.com/thumbnails/mhf0my6p-1920.jpg'
  }
]
Media NOT FOUND FOR ID: RCdHfIHj
url: https://cdn.jwplayer.com/v2/sites/S41JwTap/media/RCdHfIHj/playback.json?token=eyJhbGciOiJIUzI1NiIsInR5cCI6IkpXVCJ9.eyJyZXNvdXJjZSI6Ii92Mi9zaXRlcy9TNDFKd1RhcC9tZWRpYS9SQ2RIZklIai9wbGF5YmFjay5qc29uIiwiZXhwIjoxNzc0NjY1MzAwfQ.BT2eQY4fSMq4DtTqjtW_ZQDxalAW2sziDTyTDSfCOOs
videoUrl:: https://videos-cloudfront.jwpsrv.com/69c7d816_6327799ea408b6cb8aba76b25399fcfae814ade2/content/conversions/S41JwTap/videos/cHUlrv3K-25175559.mp4
imageUrl:: https://assets-jpcust.jwpsrv.com/thumbnails/b9krrkeg-1920.jpg
notFoundMediaUrls: [
  {
    id: 'RCdHfIHj',
    videoUrl: 'https://videos-cloudfront.jwpsrv.com/69c7d816_6327799ea408b6cb8aba76b25399fcfae814ade2/content/conversions/S41JwTap/videos/cHUlrv3K-25175559.mp4'
  },
  {
    id: 'RCdHfIHj',
    imageUrl: 'https://assets-jpcust.jwpsrv.com/thumbnails/b9krrkeg-1920.jpg'
  }
]
Media NOT FOUND FOR ID: mBbWYGsx
url: https://cdn.jwplayer.com/v2/sites/S41JwTap/media/mBbWYGsx/playback.json?token=eyJhbGciOiJIUzI1NiIsInR5cCI6IkpXVCJ9.eyJyZXNvdXJjZSI6Ii92Mi9zaXRlcy9TNDFKd1RhcC9tZWRpYS9tQmJXWUdzeC9wbGF5YmFjay5qc29uIiwiZXhwIjoxNzc0NjY1MzAwfQ.Pb-v7iv2U3JTgyYNbtSUCe_9pabUXrhG2bthnvkBcR8
videoUrl:: https://videos-cloudfront.jwpsrv.com/69c7d8e6_f6b275369e1ffcb014d79cf92aff38c83667e646/content/conversions/S41JwTap/videos/CbrTJb86-25175559.mp4
imageUrl:: https://assets-jpcust.jwpsrv.com/thumbnails/jopbrivi-1920.jpg
notFoundMediaUrls: [
  {
    id: 'mBbWYGsx',
    videoUrl: 'https://videos-cloudfront.jwpsrv.com/69c7d8e6_f6b275369e1ffcb014d79cf92aff38c83667e646/content/conversions/S41JwTap/videos/CbrTJb86-25175559.mp4'
  },
  {
    id: 'mBbWYGsx',
    imageUrl: 'https://assets-jpcust.jwpsrv.com/thumbnails/jopbrivi-1920.jpg'
  }
]
Media found for: azxjprgF  header:  video/mp4
Media NOT FOUND FOR ID: EpkcCp4z
url: https://cdn.jwplayer.com/v2/sites/S41JwTap/media/EpkcCp4z/playback.json?token=eyJhbGciOiJIUzI1NiIsInR5cCI6IkpXVCJ9.eyJyZXNvdXJjZSI6Ii92Mi9zaXRlcy9TNDFKd1RhcC9tZWRpYS9FcGtjQ3A0ei9wbGF5YmFjay5qc29uIiwiZXhwIjoxNzc0NjY1MzAwfQ.IeR7FpO8JRPvFaW_fNkp6HWcW6ks6L7WZZ5195UFxaQ
videoUrl:: https://videos-cloudfront.jwpsrv.com/69c7d8ef_8c72f662b6f98aa950a61c053bb9d19baacdc08f/content/conversions/S41JwTap/videos/QvdZTpy4-25175559.mp4
imageUrl:: https://assets-jpcust.jwpsrv.com/thumbnails/6wmm3t9t-1920.jpg
notFoundMediaUrls: [
  {
    id: 'EpkcCp4z',
    videoUrl: 'https://videos-cloudfront.jwpsrv.com/69c7d8ef_8c72f662b6f98aa950a61c053bb9d19baacdc08f/content/conversions/S41JwTap/videos/QvdZTpy4-25175559.mp4'
  },
  {
    id: 'EpkcCp4z',
    imageUrl: 'https://assets-jpcust.jwpsrv.com/thumbnails/6wmm3t9t-1920.jpg'
  }
]
Media NOT FOUND FOR ID: ZMgpHNmc
url: https://cdn.jwplayer.com/v2/sites/S41JwTap/media/ZMgpHNmc/playback.json?token=eyJhbGciOiJIUzI1NiIsInR5cCI6IkpXVCJ9.eyJyZXNvdXJjZSI6Ii92Mi9zaXRlcy9TNDFKd1RhcC9tZWRpYS9aTWdwSE5tYy9wbGF5YmFjay5qc29uIiwiZXhwIjoxNzc0NjY1MzAwfQ.2hD7HiVjTFTiu-wpokpEsjboLWRmcCRDfhHAIz9M_Ig
videoUrl:: https://videos-cloudfront.jwpsrv.com/69c7d82a_0b69a2270a7b6a8d498edceb1bdd387516ec3b81/content/conversions/S41JwTap/videos/ryAHWEsZ-25175559.mp4
imageUrl:: https://assets-jpcust.jwpsrv.com/thumbnails/i3dwkdeo-1920.jpg
notFoundMediaUrls: [
  {
    id: 'ZMgpHNmc',
    videoUrl: 'https://videos-cloudfront.jwpsrv.com/69c7d82a_0b69a2270a7b6a8d498edceb1bdd387516ec3b81/content/conversions/S41JwTap/videos/ryAHWEsZ-25175559.mp4'
  },
  {
    id: 'ZMgpHNmc',
    imageUrl: 'https://assets-jpcust.jwpsrv.com/thumbnails/i3dwkdeo-1920.jpg'
  }
]
Media NOT FOUND FOR ID: iPhlTX8h
url: https://cdn.jwplayer.com/v2/sites/S41JwTap/media/iPhlTX8h/playback.json?token=eyJhbGciOiJIUzI1NiIsInR5cCI6IkpXVCJ9.eyJyZXNvdXJjZSI6Ii92Mi9zaXRlcy9TNDFKd1RhcC9tZWRpYS9pUGhsVFg4aC9wbGF5YmFjay5qc29uIiwiZXhwIjoxNzc0NjY1MzAwfQ.nbBqlBi1peks-ezknR6oykkrrRi4WmmriCO4NSfOYQ0
videoUrl:: https://videos-cloudfront.jwpsrv.com/69c7d858_1f8d30e2bac70e725d2215596e225651a1dd3a2a/content/conversions/S41JwTap/videos/U0UwIuYO-25175559.mp4
imageUrl:: https://assets-jpcust.jwpsrv.com/thumbnails/bllqidha-1920.jpg
notFoundMediaUrls: [
  {
    id: 'iPhlTX8h',
    videoUrl: 'https://videos-cloudfront.jwpsrv.com/69c7d858_1f8d30e2bac70e725d2215596e225651a1dd3a2a/content/conversions/S41JwTap/videos/U0UwIuYO-25175559.mp4'
  },
  {
    id: 'iPhlTX8h',
    imageUrl: 'https://assets-jpcust.jwpsrv.com/thumbnails/bllqidha-1920.jpg'
  }
]
Media NOT FOUND FOR ID: 7mSr1ghJ
url: https://cdn.jwplayer.com/v2/sites/S41JwTap/media/7mSr1ghJ/playback.json?token=eyJhbGciOiJIUzI1NiIsInR5cCI6IkpXVCJ9.eyJyZXNvdXJjZSI6Ii92Mi9zaXRlcy9TNDFKd1RhcC9tZWRpYS83bVNyMWdoSi9wbGF5YmFjay5qc29uIiwiZXhwIjoxNzc0NjY1MzAwfQ.PYmQiQzAQ6TDOsnHrsdBhIP_xIYwtUXa8YmZeXMmjzs
videoUrl:: https://videos-cloudfront.jwpsrv.com/69c7d8ee_3bc579869216040d0351ee03a8384754c109e3d5/content/conversions/S41JwTap/videos/ZW2bkzEK-25175559.mp4
imageUrl:: https://assets-jpcust.jwpsrv.com/thumbnails/ikhidwlx-1920.jpg
notFoundMediaUrls: [
  {
    id: '7mSr1ghJ',
    videoUrl: 'https://videos-cloudfront.jwpsrv.com/69c7d8ee_3bc579869216040d0351ee03a8384754c109e3d5/content/conversions/S41JwTap/videos/ZW2bkzEK-25175559.mp4'
  },
  {
    id: '7mSr1ghJ',
    imageUrl: 'https://assets-jpcust.jwpsrv.com/thumbnails/ikhidwlx-1920.jpg'
  }
]
Media found for: V50slAGw  header:  video/mp4
Media found for: 6wgALRLG  header:  video/mp4
Media found for: dO44W5we  header:  video/mp4
Media NOT FOUND FOR ID: 5wMAW8qw
url: https://cdn.jwplayer.com/v2/sites/S41JwTap/media/5wMAW8qw/playback.json?token=eyJhbGciOiJIUzI1NiIsInR5cCI6IkpXVCJ9.eyJyZXNvdXJjZSI6Ii92Mi9zaXRlcy9TNDFKd1RhcC9tZWRpYS81d01BVzhxdy9wbGF5YmFjay5qc29uIiwiZXhwIjoxNzc0NjY1MzAwfQ.-i0YR3EuhJZvkozT4oqGuAt4hP_XTASxfdc277_H6s0
videoUrl:: https://videos-cloudfront.jwpsrv.com/69c7d832_9d7ee341e94a570ff06ff746076164a6c71c1d80/content/conversions/S41JwTap/videos/omnt8Lw7-25175559.mp4
imageUrl:: https://assets-jpcust.jwpsrv.com/thumbnails/yv2yby1g-1920.jpg
notFoundMediaUrls: [
  {
    id: '5wMAW8qw',
    videoUrl: 'https://videos-cloudfront.jwpsrv.com/69c7d832_9d7ee341e94a570ff06ff746076164a6c71c1d80/content/conversions/S41JwTap/videos/omnt8Lw7-25175559.mp4'
  },
  {
    id: '5wMAW8qw',
    imageUrl: 'https://assets-jpcust.jwpsrv.com/thumbnails/yv2yby1g-1920.jpg'
  }
]
Media found for: ZPFpFgFV  header:  video/mp4
Media NOT FOUND FOR ID: eWUNpCYW
url: https://cdn.jwplayer.com/v2/sites/S41JwTap/media/eWUNpCYW/playback.json?token=eyJhbGciOiJIUzI1NiIsInR5cCI6IkpXVCJ9.eyJyZXNvdXJjZSI6Ii92Mi9zaXRlcy9TNDFKd1RhcC9tZWRpYS9lV1VOcENZVy9wbGF5YmFjay5qc29uIiwiZXhwIjoxNzc0NjY1MzAwfQ.Yc8aiB-_uJzdR2uWCJ73dxHxmlZRKfuFVje3AssSbQs
videoUrl:: https://videos-cloudfront.jwpsrv.com/69c7d8a0_173cfbbd9f84bc55b8ab8ccff7aeb7cf9d661202/content/conversions/S41JwTap/videos/amDqGAIz-25175559.mp4
imageUrl:: https://assets-jpcust.jwpsrv.com/thumbnails/2dcmew3d-1920.jpg
notFoundMediaUrls: [
  {
    id: 'eWUNpCYW',
    videoUrl: 'https://videos-cloudfront.jwpsrv.com/69c7d8a0_173cfbbd9f84bc55b8ab8ccff7aeb7cf9d661202/content/conversions/S41JwTap/videos/amDqGAIz-25175559.mp4'
  },
  {
    id: 'eWUNpCYW',
    imageUrl: 'https://assets-jpcust.jwpsrv.com/thumbnails/2dcmew3d-1920.jpg'
  }
]
Media NOT FOUND FOR ID: 25MKB8oN
url: https://cdn.jwplayer.com/v2/sites/S41JwTap/media/25MKB8oN/playback.json?token=eyJhbGciOiJIUzI1NiIsInR5cCI6IkpXVCJ9.eyJyZXNvdXJjZSI6Ii92Mi9zaXRlcy9TNDFKd1RhcC9tZWRpYS8yNU1LQjhvTi9wbGF5YmFjay5qc29uIiwiZXhwIjoxNzc0NjY1MzAwfQ.w2nrQiQeVG4qE4XGN670hpDnD5nXZ1R5hJ3-ZJCI_U4
videoUrl:: https://videos-cloudfront.jwpsrv.com/69c7d8e4_1cd8762dcd333b6c823fa17b8eeb65e3b4734687/content/conversions/S41JwTap/videos/9a52oHfH-25175559.mp4
imageUrl:: https://assets-jpcust.jwpsrv.com/thumbnails/d1uicmyc-1920.jpg
notFoundMediaUrls: [
  {
    id: '25MKB8oN',
    videoUrl: 'https://videos-cloudfront.jwpsrv.com/69c7d8e4_1cd8762dcd333b6c823fa17b8eeb65e3b4734687/content/conversions/S41JwTap/videos/9a52oHfH-25175559.mp4'
  },
  {
    id: '25MKB8oN',
    imageUrl: 'https://assets-jpcust.jwpsrv.com/thumbnails/d1uicmyc-1920.jpg'
  }
]
Media found for: WQMnvOYT  header:  video/mp4
Media found for: ytiSW57v  header:  video/mp4
Media NOT FOUND FOR ID: 4d1EvIVv
url: https://cdn.jwplayer.com/v2/sites/S41JwTap/media/4d1EvIVv/playback.json?token=eyJhbGciOiJIUzI1NiIsInR5cCI6IkpXVCJ9.eyJyZXNvdXJjZSI6Ii92Mi9zaXRlcy9TNDFKd1RhcC9tZWRpYS80ZDFFdklWdi9wbGF5YmFjay5qc29uIiwiZXhwIjoxNzc0NjY1MzAwfQ.hztvacTdVCBSimaVzTX0IX5-MmhG3jGnFtUVq6PBYtQ
videoUrl:: https://videos-cloudfront.jwpsrv.com/69c7d918_ab552387a9c73b2f4ad968382e52038a541ac6e5/content/conversions/S41JwTap/videos/cwCOK1oo-25175559.mp4
imageUrl:: https://assets-jpcust.jwpsrv.com/thumbnails/zm300b1a-1920.jpg
notFoundMediaUrls: [
  {
    id: '4d1EvIVv',
    videoUrl: 'https://videos-cloudfront.jwpsrv.com/69c7d918_ab552387a9c73b2f4ad968382e52038a541ac6e5/content/conversions/S41JwTap/videos/cwCOK1oo-25175559.mp4'
  },
  {
    id: '4d1EvIVv',
    imageUrl: 'https://assets-jpcust.jwpsrv.com/thumbnails/zm300b1a-1920.jpg'
  }
]
Media found for: gGTc8zX0  header:  video/mp4
