siteId is: a7WRo0m6
Media found for: vNanWWI1  header:  video/mp4
Media found for: Inxl4hnU  header:  video/mp4
Media found for: IyZ2FNdR  header:  video/mp4
Media found for: aXJRXrOt  header:  video/mp4
Media found for: EKs4OKQl  header:  video/mp4
Media found for: Ds2R0ztw  header:  video/mp4
Media found for: Kk7RcK1l  header:  video/mp4
Media found for: Od84jnoo  header:  video/mp4
Media found for: D24JpZmT  header:  video/mp4
Media found for: 7fzCdUqq  header:  video/mp4
Media found for: sqZtsEDK  header:  video/mp4
Media found for: TObhITGJ  header:  video/mp4
Media found for: 9FzKZQ1q  header:  video/mp4
Media found for: 16NQie2A  header:  video/mp4
Media found for: VXPeuGYU  header:  video/mp4
Media found for: cbteTzuN  header:  video/mp4
Media found for: OcwxLZdJ  header:  video/mp4
Media found for: T1ZKIwcv  header:  video/mp4
Media found for: ITNGKKzC  header:  video/mp4
Media found for: 8CIa7toR  header:  video/mp4
Media found for: R0tCDcr1  header:  video/mp4
Media found for: 5fTFk9uJ  header:  video/mp4
Media found for: 3XwelOBo  header:  video/mp4
Media found for: qU41WZEf  header:  video/mp4
Media found for: CZpqSNDG  header:  video/mp4
Media found for: luGBAKD6  header:  video/mp4
Media found for: Mq5G2zyj  header:  video/mp4
Media found for: zaT4msPR  header:  video/mp4
Media found for: MM3Yazbw  header:  video/mp4
Media found for: TJdadwsW  header:  video/mp4
Media found for: fwY23kp0  header:  video/mp4
Media found for: zMtDMhld  header:  video/mp4
Media found for: K4tTLIoV  header:  video/mp4
Media found for: 4EKelm7c  header:  video/mp4
Media found for: nKedY0aF  header:  video/mp4
Media found for: NqIEvBBM  header:  video/mp4
Media found for: hX7j2MyF  header:  video/mp4
Media found for: npaJfl4b  header:  video/mp4
Media found for: BvsdCNLX  header:  video/mp4
Media found for: eGc3reix  header:  video/mp4
Media found for: 7jItBK83  header:  video/mp4
Media found for: u1tjVldW  header:  video/mp4
Media found for: NeNfsrAw  header:  video/mp4
Media found for: 7Utx2oYD  header:  video/mp4
Media found for: mzpBmR1d  header:  video/mp4
Media found for: RolgwS5O  header:  video/mp4
Media found for: 86zuLb8H  header:  video/mp4
Media found for: FbBdA8Hy  header:  video/mp4
Media found for: YHMbmzFz  header:  video/mp4
Media found for: Tp3MUay4  header:  video/mp4
Media found for: XYZbnbvc  header:  video/mp4
Media found for: x4ceRzZA  header:  video/mp4
Media found for: oZkrE4nR  header:  video/mp4
Media found for: gwiYg75L  header:  video/mp4
Media found for: gkGwAXXa  header:  video/mp4
Media found for: xZX2KDMP  header:  video/mp4
Media found for: noCkZCRM  header:  video/mp4
Media found for: sMDkg4xx  header:  video/mp4
Media found for: ZSHUHKoc  header:  video/mp4
Media found for: epCRyFK4  header:  video/mp4
Media found for: 7lihF8h3  header:  video/mp4
Media found for: LSn2znDl  header:  video/mp4
Media found for: XRCnvULV  header:  video/mp4
Media found for: zsEKbk17  header:  video/mp4
Media found for: 0kU614zJ  header:  video/mp4
Media found for: 9vmyibX0  header:  video/mp4
Media found for: Y4GvYmiX  header:  video/mp4
Media found for: n8AH6kzD  header:  video/mp4
Media found for: bKDgKjtz  header:  video/mp4
Media found for: OzBXQ6xp  header:  video/mp4
Media found for: DHc5LQtF  header:  video/mp4
Media found for: W5wZfo9J  header:  video/mp4
Media found for: aBHe5f9m  header:  video/mp4
Media found for: yaTITekK  header:  video/mp4
Media found for: NKmYbpcX  header:  video/mp4
Media found for: c6rbWtC9  header:  video/mp4
Media found for: egAit0Ga  header:  video/mp4
Media found for: JzVrUo8N  header:  video/mp4
Media found for: IBYhmtiO  header:  video/mp4
Media found for: uATBIxp7  header:  video/mp4
Media found for: LATUKTPL  header:  video/mp4
Media found for: fqgebCET  header:  video/mp4
Media found for: 7rtsV8zO  header:  video/mp4
Media found for: siZKbF3X  header:  video/mp4
Media found for: bMZGp7dg  header:  video/mp4
Media found for: UmjTZ3mg  header:  video/mp4
Media found for: fggTYwXz  header:  video/mp4
Media found for: uMQrKMf9  header:  video/mp4
Media found for: np5BC1uZ  header:  video/mp4
Media found for: LyRwWob7  header:  video/mp4
Media found for: Lv7VAwI3  header:  video/mp4
Media found for: CDWMXpvD  header:  video/mp4
Media found for: yomOKMp6  header:  video/mp4
Media found for: 5j3dJ6Fl  header:  video/mp4
Media found for: HrLv1Jx9  header:  video/mp4
Media found for: 2oVtGc1B  header:  video/mp4
Media found for: Qk4cF3nb  header:  video/mp4
Media found for: 8RZidOHB  header:  video/mp4
Media found for: hIcrJ6Ad  header:  video/mp4
Media found for: UaPRUnlq  header:  video/mp4
Media found for: 2t9HJo0W  header:  video/mp4
Media found for: bOu9nFDP  header:  video/mp4
Media found for: HvJFnTYb  header:  video/mp4
Media found for: reM8VDcY  header:  video/mp4
Media found for: 0AEb4dkG  header:  video/mp4
Media found for: Wj8Ecq5d  header:  video/mp4
Media found for: NvZ8rmsz  header:  video/mp4
Media found for: GqSdac4K  header:  video/mp4
Media found for: VgEitOq8  header:  video/mp4
Media found for: brywIUlQ  header:  video/mp4
Media found for: 3jtDg6XY  header:  video/mp4
Media found for: ygHtDN1x  header:  video/mp4
Media found for: JwzVJKD6  header:  video/mp4
Media found for: fyhX6hDT  header:  video/mp4
Media found for: uc7KtTmm  header:  video/mp4
Media found for: CqL3rrAL  header:  video/mp4
Media found for: LAv9OUQ2  header:  video/mp4
Media found for: qfNGE9v6  header:  video/mp4
Media found for: c4hfhri6  header:  video/mp4
Media found for: JjmuWC8s  header:  video/mp4
Media found for: ksPbaVLG  header:  video/mp4
Media found for: kL7xIC6t  header:  video/mp4
Media found for: qWICx6Xt  header:  video/mp4
Media found for: Pfd9LLDP  header:  video/mp4
Media found for: OixyA5V1  header:  video/mp4
Media found for: 1C4BAcow  header:  video/mp4
Media found for: LPPs1AxE  header:  video/mp4
Media found for: i7bqx6UA  header:  video/mp4
Media found for: uW9YWgUQ  header:  video/mp4
Media found for: phbuWWe9  header:  video/mp4
Media found for: 596rvALy  header:  video/mp4
Media found for: s37KOXjr  header:  video/mp4
Media found for: 50Qpre6U  header:  video/mp4
Media found for: luOc9gtB  header:  video/mp4
Media found for: 4Sy9uD8G  header:  video/mp4
Media found for: rHvP3V4j  header:  video/mp4
Media found for: X6hPb9En  header:  video/mp4
Media found for: d9snSJFo  header:  video/mp4
Media found for: LcG1hIg1  header:  video/mp4
Media found for: cv5VKrPB  header:  video/mp4
Media found for: T4qdGuYu  header:  video/mp4
Media found for: W7ygbZuN  header:  video/mp4
Media found for: 3nIuIwlJ  header:  video/mp4
Media found for: z65nEZfN  header:  video/mp4
Media found for: qeCX8SkR  header:  video/mp4
Media found for: aMRiJOcZ  header:  video/mp4
Media found for: dI7NAjsP  header:  video/mp4
Media found for: qziX1RyG  header:  video/mp4
Media found for: HDbzMB0f  header:  video/mp4
Media found for: prP70tjq  header:  video/mp4
Media found for: BJsslSWJ  header:  video/mp4
Media found for: VMhvRCPS  header:  video/mp4
Media found for: Yqb2XNnz  header:  video/mp4
Media found for: Lm6XCv7l  header:  video/mp4
Media found for: 62yFcS9y  header:  video/mp4
Media found for: 0kohqy0H  header:  video/mp4
Media found for: 8OKlygBq  header:  video/mp4
Media found for: 96UqsM9e  header:  video/mp4
Media found for: MrxcMbkD  header:  video/mp4
Media found for: GfDajQGc  header:  video/mp4
Media found for: CMExQkvL  header:  video/mp4
Media found for: ot4wPuIS  header:  video/mp4
Media found for: fwpkYBsR  header:  video/mp4
Media found for: e4HxprcP  header:  video/mp4
Media found for: ZJhXejFL  header:  video/mp4
Media found for: i3XGWDDR  header:  video/mp4
Media found for: 02cM2CSo  header:  video/mp4
Media found for: g9iVADvk  header:  video/mp4
Media found for: NFd9OJog  header:  video/mp4
Media found for: iiK2u7A2  header:  video/mp4
Media found for: hIEFpa9T  header:  video/mp4
Media found for: CLq1Nzxs  header:  video/mp4
Media found for: 0OGrzNRw  header:  video/mp4
Media found for: EFQ9Juou  header:  video/mp4
Media found for: H4Il2z8K  header:  video/mp4
Media found for: Z9G1Okor  header:  video/mp4
Media found for: 1o1FF2VZ  header:  video/mp4
Media found for: tCr2R06j  header:  video/mp4
Media found for: DUij7WS2  header:  video/mp4
Media found for: sp0RXCc8  header:  video/mp4
Media found for: 9Vpk3Ynt  header:  video/mp4
Media found for: h1aSxOj6  header:  video/mp4
Media found for: Kx5MLlbn  header:  video/mp4
Media found for: TwAy9Rb9  header:  video/mp4
Media found for: Ix6f6EAW  header:  video/mp4
Media NOT FOUND FOR ID: mhTcjWU4
url: https://cdn.jwplayer.com/v2/sites/a7WRo0m6/media/mhTcjWU4/playback.json?token=eyJhbGciOiJIUzI1NiIsInR5cCI6IkpXVCJ9.eyJyZXNvdXJjZSI6Ii92Mi9zaXRlcy9hN1dSbzBtNi9tZWRpYS9taFRjaldVNC9wbGF5YmFjay5qc29uIiwiZXhwIjoxNzc0NjY4MzAwfQ.3jxVp_qjxWCmpC_vCExKwKBr1tSjcJIz1GoMoDlKDQI
videoUrl:: https://videos-cloudfront.jwpsrv.com/69c7e571_11811d4de7a99cad0077a0c796872e8b1b8d1241/content/conversions/a7WRo0m6/videos/mhTcjWU4-26910841.mp4
imageUrl:: https://assets-jpcust.jwpsrv.com/thumbnails/n9yv0zi5-1920.jpg
notFoundMediaUrls: [
  {
    id: 'mhTcjWU4',
    videoUrl: 'https://videos-cloudfront.jwpsrv.com/69c7e571_11811d4de7a99cad0077a0c796872e8b1b8d1241/content/conversions/a7WRo0m6/videos/mhTcjWU4-26910841.mp4'
  },
  {
    id: 'mhTcjWU4',
    imageUrl: 'https://assets-jpcust.jwpsrv.com/thumbnails/n9yv0zi5-1920.jpg'
  }
]
Media found for: GHbkDoY8  header:  video/mp4
Media found for: zEjG7nhB  header:  video/mp4
Media found for: y6srWVBk  header:  video/mp4
Media found for: T0fM74sa  header:  video/mp4
Media found for: bnYZiAe1  header:  video/mp4
Media found for: pYKN3mLi  header:  video/mp4
Media found for: OX0bc5Ns  header:  video/mp4
Media found for: t4IRrxYo  header:  video/mp4
Media found for: jWDhVLgf  header:  video/mp4
Media found for: 42oAiKuu  header:  video/mp4
Media found for: qpQTKI4P  header:  video/mp4
Media found for: PZ1uS8mH  header:  video/mp4
Media found for: gEpAm3io  header:  video/mp4
Media found for: 8KCxl0xN  header:  video/mp4
Media found for: DD84wR0P  header:  video/mp4
Media found for: YOJ7tHW7  header:  video/mp4
Media found for: CGzYkfMS  header:  video/mp4
Media found for: iO9XElaw  header:  video/mp4
Media found for: W4pE2ApY  header:  video/mp4
Media found for: Gc5I12p8  header:  video/mp4
Media found for: uNlo9cJQ  header:  video/mp4
Media found for: Gh169e2m  header:  video/mp4
Media found for: Ptq9UzGN  header:  video/mp4
Media found for: G6c6ZumJ  header:  video/mp4
Media NOT FOUND FOR ID: nx0tUFQV
url: https://cdn.jwplayer.com/v2/sites/a7WRo0m6/media/nx0tUFQV/playback.json?token=eyJhbGciOiJIUzI1NiIsInR5cCI6IkpXVCJ9.eyJyZXNvdXJjZSI6Ii92Mi9zaXRlcy9hN1dSbzBtNi9tZWRpYS9ueDB0VUZRVi9wbGF5YmFjay5qc29uIiwiZXhwIjoxNzc0NjY4NjAwfQ.-lk1C-OpeWu6gmoCb2Vr_uNSkzMeVRikAn1pl1bmpbI
videoUrl:: https://videos-cloudfront.jwpsrv.com/69c7e569_0f0ec5e2f8c628a218c9f2a960b35413def86675/content/conversions/a7WRo0m6/videos/nx0tUFQV-26910841.mp4
imageUrl:: https://assets-jpcust.jwpsrv.com/thumbnails/nwxym1uk-1920.jpg
notFoundMediaUrls: [
  {
    id: 'nx0tUFQV',
    videoUrl: 'https://videos-cloudfront.jwpsrv.com/69c7e569_0f0ec5e2f8c628a218c9f2a960b35413def86675/content/conversions/a7WRo0m6/videos/nx0tUFQV-26910841.mp4'
  },
  {
    id: 'nx0tUFQV',
    imageUrl: 'https://assets-jpcust.jwpsrv.com/thumbnails/nwxym1uk-1920.jpg'
  }
]
Media found for: Ez6gRGE0  header:  video/mp4
Media found for: 2IDIePlJ  header:  video/mp4
Media found for: dWuM3DHc  header:  video/mp4
Media found for: vLm4ljk0  header:  video/mp4
Media found for: yECZrNR9  header:  video/mp4
Media found for: 6wFfFcS1  header:  video/mp4
Media found for: 4tuqqOaL  header:  video/mp4
Media found for: aI28s8RE  header:  video/mp4
Media found for: Zyv9woZ8  header:  video/mp4
Media found for: uOvHFpPh  header:  video/mp4
Media found for: 0YIqpP4T  header:  video/mp4
Media found for: e7Pt5BeL  header:  video/mp4
Media found for: bYptWVYV  header:  video/mp4
Media found for: N88HOqko  header:  video/mp4
Media found for: U3BOyouI  header:  video/mp4
Media found for: iSKzPzG6  header:  video/mp4
Media found for: r393ulEA  header:  video/mp4
Media found for: G727fIzJ  header:  video/mp4
Media NOT FOUND FOR ID: ZGgV0BJ0
url: https://cdn.jwplayer.com/v2/sites/a7WRo0m6/media/ZGgV0BJ0/playback.json?token=eyJhbGciOiJIUzI1NiIsInR5cCI6IkpXVCJ9.eyJyZXNvdXJjZSI6Ii92Mi9zaXRlcy9hN1dSbzBtNi9tZWRpYS9aR2dWMEJKMC9wbGF5YmFjay5qc29uIiwiZXhwIjoxNzc0NjY4NjAwfQ.InDoVUeEEQagj29VJORdkRT5pF6xGhV5uRXlsSyDMLU
videoUrl:: https://videos-cloudfront.jwpsrv.com/69c7e56f_726a4bdc60d1d820822ec097d0e15d3eec971c66/content/conversions/a7WRo0m6/videos/ZGgV0BJ0-26910841.mp4
imageUrl:: https://assets-jpcust.jwpsrv.com/thumbnails/qdomde1v-1920.jpg
notFoundMediaUrls: [
  {
    id: 'ZGgV0BJ0',
    videoUrl: 'https://videos-cloudfront.jwpsrv.com/69c7e56f_726a4bdc60d1d820822ec097d0e15d3eec971c66/content/conversions/a7WRo0m6/videos/ZGgV0BJ0-26910841.mp4'
  },
  {
    id: 'ZGgV0BJ0',
    imageUrl: 'https://assets-jpcust.jwpsrv.com/thumbnails/qdomde1v-1920.jpg'
  }
]
Media found for: 3ZVhYbtw  header:  video/mp4
Media found for: 3VEjkaC4  header:  video/mp4
Media found for: SLaj83fJ  header:  video/mp4
Media found for: B5Q4jxtk  header:  video/mp4
Media found for: KizdRDEW  header:  video/mp4
Media found for: sgtQdQTC  header:  video/mp4
Media found for: s9zPCxR1  header:  video/mp4
Media found for: Cqv2jIwC  header:  video/mp4
Media found for: sJiCW7IP  header:  video/mp4
Media found for: sAgBDZE4  header:  video/mp4
Media found for: jF3pCoeG  header:  video/mp4
Media found for: fLkfLrfC  header:  video/mp4
Media NOT FOUND FOR ID: OiGAW1Db
url: https://cdn.jwplayer.com/v2/sites/a7WRo0m6/media/OiGAW1Db/playback.json?token=eyJhbGciOiJIUzI1NiIsInR5cCI6IkpXVCJ9.eyJyZXNvdXJjZSI6Ii92Mi9zaXRlcy9hN1dSbzBtNi9tZWRpYS9PaUdBVzFEYi9wbGF5YmFjay5qc29uIiwiZXhwIjoxNzc0NjY4NjAwfQ.xzZBPHvcAZ9lNFOAnVPSId30nTNEoQP-mjtagd9yeh8
videoUrl:: https://videos-cloudfront.jwpsrv.com/69c7e4ff_a07c8ebd52695b434b6a04a88c4b100eed5e233a/content/conversions/a7WRo0m6/videos/OiGAW1Db-26910841.mp4
imageUrl:: https://assets-jpcust.jwpsrv.com/thumbnails/pvw2v54m-1920.jpg
notFoundMediaUrls: [
  {
    id: 'OiGAW1Db',
    videoUrl: 'https://videos-cloudfront.jwpsrv.com/69c7e4ff_a07c8ebd52695b434b6a04a88c4b100eed5e233a/content/conversions/a7WRo0m6/videos/OiGAW1Db-26910841.mp4'
  },
  {
    id: 'OiGAW1Db',
    imageUrl: 'https://assets-jpcust.jwpsrv.com/thumbnails/pvw2v54m-1920.jpg'
  }
]
Media found for: RvVsOq1U  header:  video/mp4
Media found for: u6N9uHjW  header:  video/mp4
Media found for: XLh5zDOA  header:  video/mp4
Media found for: ItqB7j5q  header:  video/mp4
Media found for: AlYX47sc  header:  video/mp4
Media found for: b9Menuml  header:  video/mp4
Media found for: PbTdJPv0  header:  video/mp4
Media found for: VVLxwql4  header:  video/mp4
Media found for: ZwRUZ57S  header:  video/mp4
Media found for: tBbL7JZk  header:  video/mp4
Media found for: kKx6TAja  header:  video/mp4
Media found for: yKU3tb0Z  header:  video/mp4
Media found for: M8EPrUn6  header:  video/mp4
Media found for: jyfLXC8y  header:  video/mp4
Media found for: DMKC41c2  header:  video/mp4
Media found for: l5zbJD6N  header:  video/mp4
Media found for: OIBqLZzl  header:  video/mp4
Media found for: rb4qlWvu  header:  video/mp4
Media found for: u15VmmzV  header:  video/mp4
Media found for: uRqB7aKn  header:  video/mp4
Media found for: ijjUXQnI  header:  video/mp4
Media found for: G5qjVEFK  header:  video/mp4
Media found for: 2skzDPQ0  header:  video/mp4
Media found for: Cc4xr8HY  header:  video/mp4
Media found for: AGVJO2JV  header:  video/mp4
Media found for: F8w9UnkR  header:  video/mp4
Media found for: Tnzyef9X  header:  video/mp4
Media found for: n90hVbMq  header:  video/mp4
Media NOT FOUND FOR ID: hEhEmBu7
url: https://cdn.jwplayer.com/v2/sites/a7WRo0m6/media/hEhEmBu7/playback.json?token=eyJhbGciOiJIUzI1NiIsInR5cCI6IkpXVCJ9.eyJyZXNvdXJjZSI6Ii92Mi9zaXRlcy9hN1dSbzBtNi9tZWRpYS9oRWhFbUJ1Ny9wbGF5YmFjay5qc29uIiwiZXhwIjoxNzc0NjY4NjAwfQ.cnNaUE06bom1sq_5aYPVeXqd0UXWLp1XUkuldJmaPVM
videoUrl:: https://videos-cloudfront.jwpsrv.com/69c7e5e2_ae6df64e15a2d26901c03f8e3f3369bce70f1e8c/content/conversions/a7WRo0m6/videos/hEhEmBu7-26910841.mp4
imageUrl:: https://assets-jpcust.jwpsrv.com/thumbnails/lnx1zpud-1920.jpg
notFoundMediaUrls: [
  {
    id: 'hEhEmBu7',
    videoUrl: 'https://videos-cloudfront.jwpsrv.com/69c7e5e2_ae6df64e15a2d26901c03f8e3f3369bce70f1e8c/content/conversions/a7WRo0m6/videos/hEhEmBu7-26910841.mp4'
  },
  {
    id: 'hEhEmBu7',
    imageUrl: 'https://assets-jpcust.jwpsrv.com/thumbnails/lnx1zpud-1920.jpg'
  }
]
Media found for: lWa4DyuP  header:  video/mp4
Media found for: eXOuHtzC  header:  video/mp4
Media found for: 1hDJNzxE  header:  video/mp4
Media found for: OR5R5eIk  header:  video/mp4
Media found for: d6GtQYTk  header:  video/mp4
Media found for: xhnYhstX  header:  video/mp4
Media found for: oarSrbqa  header:  video/mp4
Media found for: LPbED1Ik  header:  video/mp4
Media found for: 7U3pLoVw  header:  video/mp4
Media found for: 1o5taBvM  header:  video/mp4
Media found for: cA6lQB1t  header:  video/mp4
Media found for: B1XAdn1J  header:  video/mp4
Media found for: 5DXcN9Aa  header:  video/mp4
Media found for: d2mG9YZQ  header:  video/mp4
Media found for: sLkcoBdw  header:  video/mp4
Media found for: rbdqXKxr  header:  video/mp4
Media found for: rEWtCRID  header:  video/mp4
Media found for: Kbe1kMrX  header:  video/mp4
Media found for: sEl6cnGc  header:  video/mp4
Media found for: iOfQZLtW  header:  video/mp4
Media found for: PWSyY96N  header:  video/mp4
Media found for: OB7jSxTH  header:  video/mp4
Media found for: 4h5kEnWh  header:  video/mp4
Media found for: IDACoM5K  header:  video/mp4
Media found for: jrf4LjqZ  header:  video/mp4
Media found for: hlu8XxyP  header:  video/mp4
Media found for: czQYZlUa  header:  video/mp4
Media found for: 5pAmp8Mg  header:  video/mp4
Media found for: rW02F4Xq  header:  video/mp4
Media found for: jznFt094  header:  video/mp4
Media found for: 6UPl1QUM  header:  video/mp4
Media found for: gYbQSXMz  header:  video/mp4
Media found for: 3qHaKWDp  header:  video/mp4
Media found for: CC4WpYS2  header:  video/mp4
Media found for: 8DuJoCKz  header:  video/mp4
Media found for: wBUHYRWp  header:  video/mp4
Media found for: WSQrJDQQ  header:  video/mp4
Media found for: CxeOaCeL  header:  video/mp4
Media found for: UNLPSlr9  header:  video/mp4
Media found for: G7bViHfb  header:  video/mp4
Media found for: LrjO8Ht5  header:  video/mp4
Media found for: WUuJvd7D  header:  video/mp4
Media found for: I9GacLaO  header:  video/mp4
Media found for: KN17UFHL  header:  video/mp4
Media found for: ZrMsFUFC  header:  video/mp4
Media found for: ctp3x5bN  header:  video/mp4
Media found for: tFejCkzx  header:  video/mp4
Media found for: 0pR9algN  header:  video/mp4
Media found for: sHqHhxIc  header:  video/mp4
Media found for: 5LpgSBhY  header:  video/mp4
Media found for: w0fMObgd  header:  video/mp4
Media found for: XKz3Adkq  header:  video/mp4
Media found for: Vlebznt1  header:  video/mp4
Media found for: W1Kc3054  header:  video/mp4
Media found for: WErtoOVb  header:  video/mp4
Media found for: WfZH5w7Y  header:  video/mp4
Media found for: CbRvBqDN  header:  video/mp4
Media found for: bQdx5MRu  header:  video/mp4
Media found for: 9CihYcIN  header:  video/mp4
Media found for: P39JNcRm  header:  video/mp4
Media found for: qWwrwOku  header:  video/mp4
Media found for: MiWQFkpe  header:  video/mp4
Media found for: 0UUVjBHl  header:  video/mp4
Media found for: 9yoFTWhq  header:  video/mp4
Media found for: nRBufDDm  header:  video/mp4
Media found for: o6u2Cpvf  header:  video/mp4
Media found for: z6wIcUt3  header:  video/mp4
Media found for: hAq6o527  header:  video/mp4
Media found for: KgrKVaqh  header:  video/mp4
Media found for: prSQBXwp  header:  video/mp4
Media found for: LxL2MKjk  header:  video/mp4
Media found for: UWbDfm3r  header:  video/mp4
Media found for: G07ISldu  header:  video/mp4
Media found for: Hz4NmmW7  header:  video/mp4
Media found for: NsyaTRdf  header:  video/mp4
Media found for: va2HCUAo  header:  video/mp4
Media found for: ZB8ckpMy  header:  video/mp4
Media found for: gu4OgFUK  header:  video/mp4
Media found for: EUbabfMd  header:  video/mp4
Media found for: Xfe0vwal  header:  video/mp4
Media found for: AqePNB7T  header:  video/mp4
Media found for: 0LaisKY4  header:  video/mp4
Media found for: 9ZMTQuXL  header:  video/mp4
Media found for: 2hdAVMmR  header:  video/mp4
Media found for: 5HsihKuy  header:  video/mp4
Media found for: FfWSWMtl  header:  video/mp4
Media found for: xezNURC5  header:  video/mp4
Media found for: 1U2cL6qY  header:  video/mp4
Media found for: 0kWH6d2r  header:  video/mp4
Media found for: 0Sqnoqlp  header:  video/mp4
Media found for: JCQOEL9t  header:  video/mp4
Media found for: UNRwBEp2  header:  video/mp4
Media found for: PQxTMxK3  header:  video/mp4
Media found for: KowKPn2j  header:  video/mp4
Media found for: GKB5wE0S  header:  video/mp4
Media found for: g63aX9XQ  header:  video/mp4
Media found for: 8us3YMMX  header:  video/mp4
Media found for: BU41lXgg  header:  video/mp4
Media found for: cHNJPzUQ  header:  video/mp4
Media found for: PCEqReaV  header:  video/mp4
Media found for: JzyudNsG  header:  video/mp4
Media found for: pxJUj6WB  header:  video/mp4
Media found for: OlhNpPG4  header:  video/mp4
Media found for: pJdB2PBl  header:  video/mp4
Media found for: wgBj3l8n  header:  video/mp4
Media found for: 7BiqnI6N  header:  video/mp4
Media found for: ORVYrSGR  header:  video/mp4
Media found for: em0NBOnn  header:  video/mp4
Media found for: GLF1ssLF  header:  video/mp4
Media found for: fSxjEAsz  header:  video/mp4
Media found for: CeV02n2B  header:  video/mp4
Media found for: GJL8M0K0  header:  video/mp4
Media found for: YKVQv3Pv  header:  video/mp4
Media found for: eLmjFgC8  header:  video/mp4
Media found for: JwNcDsSj  header:  video/mp4
Media found for: YLj27NnE  header:  video/mp4
Media found for: 4f0HRZrW  header:  video/mp4
Media found for: gPb3Ga9v  header:  video/mp4
Media found for: 1QUgRXVu  header:  video/mp4
Media found for: GYJBfxfX  header:  video/mp4
Media found for: 5iMYwwmc  header:  video/mp4
Media found for: uqmanBRH  header:  video/mp4
Media found for: fBb5DFrk  header:  video/mp4
Media found for: 2PDdkgVf  header:  video/mp4
Media found for: HOLgKhr5  header:  video/mp4
Media found for: VHwNkEVN  header:  video/mp4
Media found for: MG5DB69p  header:  video/mp4
Media found for: 6GpoWI7m  header:  video/mp4
Media found for: bb3Xagcp  header:  video/mp4
Media found for: 82shgviV  header:  video/mp4
Media found for: ohFYVA6P  header:  video/mp4
Media found for: 01grJ4Ca  header:  video/mp4
Media found for: uFk3x39h  header:  video/mp4
Media found for: 5BVYnLyH  header:  video/mp4
Media found for: lVz2cbEY  header:  video/mp4
Media found for: EbZx7aVY  header:  video/mp4
Media found for: oJJyfLXN  header:  video/mp4
Media found for: GDsFyRUO  header:  video/mp4
Media found for: xQpTSYlj  header:  video/mp4
Media found for: biNXzMaH  header:  video/mp4
Media found for: v7VmW4XC  header:  video/mp4
Media found for: S0jPVpgF  header:  video/mp4
Media found for: GxAJc44j  header:  video/mp4
Media found for: J8LgkCx5  header:  video/mp4
Media found for: jfm8TwGc  header:  video/mp4
Media found for: uXpxVUd3  header:  video/mp4
Media found for: sLgpF8KC  header:  video/mp4
Media found for: cB3BtpL9  header:  video/mp4
Media found for: phLxwY3O  header:  video/mp4
Media found for: yiVt5PGJ  header:  video/mp4
Media found for: SEXMjPvW  header:  video/mp4
Media found for: gql8g1ST  header:  video/mp4
Media found for: GnckprBe  header:  video/mp4
Media found for: P8JXuImR  header:  video/mp4
Media found for: ihI1bnQN  header:  video/mp4
Media found for: ofC49Xpd  header:  video/mp4
Media found for: RLivfW7U  header:  video/mp4
Media found for: tDJpDBMO  header:  video/mp4
Media found for: TcogyHoe  header:  video/mp4
Media found for: LIMz9zX6  header:  video/mp4
Media found for: crCW6uyE  header:  video/mp4
Media found for: jEUzxJfS  header:  video/mp4
Media found for: XVVWK9N6  header:  video/mp4
Media found for: NAYzUJr2  header:  video/mp4
Media found for: fzdkjVXX  header:  video/mp4
Media found for: bxxRVQej  header:  video/mp4
Media found for: GgfspVCH  header:  video/mp4
Media found for: vHYFpqoB  header:  video/mp4
Media found for: jJHw5T23  header:  video/mp4
Media found for: 7qvR2J5p  header:  video/mp4
Media found for: ahK6fZup  header:  video/mp4
Media found for: KxPcR2FZ  header:  video/mp4
Media found for: 4UuerdEh  header:  video/mp4
Media found for: NAMK4aHy  header:  video/mp4
Media found for: Lw3IelEE  header:  video/mp4
Media found for: Hweq4h5F  header:  video/mp4
Media found for: ME7ZIv0M  header:  video/mp4
Media found for: YW3pVRoQ  header:  video/mp4
Media found for: wwsAlpop  header:  video/mp4
Media found for: 5tjVEFf1  header:  video/mp4
Media found for: Y2qQfUxV  header:  video/mp4
Media found for: ZzZ6ILFR  header:  video/mp4
Media found for: QTlQufmK  header:  video/mp4
Media found for: OeNxgkOY  header:  video/mp4
Media found for: bA2odP0y  header:  video/mp4
Media found for: 6n75ISXX  header:  video/mp4
Media found for: ndpma1Tc  header:  video/mp4
Media found for: T64Mkner  header:  video/mp4
Media found for: 66YH9Aqp  header:  video/mp4
Media found for: 5a8oDY7v  header:  video/mp4
Media found for: 175oyKcx  header:  video/mp4
Media found for: 3vZcJlmi  header:  video/mp4
Media found for: gmuUYxLD  header:  video/mp4
Media found for: P96IVSVE  header:  video/mp4
Media found for: gb7hEYVv  header:  video/mp4
Media found for: BZW3Tc5p  header:  video/mp4
Media found for: n5DUHaYc  header:  video/mp4
Media found for: fEXHwum7  header:  video/mp4
Media found for: Iw1Rnms7  header:  video/mp4
Media found for: 9jBaZnVL  header:  video/mp4
Media found for: KONrTyxs  header:  video/mp4
Media found for: 8h5K5jEO  header:  video/mp4
Media found for: Q0ciTAtr  header:  video/mp4
Media found for: x5BP1Zwg  header:  video/mp4
Media found for: DL3YfHWJ  header:  video/mp4
Media found for: MOkcn90b  header:  video/mp4
Media found for: ZIreZTiv  header:  video/mp4
Media found for: GhSPMVgI  header:  video/mp4
Media found for: apiptqJH  header:  video/mp4
Media found for: uB9yH8yG  header:  video/mp4
Media found for: mmRG57rk  header:  video/mp4
Media found for: d7GC1PDR  header:  video/mp4
Media found for: v2Jp3krf  header:  video/mp4
Media found for: BKa5qmIB  header:  video/mp4
Media found for: EPQThCA9  header:  video/mp4
Media found for: 067XCJ29  header:  video/mp4
Media found for: ZzLfdjAN  header:  video/mp4
Media found for: eXSMB6m3  header:  video/mp4
Media found for: KcUrp1Gi  header:  video/mp4
Media found for: uVj6ACAZ  header:  video/mp4
Media found for: Oy5PltTt  header:  video/mp4
Media found for: fRqmm94L  header:  video/mp4
Media found for: srgS79uv  header:  video/mp4
Media found for: FL9UrYer  header:  video/mp4
Media found for: JP4qHKk0  header:  video/mp4
Media found for: OELwn2D7  header:  video/mp4
Media found for: oQBqahvN  header:  video/mp4
Media found for: RqgbVunY  header:  video/mp4
Media found for: HYLzBCyJ  header:  video/mp4
Media found for: hqB398Tx  header:  video/mp4
Media found for: DzwEUlKD  header:  video/mp4
Media found for: E79DUwDu  header:  video/mp4
Media found for: MKJ6fQzS  header:  video/mp4
Media found for: GQYodbfu  header:  video/mp4
Media found for: vTU0CzIS  header:  video/mp4
Media found for: QfaRXk7J  header:  video/mp4
Media found for: d3qpKIyc  header:  video/mp4
Media found for: jDihaVS5  header:  video/mp4
Media found for: Z8lmFVg4  header:  video/mp4
Media found for: kTUm7db4  header:  video/mp4
Media found for: fhXE9DPl  header:  video/mp4
Media found for: teoqAhxJ  header:  video/mp4
Media found for: wvESnV1c  header:  video/mp4
Media found for: l6BHdYTO  header:  video/mp4
Media found for: SuLiY7xy  header:  video/mp4
Media found for: 6FFC4zE3  header:  video/mp4
Media found for: mSUbTXiJ  header:  video/mp4
Media found for: rOJauusu  header:  video/mp4
Media found for: km2tsjw6  header:  video/mp4
Media found for: WPDaKPEL  header:  video/mp4
Media found for: mE4QZcYr  header:  video/mp4
Media found for: Vgmf2YHg  header:  video/mp4
Media found for: j0V99Hgc  header:  video/mp4
Media found for: E5t96D6Z  header:  video/mp4
Media found for: IoVzmMoR  header:  video/mp4
Media found for: ZGog3PCy  header:  video/mp4
Media found for: TRwXhgLB  header:  video/mp4
Media found for: X8zPtj1n  header:  video/mp4
Media found for: qeRvUWtK  header:  video/mp4
Media found for: e9im94js  header:  video/mp4
Media found for: lXnIZ6Q7  header:  video/mp4
Media found for: Uhuvyv5E  header:  video/mp4
Media found for: 2SABsZTA  header:  video/mp4
Media found for: 5i6efR8I  header:  video/mp4
Media found for: gF1hN4hi  header:  video/mp4
Media found for: K4faEuUm  header:  video/mp4
Media found for: nEItLUEa  header:  video/mp4
Media found for: e5zsVtTU  header:  video/mp4
Media found for: r3oMdOo7  header:  video/mp4
Media found for: z3uIVZYc  header:  video/mp4
Media found for: mcdao15m  header:  video/mp4
Media found for: 6hhS5j5f  header:  video/mp4
Media found for: TYrd0NHU  header:  video/mp4
Media found for: DBf58Rpk  header:  video/mp4
Media found for: GDGw75db  header:  video/mp4
Media found for: NjxSRhbs  header:  video/mp4
Media found for: AOPRaFWY  header:  video/mp4
Media found for: Q0zmv9he  header:  video/mp4
Media found for: Hnbew9uM  header:  video/mp4
Media found for: WMyJPlBr  header:  video/mp4
Media found for: DgG0cbpg  header:  video/mp4
Media found for: usDLXzgB  header:  video/mp4
Media found for: 9WXMQXby  header:  video/mp4
Media found for: GzZpIHks  header:  video/mp4
Media found for: o1XREsYR  header:  video/mp4
Media found for: N7XtIxni  header:  video/mp4
Media found for: r6hIlDuz  header:  video/mp4
Media found for: 8352tQ6U  header:  video/mp4
Media found for: 4BDzQywJ  header:  video/mp4
Media found for: U5TdN5Ma  header:  video/mp4
Media found for: U6UnQFik  header:  video/mp4
Media found for: Q0ED4TDC  header:  video/mp4
Media found for: n4QQraW9  header:  video/mp4
Media found for: WXmCAfGL  header:  video/mp4
Media found for: gZEKQLpR  header:  video/mp4
Media found for: eQK6COvv  header:  video/mp4
Media found for: C3bYZ7XN  header:  video/mp4
Media found for: DyulyeTv  header:  video/mp4
Media found for: YHtB8ynr  header:  video/mp4
Media found for: lH1nvkig  header:  video/mp4
Media found for: HKjqVuGr  header:  video/mp4
Media found for: xdfthCeN  header:  video/mp4
Media found for: KdiLQwDy  header:  video/mp4
Media found for: Y7EfYltt  header:  video/mp4
Media found for: 211g6xXf  header:  video/mp4
Media found for: CoK2UkuC  header:  video/mp4
Media found for: BnsKPG8O  header:  video/mp4
Media found for: zvqbN28S  header:  video/mp4
Media found for: 8iPMqopC  header:  video/mp4
Media found for: xOa8p98Y  header:  video/mp4
Media found for: ZWbaWC0I  header:  video/mp4
Media found for: b6Il9w0T  header:  video/mp4
Media found for: O7t6ogYR  header:  video/mp4
Media found for: JID1lBd1  header:  video/mp4
Media found for: eJ2tUXxi  header:  video/mp4
Media found for: j3jZteZ5  header:  video/mp4
Media found for: 6INiVmj8  header:  video/mp4
Media found for: 4GAL56Bv  header:  video/mp4
Media found for: Rj9i3wX5  header:  video/mp4
Media found for: n3sxlZ5C  header:  video/mp4
Media found for: b8AUrmTG  header:  video/mp4
Media found for: jVL4SHQe  header:  video/mp4
Media found for: EZ9Lv8SF  header:  video/mp4
Media found for: RfhucXly  header:  video/mp4
Media found for: bKzWHUBr  header:  video/mp4
Media found for: Kc5qAPKp  header:  video/mp4
Media found for: lucgFQS3  header:  video/mp4
Media found for: WO9YJAzj  header:  video/mp4
Media found for: rv1sBB8v  header:  video/mp4
Media found for: 5Jdft3dS  header:  video/mp4
Media found for: MKUku38h  header:  video/mp4
Media found for: HghIEopc  header:  video/mp4
Media found for: 6Gl7JnhN  header:  video/mp4
Media found for: RgR1B1jY  header:  video/mp4
Media found for: OeDK0dAE  header:  video/mp4
Media found for: C8HLneiD  header:  video/mp4
Media found for: wqnR7JUN  header:  video/mp4
Media found for: GZ2YCHYo  header:  video/mp4
Media found for: 4TYLwP44  header:  video/mp4
Media found for: SWivk5y0  header:  video/mp4
Media found for: vr0ZNAAN  header:  video/mp4
Media found for: ru6mmlH2  header:  video/mp4
Media found for: QlCVQmPt  header:  video/mp4
Media found for: BriijyXb  header:  video/mp4
Media found for: M7cyzHBl  header:  video/mp4
Media found for: PTXVFY9m  header:  video/mp4
Media found for: AVo7IST5  header:  video/mp4
Media found for: AG50RaDn  header:  video/mp4
Media found for: zULr66Qp  header:  video/mp4
Media found for: 1pF241BF  header:  video/mp4
Media found for: veUFtdnI  header:  video/mp4
Media found for: UC1khWg1  header:  video/mp4
Media found for: 1BtQgQhj  header:  video/mp4
Media found for: dS8yD3Ly  header:  video/mp4
Media found for: 81Th5KRo  header:  video/mp4
Media found for: hxeWR738  header:  video/mp4
Media found for: OvsP1Tfu  header:  video/mp4
Media found for: tuJRxrhi  header:  video/mp4
Media found for: EAO7lZpE  header:  video/mp4
Media found for: liR5Xipg  header:  video/mp4
Media found for: o0iYAR3l  header:  video/mp4
Media found for: neHD03ja  header:  video/mp4
Media found for: Zl61wrS1  header:  video/mp4
Media found for: PIKIrJZr  header:  video/mp4
Media found for: z237BHBX  header:  video/mp4
Media found for: VZH7fzCy  header:  video/mp4
Media found for: zcaq4L46  header:  video/mp4
Media found for: KA6iApBy  header:  video/mp4
Media found for: GlJWmxRX  header:  video/mp4
Media found for: wdb8Y9aJ  header:  video/mp4
Media found for: LG4bicmX  header:  video/mp4
Media found for: 2t1cv5ik  header:  video/mp4
Media found for: pDDlOMlE  header:  video/mp4
Media found for: oZ6u4mEm  header:  video/mp4
Media found for: isW5a3Ss  header:  video/mp4
Media found for: E4DkoSkB  header:  video/mp4
Media found for: NHaDdrtZ  header:  video/mp4
Media found for: tOFva2Y9  header:  video/mp4
Media found for: aNacHPrJ  header:  video/mp4
Media found for: ZuqnHkF1  header:  video/mp4
Media found for: QfwNj49p  header:  video/mp4
Media found for: MZWff2sP  header:  video/mp4
Media found for: YPGVd0bQ  header:  video/mp4
Media found for: rn614owK  header:  video/mp4
Media found for: iXRGtieA  header:  video/mp4
Media found for: NtFq9Qr3  header:  video/mp4
Media found for: XDRjqKfQ  header:  video/mp4
Media found for: IGj3h0zK  header:  video/mp4
Media found for: h74gS2Fw  header:  video/mp4
Media found for: MDdXZmvH  header:  video/mp4
Media found for: YGyjpGfz  header:  video/mp4
Media found for: YqEZYGc5  header:  video/mp4
Media found for: cqrqTBTr  header:  video/mp4
Media found for: dJaBJlHR  header:  video/mp4
Media found for: sG7YiPir  header:  video/mp4
Media found for: JiFU6tD9  header:  video/mp4
Media found for: tMcnY3jA  header:  video/mp4
Media found for: h3f9x614  header:  video/mp4
Media found for: yGR5CKWh  header:  video/mp4
Media found for: HE2rFU9p  header:  video/mp4
Media found for: 3sEbI318  header:  video/mp4
Media found for: aJUnXr49  header:  video/mp4
Media found for: 8I3Bl6E2  header:  video/mp4
Media found for: wyHOYHti  header:  video/mp4
Media found for: gD5wudjz  header:  video/mp4
Media found for: 6A1BdXDo  header:  video/mp4
Media found for: CRWZgZC3  header:  video/mp4
Media found for: 1G7XAkSi  header:  video/mp4
Media found for: 9NQa8X3d  header:  video/mp4
Media found for: grIzJPyr  header:  video/mp4
Media found for: Xr2kYXeU  header:  video/mp4
Media found for: HnZn8miL  header:  video/mp4
Media found for: fVOaGgIB  header:  video/mp4
Media found for: GAn63H12  header:  video/mp4
Media found for: pGun1RP1  header:  video/mp4
Media found for: mJRbuqLG  header:  video/mp4
Media found for: 1BRh8rcZ  header:  video/mp4
Media found for: QpiI4omJ  header:  video/mp4
Media found for: FoL9L5bi  header:  video/mp4
Media found for: f8KpDipp  header:  video/mp4
Media found for: SBtPEFzG  header:  video/mp4
Media found for: C3mp1XZ1  header:  video/mp4
Media found for: Drdk2KKI  header:  video/mp4
Media found for: bOTt6RGQ  header:  video/mp4
Media found for: 5O57vXed  header:  video/mp4
Media found for: VMgItfMq  header:  video/mp4
Media found for: NfaCCQ4P  header:  video/mp4
Media found for: YpPDy9uX  header:  video/mp4
Media found for: AplsfbqP  header:  video/mp4
Media found for: Oe4LHvDo  header:  video/mp4
Media found for: nHCPDwJd  header:  video/mp4
Media found for: yJVEh2Co  header:  video/mp4
Media found for: VO5JbtpX  header:  video/mp4
Media found for: XZ1ozkr7  header:  video/mp4
Media found for: EqpeExO5  header:  video/mp4
Media found for: AE3CaCTt  header:  video/mp4
Media found for: AH5TaOhd  header:  video/mp4
Media found for: NIMphMKl  header:  video/mp4
Media found for: U5vlI0q9  header:  video/mp4
Media found for: XZNOOCCl  header:  video/mp4
Media found for: aOLedRIk  header:  video/mp4
Media found for: 9WNBqhFq  header:  video/mp4
Media found for: gKbMbARj  header:  video/mp4
Media found for: 2owzGxdo  header:  video/mp4
Media found for: xzhtTI5n  header:  video/mp4
Media found for: 3T80W66u  header:  video/mp4
Media found for: hfT3Uxp2  header:  video/mp4
Media found for: jhEFF4tF  header:  video/mp4
Media found for: mVas03gU  header:  video/mp4
Media found for: KoOMIEQS  header:  video/mp4
Media found for: PEPsRlqf  header:  video/mp4
Media found for: 5cIP0Ow0  header:  video/mp4
Media found for: PneshwLF  header:  video/mp4
Media found for: MfQ5cDYh  header:  video/mp4
Media found for: fcDWPeGu  header:  video/mp4
Media found for: BrlIX4JY  header:  video/mp4
Media found for: RLNylhtF  header:  video/mp4
Media found for: pYuLWcVR  header:  video/mp4
Media found for: oBK8sr6S  header:  video/mp4
Media found for: jMnniT0N  header:  video/mp4
Media found for: Euh2q19Y  header:  video/mp4
Media found for: HSECgcpU  header:  video/mp4
Media found for: LePXDdFi  header:  video/mp4
Media found for: lcg5shSe  header:  video/mp4
Media found for: WFIw6eVI  header:  video/mp4
Media found for: C6fn1ICI  header:  video/mp4
Media found for: OdiWNaYS  header:  video/mp4
Media found for: D93XLxyh  header:  video/mp4
Media found for: ARkH1McH  header:  video/mp4
Media found for: CrSxcoBU  header:  video/mp4
Media found for: a1zYO857  header:  video/mp4
Media found for: 5uXYrR58  header:  video/mp4
Media found for: 1GHtQoZM  header:  video/mp4
Media found for: uw9tSEYT  header:  video/mp4
Media found for: 4DFiylGk  header:  video/mp4
Media found for: saFgwmid  header:  video/mp4
Media found for: syKpTiNS  header:  video/mp4
Media found for: HUx1PwTP  header:  video/mp4
Media found for: o7bslHGW  header:  video/mp4
Media found for: XOCb1OwK  header:  video/mp4
Media found for: EqF2svY2  header:  video/mp4
Media found for: 0Pf99GPh  header:  video/mp4
Media found for: aupQTFXB  header:  video/mp4
Media found for: pYY6Eywh  header:  video/mp4
Media found for: clXP1OR9  header:  video/mp4
Media found for: L5elMCCT  header:  video/mp4
Media found for: AcBF35HE  header:  video/mp4
Media found for: UniUBXe5  header:  video/mp4
Media found for: ZPqvY7UL  header:  video/mp4
Media found for: HBha3Pyb  header:  video/mp4
siteId is: hmPC8aAh
Media found for: uWxwagrK  header:  video/mp4
Media found for: Mrb1N3Q3  header:  video/mp4
Media found for: TwiKueSv  header:  video/mp4
Media found for: N6beZdwg  header:  video/mp4
Media found for: Y9Dr8qnD  header:  video/mp4
Media found for: Bo8CoMT8  header:  video/mp4
Media found for: tdfR8HhS  header:  video/mp4
Media found for: xOyCsZaK  header:  video/mp4
Media found for: 4eEw1Orv  header:  video/mp4
Media found for: 9ucX5XgO  header:  video/mp4
Media found for: eDVU2967  header:  video/mp4
Media found for: nEg6RlAz  header:  video/mp4
Media found for: MFTxKqzk  header:  video/mp4
Media found for: fHeaPnYD  header:  video/mp4
Media found for: 5whMrBk0  header:  video/mp4
Media found for: 8cFwUW0G  header:  video/mp4
Media found for: XYQZMxxn  header:  video/mp4
Media found for: TcU9KTQ6  header:  video/mp4
Media found for: rwRx3Dts  header:  video/mp4
Media found for: RZCjxu8m  header:  video/mp4
Media found for: wyNcYehN  header:  video/mp4
Media found for: LbfSQnNr  header:  video/mp4
Media found for: ktwLKreH  header:  video/mp4
Media found for: OzjsydlN  header:  video/mp4
Media found for: tOc6T7KD  header:  video/mp4
Media found for: Zk2loCZj  header:  video/mp4
Media found for: 6t6RRk3Y  header:  video/mp4
Media found for: dc8Z1WVw  header:  video/mp4
Media found for: DGSDe0L6  header:  video/mp4
Media found for: KVRYpK75  header:  video/mp4
Media found for: hqArxs0P  header:  video/mp4
Media found for: b8pzHuN0  header:  video/mp4
Media found for: kaVnE7Bh  header:  video/mp4
Media found for: vLCibkVO  header:  video/mp4
Media found for: duEorDpq  header:  video/mp4
Media found for: JAP2MFuW  header:  video/mp4
Media found for: Yh1mQUuf  header:  video/mp4
Media found for: 8gMtrK49  header:  video/mp4
Media found for: AH8yiT1j  header:  video/mp4
Media found for: YAkQOwGc  header:  video/mp4
Media found for: onw2s28D  header:  video/mp4
Media found for: NNZaFEb6  header:  video/mp4
Media found for: 69BysD0l  header:  video/mp4
Media found for: 3MrbgRVv  header:  video/mp4
Media found for: hmTa9o85  header:  video/mp4
Media found for: XJwsrVyo  header:  video/mp4
Media found for: 5qGnzO7s  header:  video/mp4
Media found for: OEjsohNx  header:  video/mp4
Media found for: UgWhqa9v  header:  video/mp4
Media found for: aq7ogEvB  header:  video/mp4
Media found for: 16LKfdNt  header:  video/mp4
Media found for: pFCcyrGA  header:  video/mp4
Media found for: omCvi5ek  header:  video/mp4
Media found for: zbpmfH0l  header:  video/mp4
Media found for: u5MRV3wb  header:  video/mp4
Media found for: y5MapUo2  header:  video/mp4
Media found for: 5qO1OC4L  header:  video/mp4
Media found for: JeCRuwE8  header:  video/mp4
Media found for: N3ABeBSg  header:  video/mp4
Media found for: RKQ62Zic  header:  video/mp4
Media found for: Xl4GUoKD  header:  video/mp4
Media found for: YzgyAlA2  header:  video/mp4
Media found for: Vvc24w6t  header:  video/mp4
Media found for: CiCv1B4p  header:  video/mp4
Media found for: LQVdDT2v  header:  video/mp4
Media found for: 2BHNh1bb  header:  video/mp4
Media found for: tdQltt6C  header:  video/mp4
Media found for: L3IVf4X2  header:  video/mp4
Media found for: rxyIpWd8  header:  video/mp4
Media found for: Oqesx2UZ  header:  video/mp4
Media found for: O1V4zmq8  header:  video/mp4
Media found for: M2juEne3  header:  video/mp4
Media found for: vVC3sKpT  header:  video/mp4
Media found for: aRbDyscb  header:  video/mp4
Media found for: hArGTk86  header:  video/mp4
Media found for: 9w3jBEQL  header:  video/mp4
Media found for: z9uH4i26  header:  video/mp4
Media found for: aDqLRzd1  header:  video/mp4
Media found for: xiAculdt  header:  video/mp4
Media found for: Fm6FGiVa  header:  video/mp4
Media found for: yhFqn5Na  header:  video/mp4
Media found for: geBj6pFk  header:  video/mp4
Media found for: CKxAHd5B  header:  video/mp4
Media found for: oBjhXyEk  header:  video/mp4
Media found for: be4LoyLu  header:  video/mp4
Media found for: xX5zfxDt  header:  video/mp4
Media found for: HyZwx0J3  header:  video/mp4
Media found for: CBTTkXas  header:  video/mp4
Media found for: i4q9XyPO  header:  video/mp4
Media found for: W0NwL2bn  header:  video/mp4
Media found for: hEqyNBej  header:  video/mp4
Media found for: DSIMpUMV  header:  video/mp4
Media found for: gqu0u14k  header:  video/mp4
Media found for: p4hYJlRw  header:  video/mp4
Media found for: vkvA8IYB  header:  video/mp4
Media found for: vbQqAq2t  header:  video/mp4
Media found for: 5yaiKpSz  header:  video/mp4
Media found for: OfMKjWTj  header:  video/mp4
Media found for: cETR8DTZ  header:  video/mp4
Media found for: zf6RSEZE  header:  video/mp4
Media found for: Ks6YV82j  header:  video/mp4
Media found for: 4bd66Lw0  header:  video/mp4
Media found for: 1sLVqXGF  header:  video/mp4
Media found for: CeCX51Fy  header:  video/mp4
Media found for: 4IaFHbMA  header:  video/mp4
Media found for: ytmQ8KcJ  header:  video/mp4
Media found for: pxq0RG0c  header:  video/mp4
Media found for: yqq4TKgn  header:  video/mp4
Media found for: I2rthEba  header:  video/mp4
Media found for: HhopBHk2  header:  video/mp4
Media found for: 53X4omaa  header:  video/mp4
Media found for: OYZ34ltW  header:  video/mp4
Media found for: EAMXFanS  header:  video/mp4
Media found for: 2XvsnmjF  header:  video/mp4
Media found for: bj0z2ncC  header:  video/mp4
Media found for: O0QgOjox  header:  video/mp4
Media found for: fBm9KzH7  header:  video/mp4
Media found for: 82wHnh8Y  header:  video/mp4
Media found for: qKWR2U9f  header:  video/mp4
Media found for: XgS6bPLh  header:  video/mp4
Media found for: 7vwtBFME  header:  video/mp4
Media found for: Ay835DDw  header:  video/mp4
Media found for: wKcCvotm  header:  video/mp4
Media found for: IWFTFS8k  header:  video/mp4
Media found for: hwz1SSwR  header:  video/mp4
Media found for: uLC1kwNE  header:  video/mp4
Media found for: URm3GV96  header:  video/mp4
Media found for: irCqtSO2  header:  video/mp4
Media found for: Lw4S9fkY  header:  video/mp4
Media found for: SMls4P63  header:  video/mp4
Media found for: UytsY3ZT  header:  video/mp4
Media found for: 7RE0Z1qQ  header:  video/mp4
Media found for: GBt9Fy3c  header:  video/mp4
Media found for: pI8AURvM  header:  video/mp4
Media found for: RyE6n23v  header:  video/mp4
Media found for: l4hgf5Ka  header:  video/mp4
Media found for: bbL2ZWxw  header:  video/mp4
Media found for: Bx7eVhFF  header:  video/mp4
Media found for: 1x3ujdHw  header:  video/mp4
Media found for: GP4aDgN0  header:  video/mp4
Media found for: NAQNeMIW  header:  video/mp4
Media found for: nKdittfI  header:  video/mp4
Media found for: yZztlQdx  header:  video/mp4
Media found for: hX6NxLEB  header:  video/mp4
Media found for: FPG8iezk  header:  video/mp4
Media found for: dgmH1lCN  header:  video/mp4
Media found for: qCwfeGuf  header:  video/mp4
Media found for: JOpIqevr  header:  video/mp4
Media found for: 1VsdYWll  header:  video/mp4
Media found for: d4WZSHRr  header:  video/mp4
Media found for: h54SdbLo  header:  video/mp4
Media found for: 49PDbBzd  header:  video/mp4
Media found for: W12EYgHN  header:  video/mp4
Media found for: GNVWzGNT  header:  video/mp4
Media found for: Hbj6Jh1M  header:  video/mp4
Media found for: LlZfe7jC  header:  video/mp4
Media found for: 7Mf1Zp0s  header:  video/mp4
Media found for: HXkJE76t  header:  video/mp4
Media found for: ixuwfKBy  header:  video/mp4
Media found for: KrTHBWEz  header:  video/mp4
Media found for: g1yX5b8V  header:  video/mp4
Media found for: xaQDahT8  header:  video/mp4
Media found for: NFzVPhRT  header:  video/mp4
Media found for: LqbMin3S  header:  video/mp4
Media found for: dIoIkwK3  header:  video/mp4
Media found for: KTCfAxHz  header:  video/mp4
Media found for: mTw5man6  header:  video/mp4
Media found for: UfT3r2W6  header:  video/mp4
Media found for: ML1EyOiS  header:  video/mp4
Media found for: VAoB1okh  header:  video/mp4
Media found for: eRfzHbpZ  header:  video/mp4
Media found for: qHKIP4Qn  header:  video/mp4
Media found for: kUMrtayh  header:  video/mp4
Media found for: eBs2CK6P  header:  video/mp4
Media found for: IFnwQq0W  header:  video/mp4
Media found for: gh8rLzW4  header:  video/mp4
Media found for: 2iEu6JUs  header:  video/mp4
Media found for: 5mYmfb4j  header:  video/mp4
Media found for: VCxm38Af  header:  video/mp4
Media found for: jYZJInQ7  header:  video/mp4
Media found for: nbw1KTrB  header:  video/mp4
Media found for: EXo5WeHb  header:  video/mp4
Media found for: HHc6h4of  header:  video/mp4
Media found for: 6Z6oXXZB  header:  video/mp4
Media found for: bcTh1U4l  header:  video/mp4
Media found for: 9DIrGMuP  header:  video/mp4
Media found for: 5fAKFeuo  header:  video/mp4
Media found for: XPHOEXfq  header:  video/mp4
Media found for: YCsrwxRq  header:  video/mp4
Media found for: a5jOoGoh  header:  video/mp4
Media found for: Mx9LOZBl  header:  video/mp4
Media found for: eEAip8XF  header:  video/mp4
Media found for: v0ELTcXh  header:  video/mp4
Media found for: 7GxuDKqL  header:  video/mp4
Media found for: KrkltjqY  header:  video/mp4
Media found for: XSDn5MqY  header:  video/mp4
Media found for: hCgtO0JN  header:  video/mp4
Media found for: 4zfBQmLr  header:  video/mp4
Media found for: adguMWhj  header:  video/mp4
Media found for: S4QzgPpd  header:  video/mp4
Media found for: ivOPxG6w  header:  video/mp4
Media found for: 7rO60DhS  header:  video/mp4
Media found for: tHz4wW11  header:  video/mp4
Media found for: 11NsCXNM  header:  video/mp4
Media found for: uxJYbvq9  header:  video/mp4
Media found for: 0Tp8z0pz  header:  video/mp4
Media found for: Y2LaWGbd  header:  video/mp4
Media found for: oP8VYSRN  header:  video/mp4
Media found for: vsKQENe4  header:  video/mp4
Media found for: YvVUWZqE  header:  video/mp4
Media found for: AocUH0JP  header:  video/mp4
Media found for: hVykeOx0  header:  video/mp4
Media found for: Sn3S0vHq  header:  video/mp4
Media found for: V9tlV1Y8  header:  video/mp4
Media found for: 8WJptlJD  header:  video/mp4
Media found for: qkdW8iva  header:  video/mp4
Media found for: B9NswwND  header:  video/mp4
Media found for: pUyRqGib  header:  video/mp4
Media found for: pDh9ViKS  header:  video/mp4
Media found for: 2T8x1eF3  header:  video/mp4
Media found for: qPs4iL6b  header:  video/mp4
Media found for: QMm8XEdB  header:  video/mp4
Media found for: ECirMk2j  header:  video/mp4
Media found for: nk6JZbc6  header:  video/mp4
Media found for: yxhY788b  header:  video/mp4
Media found for: Tcadg5tY  header:  video/mp4
Media found for: RwDPuvN3  header:  video/mp4
Media found for: Xns5r3U9  header:  video/mp4
Media found for: HpJemhwY  header:  video/mp4
Media found for: 3MCV8u6j  header:  video/mp4
Media found for: VOO4bV0y  header:  video/mp4
Media found for: TEb71jkf  header:  video/mp4
Media found for: VyypWj3d  header:  video/mp4
Media found for: kEqXNoxk  header:  video/mp4
Media found for: VP5Rdrer  header:  video/mp4
Media found for: Mt8U62zs  header:  video/mp4
Media found for: wfIqqLHv  header:  video/mp4
Media found for: oztVczqv  header:  video/mp4
Media found for: QnOcUA0Y  header:  video/mp4
Media found for: fkEUFB5A  header:  video/mp4
Media found for: 8EXk1AwP  header:  video/mp4
Media found for: 7DloSFhy  header:  video/mp4
Media found for: GkYf8awn  header:  video/mp4
Media found for: 4iZuvurl  header:  video/mp4
Media found for: QufIxBf4  header:  video/mp4
Media found for: 95twVbWr  header:  video/mp4
Media found for: K7EZMz2E  header:  video/mp4
Media found for: O5ipqmOl  header:  video/mp4
Media found for: OxqGeuwb  header:  video/mp4
Media found for: UqqeooJ7  header:  video/mp4
Media found for: Wlzoh8eF  header:  video/mp4
Media found for: xafe4yvZ  header:  video/mp4
Media found for: rNVOvy8i  header:  video/mp4
Media found for: je2WZ4F7  header:  video/mp4
Media found for: 5jvaE3gM  header:  video/mp4
Media found for: ZPE5Xjan  header:  video/mp4
Media found for: YiFu6D4G  header:  video/mp4
Media found for: t3GkbSSm  header:  video/mp4
Media found for: VHVMR0dv  header:  video/mp4
Media found for: Mb4AFBLi  header:  video/mp4
Media found for: YwthHVKo  header:  video/mp4
Media found for: d0kDrHXR  header:  video/mp4
Media found for: JiO5X6Nj  header:  video/mp4
Media found for: dRH4NlaI  header:  video/mp4
Media found for: glZdQSbj  header:  video/mp4
Media found for: vlNJ5TnA  header:  video/mp4
Media found for: EWJQXO8P  header:  video/mp4
Media found for: EdSkr1AA  header:  video/mp4
Media found for: 2tjw7GV0  header:  video/mp4
Media found for: vKaLmP1F  header:  video/mp4
Media found for: LzBukKXp  header:  video/mp4
Media found for: jUqcCnkI  header:  video/mp4
Media found for: EODn5nF7  header:  video/mp4
Media found for: JitRBwJE  header:  video/mp4
Media found for: 6cWOivi4  header:  video/mp4
Media found for: eVUa6e0v  header:  video/mp4
Media found for: WM9qOt8D  header:  video/mp4
Media found for: r63oxInk  header:  video/mp4
Media found for: hshpjaGz  header:  video/mp4
Media found for: 2u2QoA6D  header:  video/mp4
Media found for: Rb5sug8u  header:  video/mp4
Media found for: 34KZuCB0  header:  video/mp4
Media found for: zKrM81oQ  header:  video/mp4
Media found for: AKcOWiDv  header:  video/mp4
Media found for: NSUdXec0  header:  video/mp4
Media found for: ZZ5SO6D6  header:  video/mp4
Media found for: xoKybkfz  header:  video/mp4
Media found for: QxsBvtob  header:  video/mp4
Media found for: AcLV48bN  header:  video/mp4
Media found for: EzRk8h4P  header:  video/mp4
Media found for: OlyvDhV3  header:  video/mp4
Media found for: yvGsrsJN  header:  video/mp4
Media found for: 90SYuEMG  header:  video/mp4
Media found for: lwJhizvB  header:  video/mp4
Media found for: yhjYHO0p  header:  video/mp4
Media found for: uiTNzAfR  header:  video/mp4
Media found for: 38mWVqGa  header:  video/mp4
Media found for: 3TK6vSCg  header:  video/mp4
Media found for: yeKp9eLI  header:  video/mp4
Media found for: NJMzb4ku  header:  video/mp4
Media found for: l9kRZjB4  header:  video/mp4
Media found for: B9Y9hzWH  header:  video/mp4
Media found for: X0p9ZFrq  header:  video/mp4
Media found for: M9Ulek7U  header:  video/mp4
Media found for: eMHRTKdq  header:  video/mp4
Media found for: 7oposmdL  header:  video/mp4
Media found for: h9iyjCYb  header:  video/mp4
Media found for: oPMud4qn  header:  video/mp4
Media found for: Lk3QkWbj  header:  video/mp4
Media found for: hMasAncT  header:  video/mp4
Media found for: D2NKPBb2  header:  video/mp4
Media found for: MLGCp4oV  header:  video/mp4
Media found for: nkgoZidu  header:  video/mp4
Media found for: 6dutpMdF  header:  video/mp4
Media found for: fpk27GNU  header:  video/mp4
Media found for: CmVkuvEB  header:  video/mp4
Media found for: WaaRjOKH  header:  video/mp4
Media found for: 6sfjbWZT  header:  video/mp4
Media found for: xjLJRmZv  header:  video/mp4
Media found for: 0LDVmcxp  header:  video/mp4
Media found for: saCpQZvB  header:  video/mp4
Media found for: 3pat2Ngn  header:  video/mp4
Media found for: 99UPJYu7  header:  video/mp4
Media found for: vDIQSthe  header:  video/mp4
Media found for: HZwZ8Nre  header:  video/mp4
Media found for: IUo5ONF1  header:  video/mp4
Media found for: LULVBoLK  header:  video/mp4
Media found for: XjKNvCb7  header:  video/mp4
Media found for: tIq9o0jN  header:  video/mp4
Media found for: Cm5wWIxr  header:  video/mp4
Media found for: p5bg1Z4q  header:  video/mp4
Media found for: 5JlvGrCS  header:  video/mp4
Media found for: 0Igc7Zn3  header:  video/mp4
Media found for: c2HJuPOq  header:  video/mp4
Media found for: NY7ym2fB  header:  video/mp4
Media found for: Rwlw5pr5  header:  video/mp4
Media found for: mjZBcfkh  header:  video/mp4
Media found for: nXhnq1A7  header:  video/mp4
Media found for: tXShnmvn  header:  video/mp4
Media found for: VCGC9J2C  header:  video/mp4
Media found for: BKCxYMon  header:  video/mp4
Media found for: PT85HtQp  header:  video/mp4
Media found for: XtGLM4T3  header:  video/mp4
Media found for: LlKDvql0  header:  video/mp4
Media found for: ELElcapI  header:  video/mp4
Media found for: vSj2me8D  header:  video/mp4
Media found for: NaJQovSQ  header:  video/mp4
Media found for: deNu0n9w  header:  video/mp4
Media found for: gicbjmrI  header:  video/mp4
Media found for: LLZ8WXLN  header:  video/mp4
Media found for: Xs6zCe2e  header:  video/mp4
Media found for: CcuNevxl  header:  video/mp4
Media found for: qT5X57mM  header:  video/mp4
Media found for: D3SmJU9O  header:  video/mp4
Media found for: Pbc0BNvW  header:  video/mp4
Media found for: S93t6qRu  header:  video/mp4
Media found for: FDA7ib13  header:  video/mp4
Media found for: diZMOZK9  header:  video/mp4
Media found for: qFRjFhl2  header:  video/mp4
Media found for: obXEXNHY  header:  video/mp4
Media found for: WloGz6I1  header:  video/mp4
Media found for: DdbVhBvL  header:  video/mp4
Media found for: ZYMML46W  header:  video/mp4
Media found for: 2uE4MDZA  header:  video/mp4
Media found for: kICpvPIt  header:  video/mp4
Media found for: kVNbRpqn  header:  video/mp4
Media found for: q28QhIrZ  header:  video/mp4
Media found for: pIaUxK0E  header:  video/mp4
Media found for: 3EG2R06z  header:  video/mp4
Media found for: uuzP4c0T  header:  video/mp4
Media found for: PlVhToh6  header:  video/mp4
Media found for: 5eZIfVso  header:  video/mp4
Media found for: D4sqZXHE  header:  video/mp4
Media found for: LHBasgmU  header:  video/mp4
Media found for: TxMzL9x1  header:  video/mp4
Media found for: H98HGYnG  header:  video/mp4
Media found for: GHcvQAv2  header:  video/mp4
Media found for: kcrgtJol  header:  video/mp4
Media found for: 9j2X2GVC  header:  video/mp4
Media found for: PVfUWHuD  header:  video/mp4
Media found for: 6fvGHcvl  header:  video/mp4
Media found for: lldIA6IG  header:  video/mp4
Media found for: uGEALBRS  header:  video/mp4
Media found for: EKCD4HRK  header:  video/mp4
Media found for: 3m8CKt8G  header:  video/mp4
Media found for: N8EhVOTu  header:  video/mp4
Media found for: FkNRpdGR  header:  video/mp4
Media found for: D2BScB7m  header:  video/mp4
Media found for: TMY6lGro  header:  video/mp4
Media found for: CldyL0Yv  header:  video/mp4
Media found for: raKXyOxC  header:  video/mp4
Media found for: NJKlAldZ  header:  video/mp4
Media found for: t3h56xkT  header:  video/mp4
Media found for: vZPBy4ck  header:  video/mp4
Media found for: vR4QndWd  header:  video/mp4
Media found for: huwZlEP7  header:  video/mp4
Media found for: k4kSOr2H  header:  video/mp4
Media found for: E6Bgae1v  header:  video/mp4
Media found for: 45pay9MO  header:  video/mp4
Media found for: Ie0qaKuS  header:  video/mp4
Media found for: 9PwGPRJs  header:  video/mp4
Media found for: 68u1fjnt  header:  video/mp4
Media found for: CbP8nVhp  header:  video/mp4
Media found for: 1u06umWD  header:  video/mp4
Media found for: MqdkSy06  header:  video/mp4
Media found for: XOIWcFcF  header:  video/mp4
Media found for: FF65QsJ3  header:  video/mp4
Media found for: hqXIqMin  header:  video/mp4
Media found for: DT6McStt  header:  video/mp4
Media found for: SwBxq1EK  header:  video/mp4
Media found for: jnRNswIh  header:  video/mp4
Media found for: pfKnGaQP  header:  video/mp4
Media found for: Y1BxRuIM  header:  video/mp4
Media found for: 6zfD3c4P  header:  video/mp4
Media found for: jXbHt93i  header:  video/mp4
Media found for: 0Uu4eurr  header:  video/mp4
Media found for: c3NQnNIO  header:  video/mp4
Media found for: B2bwOXgb  header:  video/mp4
Media found for: 0CxjQ13f  header:  video/mp4
Media found for: ROnjDEE1  header:  video/mp4
Media found for: Bk6vlTXu  header:  video/mp4
Media found for: PvOcR7sb  header:  video/mp4
Media found for: ySWSf4pn  header:  video/mp4
Media found for: XWkoZIxO  header:  video/mp4
Media found for: ctPfQ8bL  header:  video/mp4
Media NOT FOUND FOR ID: UKHu5Qya
url: https://cdn.jwplayer.com/v2/sites/hmPC8aAh/media/UKHu5Qya/playback.json?token=eyJhbGciOiJIUzI1NiIsInR5cCI6IkpXVCJ9.eyJyZXNvdXJjZSI6Ii92Mi9zaXRlcy9obVBDOGFBaC9tZWRpYS9VS0h1NVF5YS9wbGF5YmFjay5qc29uIiwiZXhwIjoxNzc0NjY4OTAwfQ.LM93vjn8k2LQFII5jRpMTBUCYgid_0-wqFGWHNCJ84o
videoUrl:: https://videos-cloudfront.jwpsrv.com/69c7e7bd_3bbea829e5614c1e2ff3638715b64b69b93a09a2/content/conversions/hmPC8aAh/videos/UKHu5Qya-27042325.mp4
imageUrl:: https://assets-jpcust.jwpsrv.com/thumbnails/7jnj1ixl-1920.jpg
notFoundMediaUrls: [
  {
    id: 'UKHu5Qya',
    videoUrl: 'https://videos-cloudfront.jwpsrv.com/69c7e7bd_3bbea829e5614c1e2ff3638715b64b69b93a09a2/content/conversions/hmPC8aAh/videos/UKHu5Qya-27042325.mp4'
  },
  {
    id: 'UKHu5Qya',
    imageUrl: 'https://assets-jpcust.jwpsrv.com/thumbnails/7jnj1ixl-1920.jpg'
  }
]
Media found for: bcMYtok2  header:  video/mp4
Media found for: yLJ92VEo  header:  video/mp4
Media found for: auiX947x  header:  video/mp4
Media found for: ClpOdIUA  header:  video/mp4
Media found for: B0qNawdU  header:  video/mp4
Media found for: UCwBJxzo  header:  video/mp4
Media found for: sdMsmfat  header:  video/mp4
Media found for: RbURV1is  header:  video/mp4
Media found for: PrjYry2k  header:  video/mp4
Media found for: YWrXBxeB  header:  video/mp4
Media found for: T7ujLv6G  header:  video/mp4
Media found for: akAZDH9c  header:  video/mp4
Media found for: sEPRjMP0  header:  video/mp4
Media found for: ioAqRJhv  header:  video/mp4
Media found for: jvaNoUbd  header:  video/mp4
Media found for: x1lqSE9f  header:  video/mp4
Media NOT FOUND FOR ID: IY7V60l9
url: https://cdn.jwplayer.com/v2/sites/hmPC8aAh/media/IY7V60l9/playback.json?token=eyJhbGciOiJIUzI1NiIsInR5cCI6IkpXVCJ9.eyJyZXNvdXJjZSI6Ii92Mi9zaXRlcy9obVBDOGFBaC9tZWRpYS9JWTdWNjBsOS9wbGF5YmFjay5qc29uIiwiZXhwIjoxNzc0NjY4OTAwfQ.BFixMjF7v-qSU8yUeH8jb8A2EqXrAfkL4OkOKOarhsA
videoUrl:: https://videos-cloudfront.jwpsrv.com/69c7e7e2_61e8173c327f67a9cd8e80bfee82ce42a982ce6b/content/conversions/hmPC8aAh/videos/IY7V60l9-27042325.mp4
imageUrl:: https://assets-jpcust.jwpsrv.com/thumbnails/d7f2ghdp-1920.jpg
notFoundMediaUrls: [
  {
    id: 'IY7V60l9',
    videoUrl: 'https://videos-cloudfront.jwpsrv.com/69c7e7e2_61e8173c327f67a9cd8e80bfee82ce42a982ce6b/content/conversions/hmPC8aAh/videos/IY7V60l9-27042325.mp4'
  },
  {
    id: 'IY7V60l9',
    imageUrl: 'https://assets-jpcust.jwpsrv.com/thumbnails/d7f2ghdp-1920.jpg'
  }
]
Media found for: IiXS1RFi  header:  video/mp4
Media found for: u1qO917J  header:  video/mp4
Media found for: UZJI0Wev  header:  video/mp4
Media found for: DPai8It1  header:  video/mp4
Media found for: g0zeSiCt  header:  video/mp4
Media found for: lvrafFeJ  header:  video/mp4
Media found for: jZYywXfF  header:  video/mp4
Media found for: ufdcCNXp  header:  video/mp4
Media found for: sdd9fAGk  header:  video/mp4
Media found for: ms7jusBz  header:  video/mp4
Media found for: JJKCTzpB  header:  video/mp4
Media found for: acqVwypc  header:  video/mp4
Media found for: 5d3rQCXo  header:  video/mp4
Media found for: poA8JGYm  header:  video/mp4
Media found for: 8G05NKdA  header:  video/mp4
Media found for: RNzRS50a  header:  video/mp4
Media found for: sXHKQHON  header:  video/mp4
Media found for: gK1BDOT5  header:  video/mp4
Media found for: EaAFb2Ek  header:  video/mp4
Media found for: 00kXhChD  header:  video/mp4
Media found for: v0d7nDfN  header:  video/mp4
Media found for: 5r2wR5tB  header:  video/mp4
Media found for: ZlXRAGcy  header:  video/mp4
Media found for: 5pSSSNg6  header:  video/mp4
Media found for: EkIABz2L  header:  video/mp4
Media found for: rcXlBZ1l  header:  video/mp4
Media found for: 7BoMCKcL  header:  video/mp4
Media found for: rSP4TPMp  header:  video/mp4
Media found for: 6YX50E9s  header:  video/mp4
Media found for: 6bjQTfpn  header:  video/mp4
Media found for: jHlS3oEE  header:  video/mp4
Media found for: 77zCOQbB  header:  video/mp4
Media found for: Qe5xFiRC  header:  video/mp4
Media found for: rNZrxnYv  header:  video/mp4
Media found for: wQLKecVa  header:  video/mp4
Media found for: sfplQHaR  header:  video/mp4
Media found for: gw8EVHZS  header:  video/mp4
Media found for: PUhpqgIJ  header:  video/mp4
Media found for: ULr0oS7e  header:  video/mp4
Media found for: 6tLOcHw7  header:  video/mp4
Media found for: lwA3bUe8  header:  video/mp4
Media found for: a9v4yUDw  header:  video/mp4
Media found for: CRLe1TBd  header:  video/mp4
Media found for: fXX4PQE5  header:  video/mp4
Media found for: GZ1nTKP9  header:  video/mp4
Media found for: 4oEO3rtd  header:  video/mp4
Media found for: M4rrloyl  header:  video/mp4
Media found for: yNcF6f0N  header:  video/mp4
Media found for: CvxFILre  header:  video/mp4
Media found for: HhmP5d2o  header:  video/mp4
Media found for: ez1YQFkZ  header:  video/mp4
Media found for: MfODKQbA  header:  video/mp4
Media found for: 5FdObZL8  header:  video/mp4
Media found for: SOqj6H4V  header:  video/mp4
Media found for: UqmKlMy1  header:  video/mp4
Media found for: YaHr75iz  header:  video/mp4
Media found for: j2WDFuGE  header:  video/mp4
Media found for: U7u58m3r  header:  video/mp4
Media found for: 3Khpxm5B  header:  video/mp4
Media found for: jRqd9rRt  header:  video/mp4
Media found for: gkyvHYZP  header:  video/mp4
Media found for: LMQyE87b  header:  video/mp4
Media found for: 08FuZb8h  header:  video/mp4
Media found for: 01GSLAcA  header:  video/mp4
Media found for: jmfCirdd  header:  video/mp4
Media found for: 4ULHSFPX  header:  video/mp4
Media found for: pCctl16d  header:  video/mp4
Media found for: UzGZOdi4  header:  video/mp4
Media found for: 5cv9VyAa  header:  video/mp4
Media found for: O6gCkQmi  header:  video/mp4
Media found for: sIH4zTL6  header:  video/mp4
Media NOT FOUND FOR ID: fqQ7hikI
url: https://cdn.jwplayer.com/v2/sites/hmPC8aAh/media/fqQ7hikI/playback.json?token=eyJhbGciOiJIUzI1NiIsInR5cCI6IkpXVCJ9.eyJyZXNvdXJjZSI6Ii92Mi9zaXRlcy9obVBDOGFBaC9tZWRpYS9mcVE3aGlrSS9wbGF5YmFjay5qc29uIiwiZXhwIjoxNzc0NjY4OTAwfQ.qkjpOKg2BmNd8VtQzAfjbsaIyvutTjBOirG3tqaoaBE
videoUrl:: https://videos-cloudfront.jwpsrv.com/69c7e749_679d0c890db5f0b8aff34471f2121cacfa63a4d4/content/conversions/hmPC8aAh/videos/fqQ7hikI-27042320.mp4
imageUrl:: https://assets-jpcust.jwpsrv.com/thumbnails/o4gm0w28-1920.jpg
notFoundMediaUrls: [
  {
    id: 'fqQ7hikI',
    videoUrl: 'https://videos-cloudfront.jwpsrv.com/69c7e749_679d0c890db5f0b8aff34471f2121cacfa63a4d4/content/conversions/hmPC8aAh/videos/fqQ7hikI-27042320.mp4'
  },
  {
    id: 'fqQ7hikI',
    imageUrl: 'https://assets-jpcust.jwpsrv.com/thumbnails/o4gm0w28-1920.jpg'
  }
]
Media found for: 1pJBcKSl  header:  video/mp4
Media found for: 09Col6t2  header:  video/mp4
Media found for: hGkeqTDo  header:  video/mp4
Media found for: KKotY2FN  header:  video/mp4
Media found for: oVGkANLL  header:  video/mp4
Media NOT FOUND FOR ID: RdlujLlF
url: https://cdn.jwplayer.com/v2/sites/hmPC8aAh/media/RdlujLlF/playback.json?token=eyJhbGciOiJIUzI1NiIsInR5cCI6IkpXVCJ9.eyJyZXNvdXJjZSI6Ii92Mi9zaXRlcy9obVBDOGFBaC9tZWRpYS9SZGx1akxsRi9wbGF5YmFjay5qc29uIiwiZXhwIjoxNzc0NjY4OTAwfQ.p3wltn-muBV7V1QijndjrWZ9KcDTKINX5KI-ffoVBKE
videoUrl:: https://videos-cloudfront.jwpsrv.com/69c7e7ed_3b0e8eb61c9accc45408d8f2d40915cc0e8725ff/content/conversions/hmPC8aAh/videos/RdlujLlF-27042320.mp4
imageUrl:: https://assets-jpcust.jwpsrv.com/thumbnails/9d600rm1-1920.jpg
notFoundMediaUrls: [
  {
    id: 'RdlujLlF',
    videoUrl: 'https://videos-cloudfront.jwpsrv.com/69c7e7ed_3b0e8eb61c9accc45408d8f2d40915cc0e8725ff/content/conversions/hmPC8aAh/videos/RdlujLlF-27042320.mp4'
  },
  {
    id: 'RdlujLlF',
    imageUrl: 'https://assets-jpcust.jwpsrv.com/thumbnails/9d600rm1-1920.jpg'
  }
]
Media found for: YlREufvI  header:  video/mp4
Media found for: nWasIULV  header:  video/mp4
Media found for: HqoY2vgP  header:  video/mp4
Media found for: PDbJhIb0  header:  video/mp4
Media found for: hkVgkajX  header:  video/mp4
Media found for: G0YmpTj7  header:  video/mp4
Media found for: c8TwPCgg  header:  video/mp4
Media NOT FOUND FOR ID: uxlE048G
url: https://cdn.jwplayer.com/v2/sites/hmPC8aAh/media/uxlE048G/playback.json?token=eyJhbGciOiJIUzI1NiIsInR5cCI6IkpXVCJ9.eyJyZXNvdXJjZSI6Ii92Mi9zaXRlcy9obVBDOGFBaC9tZWRpYS91eGxFMDQ4Ry9wbGF5YmFjay5qc29uIiwiZXhwIjoxNzc0NjY4OTAwfQ.sxmf8lEfOKMTSvywYKItbGeEXWk8YwwH9kxx5OvphmE
videoUrl:: https://videos-cloudfront.jwpsrv.com/69c7e6f3_22337090f2025daacc848886d8b5dcb912f2ad08/content/conversions/hmPC8aAh/videos/uxlE048G-27042322.mp4
imageUrl:: https://assets-jpcust.jwpsrv.com/thumbnails/uc3dldbh-1920.jpg
notFoundMediaUrls: [
  {
    id: 'uxlE048G',
    videoUrl: 'https://videos-cloudfront.jwpsrv.com/69c7e6f3_22337090f2025daacc848886d8b5dcb912f2ad08/content/conversions/hmPC8aAh/videos/uxlE048G-27042322.mp4'
  },
  {
    id: 'uxlE048G',
    imageUrl: 'https://assets-jpcust.jwpsrv.com/thumbnails/uc3dldbh-1920.jpg'
  }
]
Media found for: omuWCNMi  header:  video/mp4
Media found for: DEzNhLwW  header:  video/mp4
Media found for: nODmLyI4  header:  video/mp4
Media found for: w3ModWzX  header:  video/mp4
Media found for: Z112qms6  header:  video/mp4
Media found for: osf4FUue  header:  video/mp4
Media found for: xQfK0tVc  header:  video/mp4
Media found for: N4DBEO8v  header:  video/mp4
Media found for: jrIU2zzz  header:  video/mp4
Media NOT FOUND FOR ID: pVULTDeL
url: https://cdn.jwplayer.com/v2/sites/hmPC8aAh/media/pVULTDeL/playback.json?token=eyJhbGciOiJIUzI1NiIsInR5cCI6IkpXVCJ9.eyJyZXNvdXJjZSI6Ii92Mi9zaXRlcy9obVBDOGFBaC9tZWRpYS9wVlVMVERlTC9wbGF5YmFjay5qc29uIiwiZXhwIjoxNzc0NjY4OTAwfQ.C_lNVPFaGF0VqAq-XybH3K3Bu3E_SzZLJ68NPRLZHHI
videoUrl:: https://videos-cloudfront.jwpsrv.com/69c7e794_3efe5dc8de472ca6dff040b289ddf87b6a01f9d3/content/conversions/hmPC8aAh/videos/pVULTDeL-27042325.mp4
imageUrl:: https://assets-jpcust.jwpsrv.com/thumbnails/omrjiksa-1920.jpg
notFoundMediaUrls: [
  {
    id: 'pVULTDeL',
    videoUrl: 'https://videos-cloudfront.jwpsrv.com/69c7e794_3efe5dc8de472ca6dff040b289ddf87b6a01f9d3/content/conversions/hmPC8aAh/videos/pVULTDeL-27042325.mp4'
  },
  {
    id: 'pVULTDeL',
    imageUrl: 'https://assets-jpcust.jwpsrv.com/thumbnails/omrjiksa-1920.jpg'
  }
]
Media found for: at7GPSH8  header:  video/mp4
Media found for: IOkMEcdi  header:  video/mp4
Media found for: UdRgATnO  header:  video/mp4
Media found for: 99Y8l5Uf  header:  video/mp4
Media found for: swE8E3i9  header:  video/mp4
Media NOT FOUND FOR ID: Ib7Taa7o
url: https://cdn.jwplayer.com/v2/sites/hmPC8aAh/media/Ib7Taa7o/playback.json?token=eyJhbGciOiJIUzI1NiIsInR5cCI6IkpXVCJ9.eyJyZXNvdXJjZSI6Ii92Mi9zaXRlcy9obVBDOGFBaC9tZWRpYS9JYjdUYWE3by9wbGF5YmFjay5qc29uIiwiZXhwIjoxNzc0NjY4OTAwfQ.D64W3cFrv9VK-zFFNwv2skpts81zZxXonz9CcUescRQ
videoUrl:: https://videos-cloudfront.jwpsrv.com/69c7e764_c7d9007e0e6fb9c65508c6b5523cc40a018cdd9d/content/conversions/hmPC8aAh/videos/Ib7Taa7o-27042325.mp4
imageUrl:: https://assets-jpcust.jwpsrv.com/thumbnails/yhheyda7-1920.jpg
notFoundMediaUrls: [
  {
    id: 'Ib7Taa7o',
    videoUrl: 'https://videos-cloudfront.jwpsrv.com/69c7e764_c7d9007e0e6fb9c65508c6b5523cc40a018cdd9d/content/conversions/hmPC8aAh/videos/Ib7Taa7o-27042325.mp4'
  },
  {
    id: 'Ib7Taa7o',
    imageUrl: 'https://assets-jpcust.jwpsrv.com/thumbnails/yhheyda7-1920.jpg'
  }
]
Media found for: pcMS9aGM  header:  video/mp4
Media found for: inXAjFEq  header:  video/mp4
Media found for: Qgf6i6Rq  header:  video/mp4
Media found for: 5l7lZtsw  header:  video/mp4
Media found for: y1Ves9uz  header:  video/mp4
Media found for: Q3ZceB5O  header:  video/mp4
Media found for: aoGlNem1  header:  video/mp4
Media found for: YjZyMl8R  header:  video/mp4
Media NOT FOUND FOR ID: JtK3HT6n
url: https://cdn.jwplayer.com/v2/sites/hmPC8aAh/media/JtK3HT6n/playback.json?token=eyJhbGciOiJIUzI1NiIsInR5cCI6IkpXVCJ9.eyJyZXNvdXJjZSI6Ii92Mi9zaXRlcy9obVBDOGFBaC9tZWRpYS9KdEszSFQ2bi9wbGF5YmFjay5qc29uIiwiZXhwIjoxNzc0NjY4OTAwfQ.X_7w8ldEDqn9Zfvpok-SWxe9pdhLD1wfEPNo7WPgMVE
videoUrl:: https://videos-cloudfront.jwpsrv.com/69c7e70f_24e55dba0413e9a5f0584164a8434872a745792f/content/conversions/hmPC8aAh/videos/JtK3HT6n-27042320.mp4
imageUrl:: https://assets-jpcust.jwpsrv.com/thumbnails/4xe5xaif-1920.jpg
notFoundMediaUrls: [
  {
    id: 'JtK3HT6n',
    videoUrl: 'https://videos-cloudfront.jwpsrv.com/69c7e70f_24e55dba0413e9a5f0584164a8434872a745792f/content/conversions/hmPC8aAh/videos/JtK3HT6n-27042320.mp4'
  },
  {
    id: 'JtK3HT6n',
    imageUrl: 'https://assets-jpcust.jwpsrv.com/thumbnails/4xe5xaif-1920.jpg'
  }
]
Media found for: 4XrbOjSS  header:  video/mp4
Media found for: jmO2bn2S  header:  video/mp4
Media found for: BZsAhmVq  header:  video/mp4
Media NOT FOUND FOR ID: jFUsZNuH
url: https://cdn.jwplayer.com/v2/sites/hmPC8aAh/media/jFUsZNuH/playback.json?token=eyJhbGciOiJIUzI1NiIsInR5cCI6IkpXVCJ9.eyJyZXNvdXJjZSI6Ii92Mi9zaXRlcy9obVBDOGFBaC9tZWRpYS9qRlVzWk51SC9wbGF5YmFjay5qc29uIiwiZXhwIjoxNzc0NjY4OTAwfQ.gr3rqJTQKI-WXANLMLB-JsTbXAjifPOiPaTtGGXE5t4
res error in fownloadMedia is: Not Found
err is: Error: Failed to fetch data
    at downloadMediaWorkflowForLeftOverIds (file:///var/www/Gymnastic_Bodies/gymnasticbodies.com/mediaScript.js:212:23)
    at process.processTicksAndRejections (node:internal/process/task_queues:95:5)
    at async checkForMedia (file:///var/www/Gymnastic_Bodies/gymnasticbodies.com/mediaScript.js:133:45)
    at async getAndCheckMedia (file:///var/www/Gymnastic_Bodies/gymnasticbodies.com/mediaScript.js:106:28)
    at async file:///var/www/Gymnastic_Bodies/gymnasticbodies.com/mediaScript.js:35:27
notFoundMediaUrls: undefined
Media NOT FOUND FOR ID: XfpG1LaE
url: https://cdn.jwplayer.com/v2/sites/hmPC8aAh/media/XfpG1LaE/playback.json?token=eyJhbGciOiJIUzI1NiIsInR5cCI6IkpXVCJ9.eyJyZXNvdXJjZSI6Ii92Mi9zaXRlcy9obVBDOGFBaC9tZWRpYS9YZnBHMUxhRS9wbGF5YmFjay5qc29uIiwiZXhwIjoxNzc0NjY4OTAwfQ.OTKJJGhrFROkxm3sYH7tYiWPWO0qFHLrlix2CPqc68s
res error in fownloadMedia is: Not Found
err is: Error: Failed to fetch data
    at downloadMediaWorkflowForLeftOverIds (file:///var/www/Gymnastic_Bodies/gymnasticbodies.com/mediaScript.js:212:23)
    at process.processTicksAndRejections (node:internal/process/task_queues:95:5)
    at async checkForMedia (file:///var/www/Gymnastic_Bodies/gymnasticbodies.com/mediaScript.js:133:45)
    at async getAndCheckMedia (file:///var/www/Gymnastic_Bodies/gymnasticbodies.com/mediaScript.js:106:28)
    at async file:///var/www/Gymnastic_Bodies/gymnasticbodies.com/mediaScript.js:35:27
notFoundMediaUrls: undefined
Media found for: OPHKAZDR  header:  video/mp4
Media found for: Mwa0wiUJ  header:  video/mp4
Media found for: mLrHq1Q0  header:  video/mp4
Media found for: VuoRoFnW  header:  video/mp4
Media found for: Z93z4hdz  header:  video/mp4
Media found for: eWwZkRa2  header:  video/mp4
Media found for: MOSN2H2H  header:  video/mp4
Media NOT FOUND FOR ID: C27NSsu6
url: https://cdn.jwplayer.com/v2/sites/hmPC8aAh/media/C27NSsu6/playback.json?token=eyJhbGciOiJIUzI1NiIsInR5cCI6IkpXVCJ9.eyJyZXNvdXJjZSI6Ii92Mi9zaXRlcy9obVBDOGFBaC9tZWRpYS9DMjdOU3N1Ni9wbGF5YmFjay5qc29uIiwiZXhwIjoxNzc0NjY4OTAwfQ.CqX3oa9H5JhE4YItow4ENkRClLTkwA1NPJ9aFOJUVH0
videoUrl:: https://videos-cloudfront.jwpsrv.com/69c7e70e_199b5588624371728b372ca2e5bff619e3f8957c/content/conversions/hmPC8aAh/videos/C27NSsu6-27042320.mp4
imageUrl:: https://assets-jpcust.jwpsrv.com/thumbnails/sdhxv0y1-1920.jpg
notFoundMediaUrls: [
  {
    id: 'C27NSsu6',
    videoUrl: 'https://videos-cloudfront.jwpsrv.com/69c7e70e_199b5588624371728b372ca2e5bff619e3f8957c/content/conversions/hmPC8aAh/videos/C27NSsu6-27042320.mp4'
  },
  {
    id: 'C27NSsu6',
    imageUrl: 'https://assets-jpcust.jwpsrv.com/thumbnails/sdhxv0y1-1920.jpg'
  }
]
Media found for: diFX6Eln  header:  video/mp4
Media found for: J1TlD1tV  header:  video/mp4
Media NOT FOUND FOR ID: bgXNzcep
url: https://cdn.jwplayer.com/v2/sites/hmPC8aAh/media/bgXNzcep/playback.json?token=eyJhbGciOiJIUzI1NiIsInR5cCI6IkpXVCJ9.eyJyZXNvdXJjZSI6Ii92Mi9zaXRlcy9obVBDOGFBaC9tZWRpYS9iZ1hOemNlcC9wbGF5YmFjay5qc29uIiwiZXhwIjoxNzc0NjY4OTAwfQ.d_5Vvqm_5cALbyqdmhivsCSN0JNAug9qYa27Z2bg6uQ
videoUrl:: https://videos-cloudfront.jwpsrv.com/69c7e7c6_ba6c383a89c7715313e84288fe72209af8986bfa/content/conversions/hmPC8aAh/videos/bgXNzcep-27042320.mp4
imageUrl:: https://assets-jpcust.jwpsrv.com/thumbnails/6u2ohlrq-1920.jpg
notFoundMediaUrls: [
  {
    id: 'bgXNzcep',
    videoUrl: 'https://videos-cloudfront.jwpsrv.com/69c7e7c6_ba6c383a89c7715313e84288fe72209af8986bfa/content/conversions/hmPC8aAh/videos/bgXNzcep-27042320.mp4'
  },
  {
    id: 'bgXNzcep',
    imageUrl: 'https://assets-jpcust.jwpsrv.com/thumbnails/6u2ohlrq-1920.jpg'
  }
]
Media found for: 3fYLcxKE  header:  video/mp4
Media found for: GSI3BdwX  header:  video/mp4
Media found for: p27gF1IA  header:  video/mp4
Media found for: CumrD3vW  header:  video/mp4
Media found for: dv3fDTHu  header:  video/mp4
Media found for: RjUTddQL  header:  video/mp4
Media found for: y1Aukwot  header:  video/mp4
Media found for: 3o98KK3H  header:  video/mp4
Media found for: kDN7cnxE  header:  video/mp4
Media found for: Wlt7YL08  header:  video/mp4
Media found for: McZSmgTw  header:  video/mp4
Media found for: O618fsgL  header:  video/mp4
Media found for: sYFymW6r  header:  video/mp4
Media found for: FO3lR1Ji  header:  video/mp4
Media found for: AUXCc0WV  header:  video/mp4
siteId is: rrdZdc0i
Media found for: kDhZgMxG  header:  video/mp4
Media found for: MCvqtTzP  header:  video/mp4
Media found for: vHDsi3Iw  header:  video/mp4
Media found for: 2FO5iqWe  header:  video/mp4
Media found for: lPIQcASe  header:  video/mp4
Media found for: Kep89jjx  header:  video/mp4
Media found for: pF75eJRq  header:  video/mp4
Media found for: zmI5rJxv  header:  video/mp4
Media found for: YFeypVui  header:  video/mp4
Media found for: mUj4q6KZ  header:  video/mp4
Media found for: m0tEAWty  header:  video/mp4
Media found for: 4TgzVEsH  header:  video/mp4
Media found for: 1i8YGAck  header:  video/mp4
Media found for: FKzl3w0F  header:  video/mp4
Media found for: UQvANWa8  header:  video/mp4
Media found for: d5URuw2L  header:  video/mp4
Media found for: U92LWEPM  header:  video/mp4
Media found for: qrnD5BwR  header:  video/mp4
Media found for: 34Mm4gqd  header:  video/mp4
Media found for: 10qWXbmP  header:  video/mp4
Media found for: EAHdBRPg  header:  video/mp4
Media found for: SBXXfuv8  header:  video/mp4
Media found for: y4x9GuyM  header:  video/mp4
Media found for: 4RFM7p57  header:  video/mp4
Media found for: 8gUfDise  header:  video/mp4
Media found for: 2RUGIHdQ  header:  video/mp4
Media found for: VoezQIfJ  header:  video/mp4
Media found for: taCgjPTu  header:  video/mp4
Media found for: xKbCx7ZN  header:  video/mp4
Media found for: Ck0Us3T6  header:  video/mp4
Media found for: EjiP35ps  header:  video/mp4
Media found for: iAgpVlM5  header:  video/mp4
Media found for: eCFM8lVt  header:  video/mp4
Media found for: hKILJ0qx  header:  video/mp4
Media found for: GFQpL72y  header:  video/mp4
Media found for: kHqb9QDy  header:  video/mp4
Media found for: dmwykHBJ  header:  video/mp4
Media found for: odUv3iaH  header:  video/mp4
Media found for: YtVaH7hy  header:  video/mp4
Media found for: jQVwYhxL  header:  video/mp4
Media found for: 4mnHuPu2  header:  video/mp4
Media found for: IUKdvKpz  header:  video/mp4
Media found for: CSY74Jlo  header:  video/mp4
Media found for: HsBewRB4  header:  video/mp4
Media found for: PYmemUv7  header:  video/mp4
Media found for: m95xukVA  header:  video/mp4
Media found for: QJmI0mgB  header:  video/mp4
Media found for: Hyppn5Yd  header:  video/mp4
Media found for: scvKadgF  header:  video/mp4
Media found for: Gcse9Lqy  header:  video/mp4
Media found for: VEvxTYZf  header:  video/mp4
Media found for: DPnhdiTS  header:  video/mp4
Media found for: nHFORVri  header:  video/mp4
Media found for: CvXWhINf  header:  video/mp4
Media found for: kcQtWZhZ  header:  video/mp4
Media found for: VmtEVzvb  header:  video/mp4
Media found for: 52nLxAF8  header:  video/mp4
Media found for: HZ8MHrdn  header:  video/mp4
Media found for: UawdRYtc  header:  video/mp4
Media found for: ihiZCQuy  header:  video/mp4
Media found for: MwHWEAdo  header:  video/mp4
Media found for: kh87yuxf  header:  video/mp4
Media found for: ktjZEqT8  header:  video/mp4
Media found for: FdkSQlah  header:  video/mp4
Media found for: gZjEXzzO  header:  video/mp4
Media found for: ipF8e5D3  header:  video/mp4
Media found for: ACDda8CM  header:  video/mp4
Media found for: 4Sg7P3K0  header:  video/mp4
Media found for: OZDEOuNk  header:  video/mp4
Media found for: GQNmogtX  header:  video/mp4
Media found for: jVTpI1T7  header:  video/mp4
Media found for: b0sDMobq  header:  video/mp4
Media found for: MYX03TKS  header:  video/mp4
Media found for: lb41tSij  header:  video/mp4
Media found for: X02Fk79y  header:  video/mp4
Media found for: owJKymkU  header:  video/mp4
Media found for: S4gxBvnO  header:  video/mp4
Media found for: NnEIvksA  header:  video/mp4
Media found for: PggPIkQm  header:  video/mp4
Media found for: Il2kTqLL  header:  video/mp4
Media found for: mYFDIydD  header:  video/mp4
Media found for: oSzgsCTP  header:  video/mp4
Media found for: 4p9gGq7I  header:  video/mp4
Media found for: HPRY1X3a  header:  video/mp4
Media found for: yTQnsMSW  header:  video/mp4
Media found for: gfJe8Rec  header:  video/mp4
Media found for: ahx5WtHb  header:  video/mp4
Media found for: rKCvcLj3  header:  video/mp4
Media found for: 0G8S7PhI  header:  video/mp4
Media found for: n3v4EDTt  header:  video/mp4
Media found for: t3xvqDdq  header:  video/mp4
Media found for: CXvkaXBl  header:  video/mp4
Media found for: Ej0QDuhA  header:  video/mp4
Media found for: 0lSK0cJJ  header:  video/mp4
Media found for: zdN64U49  header:  video/mp4
Media found for: viSIzFpa  header:  video/mp4
Media found for: ZjpB55Yp  header:  video/mp4
Media found for: qEJLI0iF  header:  video/mp4
Media found for: 6spRI4zS  header:  video/mp4
Media found for: r5HVDioq  header:  video/mp4
Media found for: 1ljnKVdH  header:  video/mp4
Media found for: Yn7saeLf  header:  video/mp4
Media found for: RThUBl5R  header:  video/mp4
Media found for: NbCFU5dH  header:  video/mp4
Media found for: DGhF5Dk4  header:  video/mp4
Media found for: CyikVZgX  header:  video/mp4
Media found for: 4ck6ZjQV  header:  video/mp4
Media found for: bDisCUQc  header:  video/mp4
Media found for: XiOUgM6b  header:  video/mp4
Media found for: porhlfMV  header:  video/mp4
Media found for: i2DLB4gE  header:  video/mp4
Media found for: w1HBy0SD  header:  video/mp4
Media found for: x5jtWAWt  header:  video/mp4
Media found for: 5M5Isqyj  header:  video/mp4
Media found for: StE77tNx  header:  video/mp4
Media found for: sqeJoIm2  header:  video/mp4
Media found for: XmDswn3f  header:  video/mp4
Media found for: l2JW5S8Z  header:  video/mp4
Media found for: kZjQWBSj  header:  video/mp4
Media found for: Joxmmu01  header:  video/mp4
Media found for: LGyRhhc3  header:  video/mp4
Media found for: 0wOi4aRF  header:  video/mp4
Media found for: jS7Q4WwZ  header:  video/mp4
Media found for: hu2GaQTu  header:  video/mp4
Media found for: gT1purWR  header:  video/mp4
Media found for: WT9wJMiI  header:  video/mp4
Media found for: RP1IKeLd  header:  video/mp4
Media found for: GEXwByOR  header:  video/mp4
Media found for: BJVcDce1  header:  video/mp4
Media NOT FOUND FOR ID: cXSX6spq
url: https://cdn.jwplayer.com/v2/sites/rrdZdc0i/media/cXSX6spq/playback.json?token=eyJhbGciOiJIUzI1NiIsInR5cCI6IkpXVCJ9.eyJyZXNvdXJjZSI6Ii92Mi9zaXRlcy9ycmRaZGMwaS9tZWRpYS9jWFNYNnNwcS9wbGF5YmFjay5qc29uIiwiZXhwIjoxNzc0NjY4OTAwfQ.OVT7VGAXp3rlMdejDwzH-BxJw2gNq5Clz8aj3tMcq6Y
videoUrl:: https://videos-cloudfront.jwpsrv.com/69c7e79e_359e4fc333fca709b3254a249cfa43e998fd6026/content/conversions/rrdZdc0i/videos/cXSX6spq-27419446.mp4
imageUrl:: https://assets-jpcust.jwpsrv.com/thumbnails/hl6a4vl0-1920.jpg
notFoundMediaUrls: [
  {
    id: 'cXSX6spq',
    videoUrl: 'https://videos-cloudfront.jwpsrv.com/69c7e79e_359e4fc333fca709b3254a249cfa43e998fd6026/content/conversions/rrdZdc0i/videos/cXSX6spq-27419446.mp4'
  },
  {
    id: 'cXSX6spq',
    imageUrl: 'https://assets-jpcust.jwpsrv.com/thumbnails/hl6a4vl0-1920.jpg'
  }
]
Media found for: qhRfk8z1  header:  video/mp4
Media found for: PinS4XhF  header:  video/mp4
Media found for: 6pucwppt  header:  video/mp4
Media found for: Pjn4Obd8  header:  video/mp4
Media found for: ugyTOMql  header:  video/mp4
Media found for: I2dcnA6P  header:  video/mp4
Media found for: cionXZpq  header:  video/mp4
Media found for: kZENpMhB  header:  video/mp4
Media found for: FWbdeYCs  header:  video/mp4
Media found for: dlZQLbJh  header:  video/mp4
Media found for: hvfvphYd  header:  video/mp4
Media found for: TgnQkIkL  header:  video/mp4
Media found for: GMYbalur  header:  video/mp4
Media found for: PjmihESC  header:  video/mp4
Media found for: fnOUb8b5  header:  video/mp4
Media found for: 9OZcP47o  header:  video/mp4
Media found for: lZa5clwj  header:  video/mp4
Media found for: cdvRpLsa  header:  video/mp4
Media found for: 4Hqkwt1a  header:  video/mp4
Media found for: Oo2uD34o  header:  video/mp4
Media found for: CmBqFNpu  header:  video/mp4
Media found for: hcfJ8z3T  header:  video/mp4
Media found for: 5ObgHSjD  header:  video/mp4
Media found for: nvYohqLJ  header:  video/mp4
Media found for: 6Eag3sGE  header:  video/mp4
Media found for: nNRdmMD5  header:  video/mp4
Media found for: CDo87dIi  header:  video/mp4
Media found for: wPMP3RvH  header:  video/mp4
Media found for: LMAFvFrU  header:  video/mp4
Media found for: AXHS49rq  header:  video/mp4
Media found for: fls6hddP  header:  video/mp4
Media found for: XVCz9DvB  header:  video/mp4
Media found for: BqvBiSPa  header:  video/mp4
Media found for: A20LXksb  header:  video/mp4
Media found for: NytuOFQC  header:  video/mp4
Media found for: 4ixdfgKA  header:  video/mp4
Media found for: tG1yefc4  header:  video/mp4
Media found for: 7FuNZy9M  header:  video/mp4
Media found for: fnxsJSed  header:  video/mp4
Media found for: vA45ukEG  header:  video/mp4
Media found for: XhM1l0O9  header:  video/mp4
Media found for: ZDEf9ygH  header:  video/mp4
Media found for: HaZkadFC  header:  video/mp4
Media found for: aO9glf1y  header:  video/mp4
Media found for: ft9CaAUi  header:  video/mp4
Media found for: 6fQRb2An  header:  video/mp4
Media found for: wtgVRYTi  header:  video/mp4
Media found for: SHizxoM3  header:  video/mp4
Media found for: GBQQJs5p  header:  video/mp4
Media found for: L33ctSva  header:  video/mp4
Media found for: sRvBKNPY  header:  video/mp4
Media found for: 8DiX4B3m  header:  video/mp4
Media found for: rBBoHpmb  header:  video/mp4
Media found for: QsO2XrbZ  header:  video/mp4
Media found for: fXeK3XKr  header:  video/mp4
Media found for: a1eIwSBU  header:  video/mp4
Media found for: vgPh3jtO  header:  video/mp4
Media found for: LJ8go4F4  header:  video/mp4
Media found for: emSkNP1c  header:  video/mp4
Media found for: XR4pT3rP  header:  video/mp4
Media found for: IUVYdB1K  header:  video/mp4
Media found for: xzgOBnMZ  header:  video/mp4
Media found for: DLHLepEG  header:  video/mp4
Media found for: QpVr1I6N  header:  video/mp4
Media found for: oIKB8PCi  header:  video/mp4
Media found for: d7YeAHqC  header:  video/mp4
Media found for: G2eEile0  header:  video/mp4
Media found for: LNwAYq6J  header:  video/mp4
Media found for: AoIgr8lb  header:  video/mp4
Media found for: CgcO4ygj  header:  video/mp4
Media found for: 4WZGhVil  header:  video/mp4
Media found for: hiEfkOpq  header:  video/mp4
Media found for: Gm3DLrZ5  header:  video/mp4
Media found for: BOKPi3tV  header:  video/mp4
Media found for: oVM0tafP  header:  video/mp4
Media found for: 0d02RlMP  header:  video/mp4
Media found for: XNSJWFjo  header:  video/mp4
Media found for: EJWJlOz7  header:  video/mp4
Media found for: tufRs6lz  header:  video/mp4
Media found for: lgFvQ6AC  header:  video/mp4
Media found for: x2H9B5zI  header:  video/mp4
Media NOT FOUND FOR ID: NC7cNFSm
url: https://cdn.jwplayer.com/v2/sites/rrdZdc0i/media/NC7cNFSm/playback.json?token=eyJhbGciOiJIUzI1NiIsInR5cCI6IkpXVCJ9.eyJyZXNvdXJjZSI6Ii92Mi9zaXRlcy9ycmRaZGMwaS9tZWRpYS9OQzdjTkZTbS9wbGF5YmFjay5qc29uIiwiZXhwIjoxNzc0NjY5MjAwfQ.O7qSUroIFYvYUehrEB6z0FSvyjasT_1cpw5wbDYyHi0
videoUrl:: https://videos-cloudfront.jwpsrv.com/69c7e7bd_70fe7b92d6c5f10be55a6617d5261074f662b9bb/content/conversions/rrdZdc0i/videos/NC7cNFSm-27419446.mp4
imageUrl:: https://assets-jpcust.jwpsrv.com/thumbnails/hu9mmvsi-1920.jpg
notFoundMediaUrls: [
  {
    id: 'NC7cNFSm',
    videoUrl: 'https://videos-cloudfront.jwpsrv.com/69c7e7bd_70fe7b92d6c5f10be55a6617d5261074f662b9bb/content/conversions/rrdZdc0i/videos/NC7cNFSm-27419446.mp4'
  },
  {
    id: 'NC7cNFSm',
    imageUrl: 'https://assets-jpcust.jwpsrv.com/thumbnails/hu9mmvsi-1920.jpg'
  }
]
Media found for: NWKS3igO  header:  video/mp4
Media found for: SGaHvhOU  header:  video/mp4
Media found for: wD6y1MjC  header:  video/mp4
Media found for: wNRtJnWp  header:  video/mp4
Media found for: 2vqzrrZU  header:  video/mp4
Media found for: DJ6y2fOz  header:  video/mp4
Media found for: mjVpTYqK  header:  video/mp4
Media found for: Jq8DRb8E  header:  video/mp4
Media found for: USyHw18Z  header:  video/mp4
Media found for: r3Lpi4du  header:  video/mp4
Media found for: I6Jrx4fQ  header:  video/mp4
Media found for: ggcEarbZ  header:  video/mp4
Media found for: I0K71Fui  header:  video/mp4
Media found for: W0eZ9heR  header:  video/mp4
Media found for: doD06Dst  header:  video/mp4
Media found for: zxw6WHuY  header:  video/mp4
Media found for: SCcR5Sfg  header:  video/mp4
Media found for: 8o9slkua  header:  video/mp4
Media found for: ROK8znft  header:  video/mp4
Media found for: sfxu31Yr  header:  video/mp4
Media found for: 83GGuBnK  header:  video/mp4
Media found for: wU6K6dGw  header:  video/mp4
Media found for: DHWD3nXl  header:  video/mp4
Media found for: nLsyb2IB  header:  video/mp4
Media found for: 2VLrOZQp  header:  video/mp4
Media found for: HZLgtGYz  header:  video/mp4
Media found for: KYCozuNE  header:  video/mp4
Media found for: 1FxRP3Ai  header:  video/mp4
Media found for: XRx9ZGzr  header:  video/mp4
Media found for: PLPgCspG  header:  video/mp4
Media found for: S3nkM3qM  header:  video/mp4
Media found for: lcQgDVwY  header:  video/mp4
Media found for: hXvgcuLu  header:  video/mp4
Media found for: nqY4h4E8  header:  video/mp4
Media found for: OhsFzjQ3  header:  video/mp4
Media found for: Hc4cwFbZ  header:  video/mp4
Media found for: go7nesEV  header:  video/mp4
Media found for: hihXAtDl  header:  video/mp4
Media found for: zt6GUHMH  header:  video/mp4
Media found for: GUSvTtCQ  header:  video/mp4
Media found for: IzSSUtUa  header:  video/mp4
Media found for: 1FbAeYhc  header:  video/mp4
Media found for: 7w8edVse  header:  video/mp4
Media found for: G1b2VQeA  header:  video/mp4
Media found for: INiYkusL  header:  video/mp4
Media found for: eqRGG8Vv  header:  video/mp4
Media found for: fC3xsgZD  header:  video/mp4
Media found for: le7SV5tR  header:  video/mp4
Media found for: dsbCtydF  header:  video/mp4
Media found for: XLZzHUqv  header:  video/mp4
Media found for: rPjr9MIF  header:  video/mp4
Media found for: PZliWBdD  header:  video/mp4
Media found for: YhSYgJx2  header:  video/mp4
Media found for: sOM24HJm  header:  video/mp4
Media found for: sjIP6Ex6  header:  video/mp4
Media found for: zfyJEK61  header:  video/mp4
Media found for: lHqC2qVE  header:  video/mp4
Media found for: BlpCPXMI  header:  video/mp4
Media found for: 9T095sn7  header:  video/mp4
Media found for: WsF3XgcS  header:  video/mp4
Media found for: CDPL0Ui2  header:  video/mp4
Media found for: oZ8C5qHF  header:  video/mp4
Media found for: FVp9ATbi  header:  video/mp4
Media found for: 37eTVt2x  header:  video/mp4
Media found for: RBXClbO6  header:  video/mp4
Media found for: YUNu1nyT  header:  video/mp4
Media found for: BuOSgGNc  header:  video/mp4
Media found for: r8VUEWS5  header:  video/mp4
Media found for: IHdjvHrc  header:  video/mp4
Media found for: gWSCtyBY  header:  video/mp4
Media found for: eBJ8AKqR  header:  video/mp4
Media found for: AHd2AlUg  header:  video/mp4
Media found for: OrOfY7mc  header:  video/mp4
Media found for: aTsV62vH  header:  video/mp4
Media found for: 5w832MY0  header:  video/mp4
Media found for: LdgXJ0Km  header:  video/mp4
Media found for: Id68oScK  header:  video/mp4
Media found for: jIBT1N1X  header:  video/mp4
Media found for: QR5sjJfX  header:  video/mp4
Media found for: jXudmlro  header:  video/mp4
Media found for: bgwRDZTV  header:  video/mp4
Media found for: Xi0j9Vq5  header:  video/mp4
Media found for: v4grll9W  header:  video/mp4
Media found for: YdXfGFSG  header:  video/mp4
Media found for: 0LiCr7wh  header:  video/mp4
Media found for: taLaCR59  header:  video/mp4
Media found for: kxkG8PGR  header:  video/mp4
Media found for: VX9J66Op  header:  video/mp4
Media found for: EuIfrKi6  header:  video/mp4
Media found for: PUs6dbu9  header:  video/mp4
Media found for: 53ziI4Yu  header:  video/mp4
Media found for: fCvHqBXE  header:  video/mp4
Media found for: nt2amJp8  header:  video/mp4
Media found for: vMdRW9Oy  header:  video/mp4
Media found for: EXgMD7ja  header:  video/mp4
Media found for: ZsKdk7nj  header:  video/mp4
Media found for: PFGa8nsN  header:  video/mp4
Media found for: pdF0a4iG  header:  video/mp4
Media found for: HZf6QMTn  header:  video/mp4
Media found for: ROhufQwz  header:  video/mp4
Media found for: AAS7GoGk  header:  video/mp4
Media found for: sX7Rnqt9  header:  video/mp4
Media found for: cG7aC0ko  header:  video/mp4
Media found for: Xsdpdb1J  header:  video/mp4
Media found for: ByHaYKLG  header:  video/mp4
Media found for: nJD5AkOo  header:  video/mp4
Media found for: e8O9gDlk  header:  video/mp4
Media found for: IXoH2t4m  header:  video/mp4
Media found for: HXu9vYwz  header:  video/mp4
Media found for: 2cKgdyD6  header:  video/mp4
Media found for: axkurG2q  header:  video/mp4
Media found for: 7d7krBtJ  header:  video/mp4
Media found for: y0ox8DHH  header:  video/mp4
Media found for: JNvMULhh  header:  video/mp4
Media found for: kX8UZidz  header:  video/mp4
Media found for: qQPnFOTT  header:  video/mp4
Media found for: SffI4jzC  header:  video/mp4
Media found for: 5FcU6SYh  header:  video/mp4
Media found for: 1jigOHqB  header:  video/mp4
Media found for: PWaQUNNm  header:  video/mp4
Media found for: iU12GVZd  header:  video/mp4
Media found for: r9N75ygo  header:  video/mp4
Media found for: hMcyJw0u  header:  video/mp4
Media found for: I9UilyKB  header:  video/mp4
Media found for: xs1Nus5n  header:  video/mp4
Media found for: 4Ww0QgpR  header:  video/mp4
Media found for: yEZCLKRU  header:  video/mp4
Media found for: yVNIWuOp  header:  video/mp4
Media found for: 65e3q1Sp  header:  video/mp4
Media found for: wLZi2FgE  header:  video/mp4
Media found for: aR3WitKi  header:  video/mp4
Media found for: JqOWfaLC  header:  video/mp4
Media found for: JGVr2xjy  header:  video/mp4
Media found for: thvj9iXY  header:  video/mp4
Media found for: ndUVX7Uy  header:  video/mp4
Media found for: TrauFiwr  header:  video/mp4
Media found for: pR9VLf5X  header:  video/mp4
Media found for: b8y6CHbM  header:  video/mp4
Media found for: QzeiEafN  header:  video/mp4
Media found for: CSGmDNk6  header:  video/mp4
Media found for: v9aWIjIz  header:  video/mp4
Media found for: 6tnmJ3Pk  header:  video/mp4
Media found for: T8Yn1YfG  header:  video/mp4
Media found for: vWJsDNvr  header:  video/mp4
Media found for: 9UZAbkrP  header:  video/mp4
Media found for: ZfcN3APS  header:  video/mp4
Media found for: hK4Cluoq  header:  video/mp4
Media found for: eR8rsBi0  header:  video/mp4
Media found for: h4DfMHdV  header:  video/mp4
Media found for: d45It1Kf  header:  video/mp4
Media found for: KL8bxmkx  header:  video/mp4
Media found for: IAzjWT0k  header:  video/mp4
Media found for: AJ9AXLJE  header:  video/mp4
Media found for: YP7ZEkzm  header:  video/mp4
Media found for: eHhuRtOX  header:  video/mp4
Media found for: cQCHzpsC  header:  video/mp4
Media found for: 6muMGgqV  header:  video/mp4
Media found for: njq0argU  header:  video/mp4
Media found for: 0DPCBbma  header:  video/mp4
Media found for: Z4vmoVi6  header:  video/mp4
Media found for: F0T3DkB3  header:  video/mp4
Media found for: f1cuaGpJ  header:  video/mp4
Media found for: eYAumRwZ  header:  video/mp4
siteId is: V0dMg1j2
Media found for: nGkJ2g1V  header:  video/mp4
Media found for: snwV0dHz  header:  video/mp4
Media found for: NnmOdSrO  header:  video/mp4
Media found for: LnKlI965  header:  video/mp4
Media found for: W3aUj6T8  header:  video/mp4
Media found for: v9tgVPQu  header:  video/mp4
Media found for: IOCdOFz9  header:  video/mp4
Media found for: srIZQTXL  header:  video/mp4
Media found for: RBpwG4nI  header:  video/mp4
Media found for: l0nscBx7  header:  video/mp4
Media found for: igXs0MEC  header:  video/mp4
Media found for: 3CoewfmU  header:  video/mp4
Media found for: NFdJsJCq  header:  video/mp4
Media found for: 6lEWDCSD  header:  video/mp4
Media found for: K4F6X7gT  header:  video/mp4
Media found for: P6GJRAif  header:  video/mp4
Media found for: wdowYtcg  header:  video/mp4
Media found for: yz12OLrY  header:  video/mp4
Media found for: 5IgZNXO8  header:  video/mp4
Media found for: piGtC2gg  header:  video/mp4
Media found for: wYxmFD41  header:  video/mp4
Media found for: uRfpdMEt  header:  video/mp4
Media found for: OYBqObvb  header:  video/mp4
Media found for: F2cNk9nB  header:  video/mp4
Media found for: ZF6lLOFF  header:  video/mp4
Media found for: PkwSNK6X  header:  video/mp4
Media found for: K4D0Jl5I  header:  video/mp4
Media found for: RNXTmoai  header:  video/mp4
Media found for: UYFouZVL  header:  video/mp4
Media found for: V4fLFWby  header:  video/mp4
Media found for: o1UVrwbg  header:  video/mp4
Media found for: vZDmw106  header:  video/mp4
Media found for: Z6X1e791  header:  video/mp4
Media found for: 6MoEegGo  header:  video/mp4
Media found for: 7GmGKCSv  header:  video/mp4
Media found for: koz71Yxy  header:  video/mp4
Media found for: xWttCBRd  header:  video/mp4
Media found for: u6qhp43X  header:  video/mp4
Media found for: 3DgQUNeQ  header:  video/mp4
Media found for: KkQYMeRR  header:  video/mp4
Media found for: DLbddZ7N  header:  video/mp4
Media found for: nNPFSCEI  header:  video/mp4
Media found for: pJZpEDSt  header:  video/mp4
Media found for: llf4Gfvl  header:  video/mp4
Media found for: SDngmDfd  header:  video/mp4
Media found for: L0WL0hCb  header:  video/mp4
Media found for: XrJyWo7f  header:  video/mp4
Media found for: 4V3hzUTc  header:  video/mp4
Media found for: offurT1S  header:  video/mp4
Media found for: oBliQ9Au  header:  video/mp4
Media found for: VjSV6Un2  header:  video/mp4
Media found for: LuemgOT4  header:  video/mp4
Media found for: 8ozM1RYn  header:  video/mp4
Media found for: DglOJHGj  header:  video/mp4
Media found for: km8Fx1CZ  header:  video/mp4
Media found for: MlxPkGrg  header:  video/mp4
Media found for: PQmP9pWc  header:  video/mp4
Media found for: LqpjSxeX  header:  video/mp4
Media found for: V27oNvsr  header:  video/mp4
Media found for: Ed58KY9n  header:  video/mp4
Media found for: bkelMgm1  header:  video/mp4
Media found for: iOmvUdcN  header:  video/mp4
Media found for: qYCSgIUV  header:  video/mp4
Media found for: ZiYCt7yb  header:  video/mp4
Media found for: Ot14mGoK  header:  video/mp4
Media found for: RnoWdb5V  header:  video/mp4
Media found for: I0FhC1UX  header:  video/mp4
Media found for: HNbb0lIn  header:  video/mp4
Media found for: yUKoKp6h  header:  video/mp4
Media found for: F6GhE5WI  header:  video/mp4
Media found for: BIJUJnwp  header:  video/mp4
Media found for: FPbgK9yB  header:  video/mp4
Media found for: ED0MKJRA  header:  video/mp4
Media found for: FQQ3hTeU  header:  video/mp4
Media found for: YSL6pCbG  header:  video/mp4
Media found for: I35gJ81D  header:  video/mp4
Media found for: nrfQniaC  header:  video/mp4
Media found for: 6Tk8xNH3  header:  video/mp4
Media found for: mUhfIXJU  header:  video/mp4
Media found for: M8AeLL54  header:  video/mp4
Media found for: OSiego6Y  header:  video/mp4
Media found for: K5uX06gW  header:  video/mp4
Media found for: F5Xndh5S  header:  video/mp4
Media found for: 2fNl9YYY  header:  video/mp4
Media found for: JV8XPS5p  header:  video/mp4
Media found for: DJCF5I3d  header:  video/mp4
Media found for: S26LaQci  header:  video/mp4
Media found for: RA6LOcx2  header:  video/mp4
Media found for: SYgy5Edw  header:  video/mp4
Media found for: tww4FeQL  header:  video/mp4
Media found for: xj1chJNL  header:  video/mp4
Media found for: OOmhGAYe  header:  video/mp4
Media found for: H1zG6VRU  header:  video/mp4
Media found for: F2Vkqk1j  header:  video/mp4
Media found for: ZxJ28zKR  header:  video/mp4
Media found for: 9MRARHDM  header:  video/mp4
Media found for: ovZXNO97  header:  video/mp4
Media found for: sFK0DS0h  header:  video/mp4
Media found for: iXxFGftI  header:  video/mp4
Media found for: jvix8Z5M  header:  video/mp4
Media found for: oXxA5j6G  header:  video/mp4
Media found for: BbQD6QXd  header:  video/mp4
Media found for: gG7XdPxJ  header:  video/mp4
Media found for: qxDiYnwO  header:  video/mp4
Media found for: HeIf4JKD  header:  video/mp4
Media found for: WQYhT0cD  header:  video/mp4
Media found for: 0ZVjA8J8  header:  video/mp4
Media found for: KGR1hJC4  header:  video/mp4
Media found for: eNptBnuO  header:  video/mp4
Media found for: xgryTITq  header:  video/mp4
Media found for: nPWbKTUz  header:  video/mp4
Media found for: 1f7tpq6e  header:  video/mp4
Media found for: j57fT9EG  header:  video/mp4
Media found for: 09iYmnlQ  header:  video/mp4
Media found for: JNcTnM8u  header:  video/mp4
Media found for: zgmLKyCB  header:  video/mp4
Media found for: MUIC8KvF  header:  video/mp4
Media found for: bcr9ba42  header:  video/mp4
Media found for: HC21qDna  header:  video/mp4
Media found for: QZj76MDw  header:  video/mp4
Media found for: MWnQfrXa  header:  video/mp4
Media found for: wBWfIQZN  header:  video/mp4
Media found for: kHSUY8i9  header:  video/mp4
Media found for: 7IWpscoR  header:  video/mp4
Media found for: 2Z8cjVaz  header:  video/mp4
Media found for: dYTiBsmr  header:  video/mp4
Media found for: 0YYQKNTQ  header:  video/mp4
Media found for: uxwPDX9T  header:  video/mp4
Media found for: X6OuPNWr  header:  video/mp4
Media found for: U8GCiocX  header:  video/mp4
Media found for: 4CLWDU2P  header:  video/mp4
Media found for: eFpOJaL0  header:  video/mp4
Media found for: HSZ1JOa9  header:  video/mp4
Media found for: sWYXnWKa  header:  video/mp4
Media found for: 9jTr25LE  header:  video/mp4
Media found for: gAxyADdX  header:  video/mp4
Media found for: eGDGoChI  header:  video/mp4
Media found for: pg85Akls  header:  video/mp4
Media found for: nOtbASSH  header:  video/mp4
Media found for: MfHQ95cg  header:  video/mp4
Media found for: VTx4Ah5o  header:  video/mp4
Media found for: gR47MW7K  header:  video/mp4
Media found for: enU75D6k  header:  video/mp4
Media found for: d9nxsIHn  header:  video/mp4
Media found for: xI1T2o53  header:  video/mp4
Media found for: lNLwIm8U  header:  video/mp4
Media found for: m2iLb7UI  header:  video/mp4
Media found for: vQATTfGP  header:  video/mp4
Media found for: VuwsanlC  header:  video/mp4
Media found for: tZ7KJvEp  header:  video/mp4
Media found for: wOXlq8XW  header:  video/mp4
Media found for: VGXIM0Wb  header:  video/mp4
Media found for: DPGatH7q  header:  video/mp4
Media found for: tBAkHEwk  header:  video/mp4
Media found for: nJBvzbjR  header:  video/mp4
Media found for: fzE6pLUh  header:  video/mp4
Media found for: SdGxK7WP  header:  video/mp4
Media found for: 1UwAA5OS  header:  video/mp4
Media found for: XOZfLCgp  header:  video/mp4
Media found for: lysMsoPw  header:  video/mp4
Media found for: UOle5hKm  header:  video/mp4
Media found for: PyCGDfOE  header:  video/mp4
Media found for: c8qzIBl3  header:  video/mp4
Media found for: 2Nxun2Jx  header:  video/mp4
Media found for: TWQeifxI  header:  video/mp4
Media found for: AKC2b6yw  header:  video/mp4
Media found for: Y6DITueR  header:  video/mp4
Media found for: HYB2sL9F  header:  video/mp4
Media found for: PATG2LcN  header:  video/mp4
Media found for: kN9wdjE4  header:  video/mp4
Media found for: 8xfoWts8  header:  video/mp4
Media found for: z6o1OuYH  header:  video/mp4
Media found for: sLcgyzek  header:  video/mp4
Media found for: bLKxIYZS  header:  video/mp4
Media found for: Och7c9oq  header:  video/mp4
Media found for: KBKmv9TU  header:  video/mp4
Media found for: yaNLbpyD  header:  video/mp4
Media found for: 8YgGaUGa  header:  video/mp4
Media found for: a01IzHDc  header:  video/mp4
Media found for: 4uLMPrmu  header:  video/mp4
Media found for: hIjoQEsb  header:  video/mp4
Media found for: K01qZafa  header:  video/mp4
Media found for: RQDAHZU4  header:  video/mp4
Media found for: rpP35tVh  header:  video/mp4
Media found for: J8FfSn3l  header:  video/mp4
Media found for: 25UH8hg6  header:  video/mp4
Media found for: BuT216W6  header:  video/mp4
Media found for: YeJraTlq  header:  video/mp4
Media found for: YA8lTABa  header:  video/mp4
Media found for: uZDueTGx  header:  video/mp4
Media found for: IJE6EJm6  header:  video/mp4
Media found for: auHXgd0o  header:  video/mp4
Media found for: mg75Ww3m  header:  video/mp4
Media found for: iddbc4ZS  header:  video/mp4
Media found for: EUgGZmkt  header:  video/mp4
Media found for: 2KyggkhT  header:  video/mp4
Media found for: gUH5Zi7e  header:  video/mp4
Media found for: 0ZlyPl2R  header:  video/mp4
Media found for: MMzfY91J  header:  video/mp4
Media found for: IgAG6xdW  header:  video/mp4
siteId is: wnXNgRL7
Media found for: vZvrJkyE  header:  video/mp4
Media found for: pjmfmszF  header:  video/mp4
Media found for: oMumH8dJ  header:  video/mp4
Media found for: S91GLYJK  header:  video/mp4
Media found for: csRzqETS  header:  video/mp4
Media found for: YNywUUK6  header:  video/mp4
Media found for: TrKIWwii  header:  video/mp4
Media found for: Fq5Gbsvn  header:  video/mp4
Media found for: ZyGUh35s  header:  video/mp4
Media found for: imVbqOQk  header:  video/mp4
Media found for: 7XDyfWiE  header:  video/mp4
Media found for: 6F7cwJJe  header:  video/mp4
Media found for: 1J96cZt2  header:  video/mp4
Media found for: sJxch5qL  header:  video/mp4
Media found for: beLfYxLx  header:  video/mp4
Media found for: buBXEoga  header:  video/mp4
Media found for: xTWJUVzJ  header:  video/mp4
Media found for: BHzYvTFb  header:  video/mp4
Media found for: xnbfPY8J  header:  video/mp4
Media found for: TdEa1HP2  header:  video/mp4
Media found for: Cdnq16ow  header:  video/mp4
Media found for: SCmhtZIN  header:  video/mp4
Media found for: ywAgWZon  header:  video/mp4
Media found for: Z91elUGD  header:  video/mp4
Media found for: q9Lj7Wcp  header:  video/mp4
Media found for: zYpC2uhE  header:  video/mp4
Media found for: QhsYtoVA  header:  video/mp4
Media found for: HDdjNMKH  header:  video/mp4
Media found for: HUE6hBxw  header:  video/mp4
Media found for: 3qhyWvwo  header:  video/mp4
Media found for: 6w8jVW3A  header:  video/mp4
Media found for: BCR7FtVV  header:  video/mp4
Media found for: otkSnWXT  header:  video/mp4
Media found for: YvHxg78O  header:  video/mp4
Media found for: NmbS7QTl  header:  video/mp4
Media found for: gnrD5WPc  header:  video/mp4
Media found for: AIwyNrZN  header:  video/mp4
Media found for: Jr0E8FMP  header:  video/mp4
Media found for: b5nWDn8r  header:  video/mp4
Media found for: 3D46EYRT  header:  video/mp4
Media found for: RXNGuBYZ  header:  video/mp4
Media found for: 4XmOVbHa  header:  video/mp4
Media found for: NFktelPV  header:  video/mp4
Media found for: qwO2bKF1  header:  video/mp4
Media found for: XeXzItyw  header:  video/mp4
Media found for: U5oOltYV  header:  video/mp4
Media found for: rSlZQOiA  header:  video/mp4
Media found for: 2S2bMalQ  header:  video/mp4
Media found for: gU6Y6TOW  header:  video/mp4
Media found for: JzHM0jd9  header:  video/mp4
Media found for: MSmrz54h  header:  video/mp4
Media found for: 99hyJkTS  header:  video/mp4
Media found for: Op3gsKel  header:  video/mp4
Media found for: yP8kVD1s  header:  video/mp4
Media found for: VM1NYnkE  header:  video/mp4
Media found for: 8ue4Qc1Y  header:  video/mp4
Media found for: 8W4HacyU  header:  video/mp4
Media found for: bMDuT3JT  header:  video/mp4
Media found for: DJRG2iZ0  header:  video/mp4
Media found for: F11hBLvF  header:  video/mp4
Media found for: CqPUxG68  header:  video/mp4
Media found for: 7QTWeh3H  header:  video/mp4
Media found for: JndYt1I5  header:  video/mp4
Media found for: Ei6bQ3PZ  header:  video/mp4
Media found for: JpmVQ4XZ  header:  video/mp4
Media found for: HWJlg9HT  header:  video/mp4
Media found for: ji6Wr24L  header:  video/mp4
Media found for: 57q86d1E  header:  video/mp4
Media found for: Iyf3Knjj  header:  video/mp4
Media found for: gNcNmUok  header:  video/mp4
Media found for: sLqCBoMb  header:  video/mp4
Media found for: ryvP3knH  header:  video/mp4
Media found for: YisvxLzT  header:  video/mp4
Media found for: KREooFbi  header:  video/mp4
Media found for: FbrjHmkX  header:  video/mp4
Media found for: yCgypbtl  header:  video/mp4
Media found for: XLDkdWzG  header:  video/mp4
Media found for: 6t4G6SDS  header:  video/mp4
Media found for: coNhlBvV  header:  video/mp4
Media found for: DF8yKYY0  header:  video/mp4
Media found for: z4Fhba6I  header:  video/mp4
Media found for: Vywm68jc  header:  video/mp4
Media found for: dVOA7gA0  header:  video/mp4
Media found for: R3EIpJRK  header:  video/mp4
Media found for: uOl6Li5a  header:  video/mp4
Media found for: FE3Gdgm9  header:  video/mp4
Media found for: AGOHUZ7v  header:  video/mp4
Media found for: msXzGxmj  header:  video/mp4
Media found for: wXnyZd4s  header:  video/mp4
Media found for: Ac2JsiXq  header:  video/mp4
Media found for: GfBCNrvq  header:  video/mp4
Media found for: aFkN9O4y  header:  video/mp4
Media found for: qcIrJBrV  header:  video/mp4
Media found for: Sj2fOcsF  header:  video/mp4
Media found for: QX5ArHHY  header:  video/mp4
Media found for: u9fkVvrA  header:  video/mp4
Media found for: e0ZLLWHv  header:  video/mp4
Media found for: XnnAHF0C  header:  video/mp4
Media found for: yZ0UTZDq  header:  video/mp4
Media found for: A5y7799B  header:  video/mp4
Media found for: 3qMgdtCa  header:  video/mp4
Media found for: qIhlYE9j  header:  video/mp4
Media found for: M7vAuOrb  header:  video/mp4
Media found for: tohALDxZ  header:  video/mp4
Media found for: wc5hl5a2  header:  video/mp4
Media found for: htRbNxfC  header:  video/mp4
Media found for: ZEqpT2e6  header:  video/mp4
Media found for: sxqCbLo1  header:  video/mp4
Media found for: 73hywUmm  header:  video/mp4
Media found for: 7x1k2sZa  header:  video/mp4
Media found for: IB84D8CR  header:  video/mp4
Media found for: 2qJ1aT8A  header:  video/mp4
Media found for: eBiA8dDp  header:  video/mp4
Media found for: wUIHTUf2  header:  video/mp4
Media found for: ybpqDCw6  header:  video/mp4
Media found for: LjKfGRyk  header:  video/mp4
Media found for: zPFsmuDo  header:  video/mp4
Media found for: uNO0dvpn  header:  video/mp4
Media found for: lSniojXy  header:  video/mp4
Media found for: EWHt1tZh  header:  video/mp4
Media found for: o2vQRW1t  header:  video/mp4
Media found for: 6paXjsr5  header:  video/mp4
Media found for: Ad8r7aoo  header:  video/mp4
Media found for: BLi5T3ZS  header:  video/mp4
Media found for: pEv8BLqb  header:  video/mp4
Media found for: WMPs9xBJ  header:  video/mp4
Media found for: lKSQfoiA  header:  video/mp4
Media found for: i7DSDLCf  header:  video/mp4
Media found for: wwiPMAKx  header:  video/mp4
Media found for: ML4x24f2  header:  video/mp4
Media found for: EULvzqH8  header:  video/mp4
Media found for: wCedualq  header:  video/mp4
Media found for: n7gzNvKR  header:  video/mp4
Media found for: 3tTUyKJ2  header:  video/mp4
Media found for: MWAKXciB  header:  video/mp4
Media found for: FTDDi6qr  header:  video/mp4
Media found for: 45wKZ1CR  header:  video/mp4
Media found for: RPZOUkXa  header:  video/mp4
Media found for: us3nmCWa  header:  video/mp4
Media found for: 3yMerY38  header:  video/mp4
Media found for: 8WozLyrE  header:  video/mp4
Media found for: wNPydszE  header:  video/mp4
Media found for: BMSFH5A5  header:  video/mp4
Media found for: CjeLykjD  header:  video/mp4
Media found for: X0DWbiH6  header:  video/mp4
Media found for: OTdeKWnN  header:  video/mp4
Media found for: 7sg6jfXd  header:  video/mp4
Media found for: 9Tg0OwST  header:  video/mp4
Media found for: 8jHSmbak  header:  video/mp4
Media found for: dx8IFRXA  header:  video/mp4
Media found for: j0rfioDW  header:  video/mp4
Media found for: gANfNhHR  header:  video/mp4
Media found for: YELjO6l1  header:  video/mp4
Media found for: jIjjKjrX  header:  video/mp4
Media found for: 3WkMlvrq  header:  video/mp4
Media found for: CJoWXJGz  header:  video/mp4
Media found for: tXcWVbMj  header:  video/mp4
Media found for: CR8pUyIr  header:  video/mp4
Media found for: Qkw0FPZ0  header:  video/mp4
Media found for: 4NgK1Ssw  header:  video/mp4
Media found for: AghuVbdY  header:  video/mp4
Media found for: EjJF5IsB  header:  video/mp4
Media found for: Bzagbj6c  header:  video/mp4
Media found for: ZYqzafEy  header:  video/mp4
Media found for: JBRwYM0d  header:  video/mp4
Media found for: tHuo0Z2z  header:  video/mp4
Media found for: jpgXehTZ  header:  video/mp4
Media found for: PcZsIjDq  header:  video/mp4
Media found for: 4L3Vcejh  header:  video/mp4
Media found for: HnrpFW8R  header:  video/mp4
Media found for: 1VKNhnLN  header:  video/mp4
Media found for: SwPfjTBQ  header:  video/mp4
Media found for: ZhAC6sGj  header:  video/mp4
Media found for: uD8yJco2  header:  video/mp4
Media found for: IIfZ9VGU  header:  video/mp4
Media NOT FOUND FOR ID: By99zJFw
url: https://cdn.jwplayer.com/v2/sites/wnXNgRL7/media/By99zJFw/playback.json?token=eyJhbGciOiJIUzI1NiIsInR5cCI6IkpXVCJ9.eyJyZXNvdXJjZSI6Ii92Mi9zaXRlcy93blhOZ1JMNy9tZWRpYS9CeTk5ekpGdy9wbGF5YmFjay5qc29uIiwiZXhwIjoxNzc0NjY5MjAwfQ.BDZy6dI4TzdBcdFlLjHPQM4lTWj37otFlDTQqmRpm-g
videoUrl:: https://videos-cloudfront.jwpsrv.com/69c7e81f_7177513047de693f0ba43433d91839a0bf43451f/content/conversions/wnXNgRL7/videos/By99zJFw-28626225.mp4
imageUrl:: https://assets-jpcust.jwpsrv.com/thumbnails/6rxkbm9c-1920.jpg
notFoundMediaUrls: [
  {
    id: 'By99zJFw',
    videoUrl: 'https://videos-cloudfront.jwpsrv.com/69c7e81f_7177513047de693f0ba43433d91839a0bf43451f/content/conversions/wnXNgRL7/videos/By99zJFw-28626225.mp4'
  },
  {
    id: 'By99zJFw',
    imageUrl: 'https://assets-jpcust.jwpsrv.com/thumbnails/6rxkbm9c-1920.jpg'
  }
]
Media found for: swFUQS8W  header:  video/mp4
Media found for: VbaWwRpU  header:  video/mp4
Media found for: wwCzAcwX  header:  video/mp4
Media found for: LI60MKQW  header:  video/mp4
Media found for: nEGHIdWF  header:  video/mp4
Media found for: hIrD2lR4  header:  video/mp4
Media found for: v7yeO9cJ  header:  video/mp4
Media found for: YxzqgwWG  header:  video/mp4
Media found for: 05opOYM5  header:  video/mp4
Media found for: XENxlq9O  header:  video/mp4
Media found for: dYYSrk32  header:  video/mp4
Media found for: ztgvLSLZ  header:  video/mp4
Media found for: 6yQslqtt  header:  video/mp4
Media found for: IErm1xOa  header:  video/mp4
Media found for: TfodkSfx  header:  video/mp4
Media found for: V3c8S3b9  header:  video/mp4
Media found for: x8iUXyTi  header:  video/mp4
Media found for: 28Th7YhA  header:  video/mp4
Media found for: vD7Cy2QU  header:  video/mp4
Media found for: t5A27NQh  header:  video/mp4
Media found for: dytcAeWF  header:  video/mp4
Media found for: ZyHmEGx7  header:  video/mp4
Media found for: H16VYavq  header:  video/mp4
Media found for: 3l5ZpGhN  header:  video/mp4
Media found for: 2mdNI5cG  header:  video/mp4
Media found for: yDZ1kpAE  header:  video/mp4
Media found for: pQmbFR4e  header:  video/mp4
Media found for: fMnCL3iQ  header:  video/mp4
Media found for: HwPSRaCx  header:  video/mp4
Media found for: HQJXislL  header:  video/mp4
Media found for: 1J3N1hNY  header:  video/mp4
Media found for: O9MkPVmc  header:  video/mp4
Media found for: pwynMPq4  header:  video/mp4
Media found for: uLXKxr9Q  header:  video/mp4
Media found for: b97a2sn9  header:  video/mp4
Media found for: Fy4imQMj  header:  video/mp4
Media found for: OVlTjX8U  header:  video/mp4
Media found for: MgGXj0KW  header:  video/mp4
Media found for: D9FRhmZk  header:  video/mp4
Media found for: f44dZY1A  header:  video/mp4
Media found for: dnaB5YFO  header:  video/mp4
Media found for: 00lRO5Jp  header:  video/mp4
Media found for: OKUFpZYM  header:  video/mp4
Media found for: l89Q2avH  header:  video/mp4
Media found for: 9yDQolUh  header:  video/mp4
Media found for: FhLbTdfm  header:  video/mp4
Media found for: TBCjHvgF  header:  video/mp4
Media found for: 4x4i6XEI  header:  video/mp4
Media found for: qHqbCajo  header:  video/mp4
Media found for: 1jzR07UG  header:  video/mp4
Media found for: CpzM7O0x  header:  video/mp4
Media found for: Zut5Jizp  header:  video/mp4
Media found for: HQo3ijAC  header:  video/mp4
Media found for: 8VsZj01P  header:  video/mp4
Media found for: gByFomlQ  header:  video/mp4
Media found for: t6IzKswG  header:  video/mp4
Media found for: D2miu6VC  header:  video/mp4
Media found for: 3cG5q7jp  header:  video/mp4
Media found for: Kfjeyzcz  header:  video/mp4
Media found for: QUn78lkd  header:  video/mp4
Media found for: lKh0DCVn  header:  video/mp4
Media found for: rqEeBKQC  header:  video/mp4
Media found for: lap7I37M  header:  video/mp4
Media found for: Oq0DkSpv  header:  video/mp4
Media found for: J3X9SNoH  header:  video/mp4
Media found for: co4drqVt  header:  video/mp4
Media found for: Mk872j25  header:  video/mp4
Media found for: 30UiZZ9s  header:  video/mp4
Media found for: 9wg1i3ZM  header:  video/mp4
Media found for: pdYFtOwU  header:  video/mp4
Media found for: GSEq8ODl  header:  video/mp4
Media found for: A8bjvYPB  header:  video/mp4
Media found for: DL6U9M5y  header:  video/mp4
siteId is: gabeKBmV
Media found for: wFAmUnfI  header:  video/mp4
Media found for: YIdVsF9G  header:  video/mp4
Media found for: dfCjNdVp  header:  video/mp4
Media found for: NrhgIDrt  header:  video/mp4
Media found for: rXykrwvS  header:  video/mp4
Media found for: yCLzbbTA  header:  video/mp4
Media found for: 4ipXmgQ3  header:  video/mp4
Media found for: stUhT3Ji  header:  video/mp4
Media found for: aVWfYSNQ  header:  video/mp4
Media found for: Mm7QDlpZ  header:  video/mp4
Media found for: qh6PIz30  header:  video/mp4
Media found for: zgJ14onx  header:  video/mp4
Media found for: yVn9Pfql  header:  video/mp4
Media found for: IDw9vsur  header:  video/mp4
Media found for: YIHLDt4h  header:  video/mp4
Media found for: RJohvvdu  header:  video/mp4
Media found for: w2cgoppS  header:  video/mp4
Media found for: J0TjDwQU  header:  video/mp4
Media found for: FpAAkOVm  header:  video/mp4
Media found for: Lsy5FFVP  header:  video/mp4
siteId is: DbaGgv2V
Media found for: nNFNbfwf  header:  video/mp4
Media found for: tVHhlZo8  header:  video/mp4
Media found for: RH2ZPuYj  header:  video/mp4
Media found for: IE8N6rj0  header:  video/mp4
Media found for: OudebnwK  header:  video/mp4
Media found for: DGNowNkm  header:  video/mp4
siteId is: 3Ca2GzOj
Media found for: BcJ2Y48e  header:  video/mp4
Media found for: 3i5BhWsL  header:  video/mp4
Media found for: Xj2uDwQh  header:  video/mp4
Media found for: EtnO0Vtf  header:  video/mp4
Media found for: HqUmLfiw  header:  video/mp4
Media found for: V5spR42Y  header:  video/mp4
Media found for: Q0aevYWT  header:  video/mp4
Media found for: wrlm5MIV  header:  video/mp4
Media found for: pdiH75nh  header:  video/mp4
Media found for: kLp7tF06  header:  video/mp4
Media found for: uY3tcdJG  header:  video/mp4
Media found for: KTI6Ph7n  header:  video/mp4
Media found for: Sl68synV  header:  video/mp4
Media found for: OSdlveP6  header:  video/mp4
Media found for: SmQS6RD1  header:  video/mp4
Media found for: aPC1mNhk  header:  video/mp4
Media found for: MBsR9phA  header:  video/mp4
Media found for: IGKYmOzD  header:  video/mp4
Media found for: ZqoiitYo  header:  video/mp4
Media found for: kbNy3ZzC  header:  video/mp4
Media found for: 5Kjv2p3o  header:  video/mp4
Media found for: 4U3MP2S8  header:  video/mp4
Media found for: w6DKJtD8  header:  video/mp4
Media found for: NGYnhmB6  header:  video/mp4
Media found for: jcdkpXuQ  header:  video/mp4
Media found for: Yys347Z4  header:  video/mp4
Media found for: DGOlxY9Q  header:  video/mp4
Media found for: gw2N7Ja6  header:  video/mp4
Media found for: UDdKDktW  header:  video/mp4
Media found for: 4G2k4OlC  header:  video/mp4
Media found for: 06cGR2Q2  header:  video/mp4
Media found for: CL85Pxze  header:  video/mp4
Media found for: mluyJrbG  header:  video/mp4
Media found for: oR7Zim20  header:  video/mp4
Media found for: Z47a15Sc  header:  video/mp4
Media found for: Ad7yzvaP  header:  video/mp4
Media found for: 3UyBdgLD  header:  video/mp4
Media found for: im2IVIvh  header:  video/mp4
Media found for: VcgglsBY  header:  video/mp4
Media found for: fd1Eqxpw  header:  video/mp4
Media found for: g42klyMI  header:  video/mp4
Media found for: sZFvDKGp  header:  video/mp4
Media found for: YafYEny9  header:  video/mp4
Media found for: WC9gSX9Y  header:  video/mp4
Media found for: 2kN2QRsl  header:  video/mp4
Media found for: pjlUgELG  header:  video/mp4
Media found for: gS76b6p6  header:  video/mp4
Media found for: mA7cswmZ  header:  video/mp4
Media found for: WM4rCt0t  header:  video/mp4
Media found for: Yio1muKb  header:  video/mp4
Media found for: aD6nulpR  header:  video/mp4
Media found for: moMzlVJC  header:  video/mp4
Media found for: FCzr05Qy  header:  video/mp4
Media found for: iGtaz9HV  header:  video/mp4
Media found for: y4BvCtbU  header:  video/mp4
Media found for: XLgor0Oz  header:  video/mp4
Media found for: ulQbMyS3  header:  video/mp4
Media found for: xym3vQIu  header:  video/mp4
Media found for: pVn6ImMS  header:  video/mp4
Media found for: vyikCUZR  header:  video/mp4
Media found for: xcg1IOAg  header:  video/mp4
Media found for: IuTAmB7k  header:  video/mp4
Media found for: fqJB3mp8  header:  video/mp4
Media found for: GmaldaIZ  header:  video/mp4
Media found for: VUf68fYN  header:  video/mp4
Media found for: izD7SmyO  header:  video/mp4
Media found for: COVq8mEW  header:  video/mp4
Media found for: M48JoIt0  header:  video/mp4
Media found for: x8Cs2Hfg  header:  video/mp4
Media found for: Y0ieVxSs  header:  video/mp4
Media found for: kDCX6yym  header:  video/mp4
Media found for: dqWENtho  header:  video/mp4
Media found for: aIYgDH7b  header:  video/mp4
Media found for: xK0I0Fue  header:  video/mp4
mediaUrls is: [{"id":"mhTcjWU4","videoUrl":"https://videos-cloudfront.jwpsrv.com/69c7e571_11811d4de7a99cad0077a0c796872e8b1b8d1241/content/conversions/a7WRo0m6/videos/mhTcjWU4-26910841.mp4"},{"id":"mhTcjWU4","imageUrl":"https://assets-jpcust.jwpsrv.com/thumbnails/n9yv0zi5-1920.jpg"},{"id":"nx0tUFQV","videoUrl":"https://videos-cloudfront.jwpsrv.com/69c7e569_0f0ec5e2f8c628a218c9f2a960b35413def86675/content/conversions/a7WRo0m6/videos/nx0tUFQV-26910841.mp4"},{"id":"nx0tUFQV","imageUrl":"https://assets-jpcust.jwpsrv.com/thumbnails/nwxym1uk-1920.jpg"},{"id":"ZGgV0BJ0","videoUrl":"https://videos-cloudfront.jwpsrv.com/69c7e56f_726a4bdc60d1d820822ec097d0e15d3eec971c66/content/conversions/a7WRo0m6/videos/ZGgV0BJ0-26910841.mp4"},{"id":"ZGgV0BJ0","imageUrl":"https://assets-jpcust.jwpsrv.com/thumbnails/qdomde1v-1920.jpg"},{"id":"OiGAW1Db","videoUrl":"https://videos-cloudfront.jwpsrv.com/69c7e4ff_a07c8ebd52695b434b6a04a88c4b100eed5e233a/content/conversions/a7WRo0m6/videos/OiGAW1Db-26910841.mp4"},{"id":"OiGAW1Db","imageUrl":"https://assets-jpcust.jwpsrv.com/thumbnails/pvw2v54m-1920.jpg"},{"id":"hEhEmBu7","videoUrl":"https://videos-cloudfront.jwpsrv.com/69c7e5e2_ae6df64e15a2d26901c03f8e3f3369bce70f1e8c/content/conversions/a7WRo0m6/videos/hEhEmBu7-26910841.mp4"},{"id":"hEhEmBu7","imageUrl":"https://assets-jpcust.jwpsrv.com/thumbnails/lnx1zpud-1920.jpg"},{"id":"UKHu5Qya","videoUrl":"https://videos-cloudfront.jwpsrv.com/69c7e7bd_3bbea829e5614c1e2ff3638715b64b69b93a09a2/content/conversions/hmPC8aAh/videos/UKHu5Qya-27042325.mp4"},{"id":"UKHu5Qya","imageUrl":"https://assets-jpcust.jwpsrv.com/thumbnails/7jnj1ixl-1920.jpg"},{"id":"IY7V60l9","videoUrl":"https://videos-cloudfront.jwpsrv.com/69c7e7e2_61e8173c327f67a9cd8e80bfee82ce42a982ce6b/content/conversions/hmPC8aAh/videos/IY7V60l9-27042325.mp4"},{"id":"IY7V60l9","imageUrl":"https://assets-jpcust.jwpsrv.com/thumbnails/d7f2ghdp-1920.jpg"},{"id":"fqQ7hikI","videoUrl":"https://videos-cloudfront.jwpsrv.com/69c7e749_679d0c890db5f0b8aff34471f2121cacfa63a4d4/content/conversions/hmPC8aAh/videos/fqQ7hikI-27042320.mp4"},{"id":"fqQ7hikI","imageUrl":"https://assets-jpcust.jwpsrv.com/thumbnails/o4gm0w28-1920.jpg"},{"id":"RdlujLlF","videoUrl":"https://videos-cloudfront.jwpsrv.com/69c7e7ed_3b0e8eb61c9accc45408d8f2d40915cc0e8725ff/content/conversions/hmPC8aAh/videos/RdlujLlF-27042320.mp4"},{"id":"RdlujLlF","imageUrl":"https://assets-jpcust.jwpsrv.com/thumbnails/9d600rm1-1920.jpg"},{"id":"uxlE048G","videoUrl":"https://videos-cloudfront.jwpsrv.com/69c7e6f3_22337090f2025daacc848886d8b5dcb912f2ad08/content/conversions/hmPC8aAh/videos/uxlE048G-27042322.mp4"},{"id":"uxlE048G","imageUrl":"https://assets-jpcust.jwpsrv.com/thumbnails/uc3dldbh-1920.jpg"},{"id":"pVULTDeL","videoUrl":"https://videos-cloudfront.jwpsrv.com/69c7e794_3efe5dc8de472ca6dff040b289ddf87b6a01f9d3/content/conversions/hmPC8aAh/videos/pVULTDeL-27042325.mp4"},{"id":"pVULTDeL","imageUrl":"https://assets-jpcust.jwpsrv.com/thumbnails/omrjiksa-1920.jpg"},{"id":"Ib7Taa7o","videoUrl":"https://videos-cloudfront.jwpsrv.com/69c7e764_c7d9007e0e6fb9c65508c6b5523cc40a018cdd9d/content/conversions/hmPC8aAh/videos/Ib7Taa7o-27042325.mp4"},{"id":"Ib7Taa7o","imageUrl":"https://assets-jpcust.jwpsrv.com/thumbnails/yhheyda7-1920.jpg"},{"id":"JtK3HT6n","videoUrl":"https://videos-cloudfront.jwpsrv.com/69c7e70f_24e55dba0413e9a5f0584164a8434872a745792f/content/conversions/hmPC8aAh/videos/JtK3HT6n-27042320.mp4"},{"id":"JtK3HT6n","imageUrl":"https://assets-jpcust.jwpsrv.com/thumbnails/4xe5xaif-1920.jpg"},{"id":"C27NSsu6","videoUrl":"https://videos-cloudfront.jwpsrv.com/69c7e70e_199b5588624371728b372ca2e5bff619e3f8957c/content/conversions/hmPC8aAh/videos/C27NSsu6-27042320.mp4"},{"id":"C27NSsu6","imageUrl":"https://assets-jpcust.jwpsrv.com/thumbnails/sdhxv0y1-1920.jpg"},{"id":"bgXNzcep","videoUrl":"https://videos-cloudfront.jwpsrv.com/69c7e7c6_ba6c383a89c7715313e84288fe72209af8986bfa/content/conversions/hmPC8aAh/videos/bgXNzcep-27042320.mp4"},{"id":"bgXNzcep","imageUrl":"https://assets-jpcust.jwpsrv.com/thumbnails/6u2ohlrq-1920.jpg"},{"id":"cXSX6spq","videoUrl":"https://videos-cloudfront.jwpsrv.com/69c7e79e_359e4fc333fca709b3254a249cfa43e998fd6026/content/conversions/rrdZdc0i/videos/cXSX6spq-27419446.mp4"},{"id":"cXSX6spq","imageUrl":"https://assets-jpcust.jwpsrv.com/thumbnails/hl6a4vl0-1920.jpg"},{"id":"NC7cNFSm","videoUrl":"https://videos-cloudfront.jwpsrv.com/69c7e7bd_70fe7b92d6c5f10be55a6617d5261074f662b9bb/content/conversions/rrdZdc0i/videos/NC7cNFSm-27419446.mp4"},{"id":"NC7cNFSm","imageUrl":"https://assets-jpcust.jwpsrv.com/thumbnails/hu9mmvsi-1920.jpg"},{"id":"By99zJFw","videoUrl":"https://videos-cloudfront.jwpsrv.com/69c7e81f_7177513047de693f0ba43433d91839a0bf43451f/content/conversions/wnXNgRL7/videos/By99zJFw-28626225.mp4"},{"id":"By99zJFw","imageUrl":"https://assets-jpcust.jwpsrv.com/thumbnails/6rxkbm9c-1920.jpg"}]
